longitude,latitude,housing_median_age,total_rooms,total_bedrooms,population,households,median_income,ocean_proximity,income_cat,Actual_price,Predicted_Price
-119.01,36.06,25.0,1505.0,,1392.0,359.0,1.6812,INLAND,2,47700.0,48213.96769563728
-119.46,35.14,30.0,2943.0,,1565.0,584.0,2.5313,INLAND,2,45800.0,80656.82544698447
-122.44,37.8,52.0,3830.0,,1310.0,963.0,3.4801,NEAR BAY,3,500001.0,361483.6411350741
-118.72,34.28,17.0,3051.0,,1705.0,495.0,5.7376,<1H OCEAN,4,218600.0,269049.3537980599
-121.93,36.62,34.0,2351.0,,1063.0,428.0,3.725,NEAR OCEAN,3,278000.0,269612.7292319666
-117.61,34.08,12.0,4427.0,,2400.0,843.0,4.7147,INLAND,4,158700.0,182899.4385524377
-118.02,33.89,36.0,1375.0,,670.0,221.0,5.0839,<1H OCEAN,4,198200.0,269754.7661082292
-118.08,33.92,38.0,1335.0,,1011.0,269.0,3.6908,<1H OCEAN,3,157500.0,203281.46961102533
-122.08,37.39,4.0,2292.0,,1050.0,584.0,4.8036,NEAR BAY,4,340000.0,266726.22025062895
-118.23,34.18,45.0,2332.0,,943.0,339.0,8.1132,<1H OCEAN,5,446600.0,453465.04496868607
-120.37,38.01,30.0,473.0,,242.0,93.0,2.5417,INLAND,2,123200.0,134687.04684974777
-118.12,34.08,35.0,2248.0,,1762.0,622.0,3.0,<1H OCEAN,2,253900.0,186763.83178165887
-117.91,33.76,20.0,4413.0,,4818.0,1063.0,2.8594,<1H OCEAN,2,215100.0,158855.75015884306
-119.19,34.2,18.0,3620.0,,3171.0,779.0,3.3409,NEAR OCEAN,3,220500.0,222966.8976659307
-117.98,33.92,27.0,3700.0,,1793.0,552.0,5.3668,<1H OCEAN,4,219800.0,241465.10280588534
-117.91,34.02,22.0,6269.0,,5587.0,1251.0,3.8201,<1H OCEAN,3,136200.0,202990.6108661378
-122.1,37.69,41.0,746.0,,387.0,161.0,3.9063,NEAR BAY,3,178400.0,250757.19316409496
-121.02,37.48,26.0,467.0,,244.0,83.0,4.1346,INLAND,3,187500.0,190995.42677400273
-117.05,32.75,36.0,2024.0,,1030.0,390.0,3.8233,NEAR OCEAN,3,139800.0,176441.63307431052
-120.97,37.43,27.0,1380.0,,810.0,262.0,2.1875,INLAND,2,137500.0,107456.23973926844
-122.16,37.45,47.0,4234.0,,1808.0,1093.0,4.2297,NEAR BAY,3,425000.0,279815.99046827434
-118.37,34.07,50.0,2519.0,,1117.0,516.0,4.3667,<1H OCEAN,3,405600.0,352234.6414848338
-119.73,36.83,8.0,3602.0,,1959.0,580.0,5.3478,INLAND,4,138800.0,167784.7562046238
-122.39,37.59,32.0,4497.0,,1846.0,715.0,6.1323,NEAR OCEAN,5,500001.0,407802.11215725826
-117.14,32.9,16.0,3217.0,,2054.0,687.0,4.2234,<1H OCEAN,3,162100.0,170774.36880784764
-119.38,36.53,38.0,1281.0,,1423.0,293.0,1.9602,INLAND,2,51400.0,46707.96971698547
-118.36,33.96,26.0,3543.0,,2742.0,951.0,2.5504,<1H OCEAN,2,151300.0,176841.66689747068
-124.13,40.55,38.0,544.0,,240.0,91.0,3.25,<1H OCEAN,3,94800.0,159412.20706603196
-121.98,37.96,22.0,2987.0,,1420.0,540.0,3.65,INLAND,3,204100.0,122589.25439078509
-118.3,33.72,35.0,2790.0,,1167.0,441.0,6.2028,NEAR OCEAN,5,361500.0,382888.76224094915
-122.17,37.75,38.0,992.0,,732.0,259.0,1.6196,NEAR BAY,2,85100.0,165894.26715799747
-118.31,34.03,47.0,1315.0,,785.0,245.0,1.23,<1H OCEAN,1,138400.0,204401.75319952474
-117.23,32.75,5.0,1824.0,,892.0,426.0,3.4286,NEAR OCEAN,3,137500.0,228895.07221380883
-122.08,37.37,29.0,1229.0,,707.0,194.0,7.1108,NEAR BAY,5,465000.0,427600.01857285283
-122.5,37.75,44.0,1819.0,,1137.0,354.0,3.4919,NEAR OCEAN,3,271800.0,259113.1086925486
-118.5,34.46,17.0,10267.0,,4956.0,1483.0,5.5061,<1H OCEAN,4,239400.0,255455.9555000125
-122.39,37.6,34.0,707.0,,381.0,156.0,4.375,NEAR OCEAN,3,340900.0,329347.44774786825
-117.96,34.03,35.0,2093.0,,1755.0,403.0,3.4115,<1H OCEAN,3,150400.0,190963.97760623408
-121.13,38.87,48.0,1127.0,,530.0,186.0,3.0917,INLAND,3,128100.0,152840.35138697742
-118.17,33.98,41.0,756.0,,873.0,212.0,2.7321,<1H OCEAN,2,156000.0,182661.26664762184
-118.75,34.29,17.0,5512.0,,2734.0,814.0,6.6073,<1H OCEAN,5,258100.0,315528.6047591375
-119.45,36.61,24.0,1302.0,,693.0,243.0,3.7917,INLAND,3,90500.0,140027.03879294475
-120.85,37.78,25.0,421.0,,303.0,106.0,2.2679,INLAND,2,71300.0,118804.63349040794
-117.98,33.73,18.0,3833.0,,2192.0,996.0,3.4679,<1H OCEAN,3,219700.0,188286.87071741492
-117.65,34.04,15.0,3393.0,,2039.0,611.0,3.9336,INLAND,3,151000.0,140555.1952411768
-118.43,34.2,28.0,3386.0,,2240.0,737.0,3.0221,<1H OCEAN,3,290100.0,201733.9864440775
-117.03,32.73,34.0,2061.0,,1169.0,400.0,3.5096,NEAR OCEAN,3,142000.0,165772.96165286854
-117.09,32.77,31.0,3062.0,,1263.0,539.0,3.0875,NEAR OCEAN,3,291500.0,156717.34496215516
-118.3,33.73,42.0,1731.0,,866.0,403.0,2.7451,NEAR OCEAN,2,255400.0,231290.13874655825
-124.06,40.86,34.0,4183.0,,1891.0,669.0,3.2216,NEAR OCEAN,3,98100.0,128974.19460299666
-122.91,38.46,18.0,2021.0,,912.0,329.0,4.5,<1H OCEAN,3,251900.0,246841.86930839383
-118.28,34.25,29.0,2559.0,,1886.0,769.0,2.6036,<1H OCEAN,2,162100.0,161011.60293368233
-116.95,32.84,31.0,1307.0,,752.0,231.0,3.4286,<1H OCEAN,3,129400.0,200905.58138282623
-120.4,37.3,28.0,1401.0,,967.0,257.0,1.5917,INLAND,2,89400.0,84466.3162202849
-118.18,34.04,42.0,1670.0,,1997.0,452.0,2.788,<1H OCEAN,2,150500.0,169871.79452893545
-119.33,36.3,11.0,3045.0,,1563.0,516.0,5.4337,INLAND,4,133800.0,167804.39057327225
-117.22,34.11,26.0,2972.0,,1972.0,532.0,2.0388,INLAND,2,80400.0,81901.0871851747
-117.91,34.05,35.0,3189.0,,1727.0,500.0,5.0758,<1H OCEAN,4,211100.0,247656.80931543323
-117.2,32.79,29.0,1213.0,,654.0,246.0,4.5987,NEAR OCEAN,4,255600.0,278981.5403200749
-117.34,33.94,13.0,7910.0,,3382.0,1176.0,5.5563,INLAND,4,214500.0,174209.2365511569
-118.1,33.74,32.0,2035.0,,934.0,512.0,4.2287,NEAR OCEAN,3,500001.0,263807.09211875044
-118.36,34.05,42.0,1372.0,,674.0,271.0,2.8793,<1H OCEAN,2,202100.0,264675.60635350464
-120.93,37.73,14.0,2799.0,,2294.0,596.0,2.6343,INLAND,2,81500.0,101266.95585086395
-124.0,40.92,29.0,1429.0,,672.0,266.0,2.9485,<1H OCEAN,2,98800.0,141460.79027200083
-117.98,33.68,24.0,4177.0,,1704.0,606.0,6.2473,<1H OCEAN,5,281900.0,275463.8918241142
-118.26,33.83,24.0,3059.0,,2064.0,629.0,3.5518,<1H OCEAN,3,184600.0,198461.33866565145
-122.41,38.16,37.0,1549.0,,863.0,275.0,2.7457,NEAR BAY,2,254700.0,197277.179693663
-121.95,38.03,5.0,5526.0,,3207.0,1012.0,4.0767,INLAND,3,143100.0,132793.95345958116
-118.28,34.06,42.0,2472.0,,3795.0,1179.0,1.2254,<1H OCEAN,1,162500.0,163808.40695685978
-118.17,34.06,43.0,464.0,,416.0,120.0,2.475,<1H OCEAN,2,142600.0,210890.7912618769
-120.67,40.5,15.0,5343.0,,2503.0,902.0,3.5962,INLAND,3,85900.0,114405.96394011327
-122.14,37.67,37.0,3342.0,,1635.0,557.0,4.7933,NEAR BAY,4,186900.0,238242.38100346603
-119.68,36.79,16.0,1551.0,,1010.0,292.0,3.5417,INLAND,3,71300.0,111904.47286813254
-116.91,32.83,16.0,5203.0,,2515.0,862.0,4.105,<1H OCEAN,3,174400.0,165834.3940225388
-118.35,33.9,31.0,1547.0,,956.0,287.0,3.4698,<1H OCEAN,3,225000.0,236930.3597116493
-122.7,38.35,14.0,2313.0,,954.0,397.0,3.7813,<1H OCEAN,3,146500.0,224151.67886480497
-122.28,37.51,33.0,4719.0,,1980.0,757.0,6.1064,NEAR OCEAN,5,405000.0,390142.2413030021
-117.66,33.51,18.0,2626.0,,1302.0,522.0,4.0167,<1H OCEAN,3,189600.0,209256.53578713362
-118.09,33.89,42.0,991.0,,717.0,219.0,4.0926,<1H OCEAN,3,164400.0,239449.2476568394
-118.46,34.03,52.0,523.0,,317.0,130.0,2.2794,<1H OCEAN,2,337500.0,290427.8201885163
-119.15,36.29,18.0,1435.0,,657.0,254.0,2.4281,INLAND,2,72500.0,104018.32510228152
-117.91,33.87,29.0,1121.0,,762.0,276.0,2.5,<1H OCEAN,2,143800.0,182071.06875282573
-118.27,34.07,27.0,1190.0,,1795.0,422.0,1.7016,<1H OCEAN,2,160000.0,155482.6641614494
-118.27,34.04,13.0,1784.0,,2158.0,682.0,1.7038,<1H OCEAN,2,118100.0,149915.61677069095
-118.27,34.17,52.0,2010.0,,908.0,326.0,6.9135,<1H OCEAN,5,374000.0,420737.87934579956
-117.14,33.16,16.0,1660.0,,733.0,214.0,5.6874,<1H OCEAN,4,202700.0,266545.16884993704
-122.72,38.88,29.0,2781.0,,890.0,310.0,1.9906,INLAND,2,96600.0,99689.29278099962
-121.47,38.61,31.0,1072.0,,781.0,281.0,1.6563,INLAND,2,65800.0,97764.31274858267
-119.18,34.19,19.0,2393.0,,1938.0,762.0,1.6953,NEAR OCEAN,2,167400.0,187927.92199546026
-118.59,34.2,21.0,1789.0,,2300.0,677.0,2.754,<1H OCEAN,2,179800.0,180884.6583689811
-122.22,38.08,37.0,2811.0,,1574.0,516.0,3.1053,NEAR BAY,3,96700.0,142467.41873931958
-121.97,37.34,33.0,3162.0,,1553.0,686.0,3.6682,<1H OCEAN,3,266100.0,238784.95514717602
-117.14,32.71,52.0,500.0,,480.0,108.0,1.8696,NEAR OCEAN,2,91100.0,158774.13806994472
-119.75,36.71,38.0,1481.0,,1543.0,372.0,1.4577,INLAND,1,49800.0,46707.96971698547
-121.3,38.58,16.0,1537.0,,1125.0,375.0,2.6471,INLAND,2,90700.0,106514.99873666509
-117.76,34.04,34.0,1914.0,,1564.0,328.0,2.8347,INLAND,2,115800.0,107462.64628261757
-122.45,37.77,52.0,2602.0,,1330.0,647.0,3.5435,NEAR BAY,3,278600.0,341987.62732031074
-117.15,32.72,51.0,1321.0,,781.0,499.0,1.3071,NEAR OCEAN,1,250000.0,173752.50743918505
-122.08,37.88,26.0,2947.0,,825.0,626.0,2.933,NEAR BAY,2,85000.0,216888.17770101884
-117.87,33.73,45.0,2264.0,,1970.0,499.0,3.4193,<1H OCEAN,3,177000.0,181558.56134162095
-117.67,34.04,13.0,1543.0,,776.0,358.0,3.0598,INLAND,3,99700.0,159159.5939986014
-117.66,33.58,6.0,4186.0,,1794.0,541.0,9.6986,<1H OCEAN,5,357600.0,436135.8740292901
-117.27,32.85,26.0,1373.0,,608.0,268.0,4.425,NEAR OCEAN,3,475000.0,287224.75735073985
-117.02,32.66,19.0,771.0,,376.0,108.0,6.6272,NEAR OCEAN,5,273600.0,302347.80713280715
-118.05,33.99,38.0,1619.0,,886.0,357.0,3.7328,<1H OCEAN,3,182400.0,218738.19736739073
-117.92,33.87,33.0,1597.0,,1888.0,423.0,3.055,<1H OCEAN,3,157800.0,163518.26164918032
-118.31,34.09,37.0,773.0,,835.0,312.0,1.8576,<1H OCEAN,2,193800.0,209887.7084583175
-118.38,34.05,49.0,702.0,,458.0,187.0,4.8958,<1H OCEAN,4,333600.0,399956.7531767607
-121.95,37.31,27.0,4140.0,,2135.0,893.0,3.6292,<1H OCEAN,3,264600.0,243027.06314299745
-120.98,37.6,36.0,1437.0,,1073.0,320.0,2.1779,INLAND,2,58400.0,80541.08230923564
-122.28,37.78,29.0,5154.0,,3741.0,1273.0,2.5762,NEAR BAY,2,173400.0,162466.6846156382
-118.23,34.13,48.0,1308.0,,835.0,294.0,4.2891,<1H OCEAN,3,214800.0,293825.6410844361
-119.11,35.42,52.0,154.0,,37.0,16.0,10.0263,INLAND,5,200000.0,351633.89245901856
-121.89,37.44,8.0,2534.0,,1527.0,364.0,7.8532,<1H OCEAN,5,422800.0,397635.73456956673
-121.44,38.54,39.0,2855.0,,1217.0,562.0,3.2404,INLAND,3,93600.0,124805.0206810982
-118.37,34.03,37.0,1236.0,,966.0,292.0,3.0694,<1H OCEAN,3,122200.0,273260.4496525738
-118.1,33.91,36.0,726.0,,490.0,130.0,3.6389,<1H OCEAN,3,167600.0,235139.0755002816
-118.5,34.17,37.0,880.0,,369.0,155.0,4.1429,<1H OCEAN,3,303600.0,323082.10343240155
-117.96,33.78,33.0,1520.0,,658.0,242.0,4.875,<1H OCEAN,4,269300.0,265059.282363265
-117.86,34.01,16.0,4632.0,,3038.0,727.0,5.1762,<1H OCEAN,4,264400.0,237348.5034353834
-122.79,38.48,7.0,6837.0,,3468.0,1405.0,3.1662,<1H OCEAN,3,191000.0,178167.1128301751
-118.31,33.94,40.0,1550.0,,798.0,270.0,3.775,<1H OCEAN,3,153800.0,247700.20381269226
-122.44,37.73,39.0,1912.0,,970.0,406.0,4.7813,NEAR BAY,4,275500.0,328532.3931167581
-118.32,34.09,44.0,2666.0,,2297.0,726.0,1.676,<1H OCEAN,2,208800.0,186412.22871040562
-116.93,32.79,19.0,3354.0,,1948.0,682.0,3.0192,<1H OCEAN,3,142300.0,147872.7195329208
-119.44,36.58,37.0,1054.0,,879.0,257.0,2.5234,INLAND,2,63500.0,101613.70430760858
-117.3,34.05,6.0,2155.0,,1039.0,391.0,1.6675,INLAND,2,95800.0,92428.91819202353
-118.29,33.73,30.0,3161.0,,1865.0,771.0,2.7139,NEAR OCEAN,2,231700.0,196962.86135637574
-118.4,34.17,24.0,6347.0,,2945.0,1492.0,3.3545,<1H OCEAN,3,221500.0,257141.2406670901
-119.78,36.82,25.0,5016.0,,2133.0,928.0,3.625,INLAND,3,89500.0,119264.38209570381
-117.73,34.1,37.0,3457.0,,1344.0,530.0,5.8891,INLAND,4,226000.0,291081.8032710391
-118.18,34.19,48.0,1371.0,,528.0,155.0,15.0001,<1H OCEAN,5,500001.0,497629.7700040318
-122.5,37.75,45.0,1620.0,,941.0,328.0,4.3859,NEAR OCEAN,3,270200.0,313790.0152537771
-120.32,37.29,38.0,576.0,,478.0,112.0,2.3382,INLAND,2,59600.0,113161.72633104488
-122.65,38.25,23.0,4030.0,,1852.0,778.0,3.402,<1H OCEAN,3,193300.0,201441.1296896667
-117.28,34.26,18.0,3895.0,,1086.0,375.0,3.3672,INLAND,3,133600.0,111659.3853560837
-122.16,37.77,47.0,1256.0,,570.0,218.0,4.375,NEAR BAY,3,161900.0,283729.82758047903
-119.73,34.44,38.0,1729.0,,801.0,395.0,3.1364,NEAR OCEAN,3,357500.0,265792.7222147654
-122.48,38.5,37.0,3049.0,,1287.0,439.0,4.3125,INLAND,3,276500.0,171585.75621276096
-118.88,34.17,15.0,4260.0,,1701.0,669.0,5.1033,<1H OCEAN,4,410700.0,296537.183879702
-122.15,37.43,20.0,11709.0,,7604.0,3589.0,1.9045,NEAR BAY,2,375000.0,165571.83355255745
-117.01,32.74,31.0,3473.0,,2098.0,677.0,2.6973,<1H OCEAN,2,135200.0,130088.465223558
-118.21,34.07,52.0,1770.0,,1848.0,439.0,2.4135,<1H OCEAN,2,167200.0,168749.7884773283
-118.36,34.05,45.0,2283.0,,1093.0,475.0,2.5658,<1H OCEAN,2,252000.0,223127.7659493873
-118.53,34.26,18.0,3674.0,,1590.0,550.0,8.176,<1H OCEAN,5,308400.0,390252.15808442706
-118.19,33.98,36.0,4179.0,,4582.0,1196.0,2.0087,<1H OCEAN,2,172100.0,137175.61601327546
-122.4,37.58,26.0,3281.0,,1145.0,480.0,6.358,NEAR OCEAN,5,500001.0,391317.89456867747
-122.38,37.73,40.0,543.0,,259.0,89.0,2.2167,NEAR BAY,2,193800.0,222703.92914351725
-121.08,39.22,30.0,2188.0,,1033.0,437.0,2.1419,INLAND,2,105200.0,85563.29532119914
-117.28,34.09,44.0,376.0,,273.0,107.0,2.2917,INLAND,2,90800.0,139038.3266199563
-118.29,34.05,34.0,1102.0,,1325.0,439.0,1.5972,<1H OCEAN,2,168800.0,162764.0359981728
-121.33,38.02,31.0,1466.0,,608.0,254.0,3.1827,INLAND,3,162100.0,147496.51779612678
-118.05,34.04,33.0,1348.0,,1098.0,257.0,4.2917,<1H OCEAN,3,161200.0,224358.4193599872
-118.16,34.01,40.0,1552.0,,1919.0,427.0,2.2596,<1H OCEAN,2,137500.0,151029.44998963785
-121.9,36.58,31.0,1431.0,,704.0,393.0,3.1977,NEAR OCEAN,3,289300.0,271289.98677628196
-117.65,33.6,15.0,5736.0,,2529.0,762.0,6.4114,<1H OCEAN,5,278700.0,304280.44146768725
-117.92,33.7,15.0,3201.0,,1510.0,622.0,4.2708,<1H OCEAN,3,161700.0,202357.6647171607
-117.87,33.83,27.0,2287.0,,1140.0,351.0,5.6163,<1H OCEAN,4,231000.0,271944.37662418844
-120.61,37.36,16.0,638.0,,380.0,132.0,1.9135,INLAND,2,87500.0,86247.80814302416
-118.25,33.95,28.0,2136.0,,1799.0,476.0,1.5427,<1H OCEAN,2,95700.0,126063.13264798856
-116.66,32.79,13.0,843.0,,918.0,152.0,6.2152,<1H OCEAN,5,240600.0,263035.3054710654
-118.07,34.1,32.0,4275.0,,2812.0,1012.0,3.3512,<1H OCEAN,3,214100.0,206873.73060799175
-118.55,34.28,16.0,8879.0,,3468.0,1200.0,8.1125,<1H OCEAN,5,428600.0,390787.9157195539
-121.85,36.61,38.0,238.0,,191.0,67.0,1.3897,<1H OCEAN,1,125000.0,205456.44647037328
-122.42,40.44,16.0,994.0,,495.0,181.0,2.1875,INLAND,2,76400.0,104724.48715908089
-119.75,34.45,6.0,2864.0,,1404.0,603.0,5.5073,NEAR OCEAN,4,263800.0,294515.4345940678
-118.8,34.41,45.0,1610.0,,1148.0,347.0,2.7,<1H OCEAN,2,120400.0,189865.98847029518
-119.3,36.57,32.0,728.0,,461.0,149.0,3.0156,INLAND,3,109100.0,124973.53301198283
-118.55,34.19,18.0,5862.0,,3161.0,1280.0,3.1106,<1H OCEAN,3,170600.0,207032.60806963834
-121.88,37.4,9.0,6751.0,,4240.0,1438.0,5.34,<1H OCEAN,4,257400.0,261893.1830263657
-121.9,37.28,26.0,3756.0,,1408.0,535.0,5.6427,<1H OCEAN,4,320000.0,276316.9021921072
-117.17,32.75,52.0,1052.0,,381.0,201.0,3.0726,NEAR OCEAN,3,289600.0,254671.88047891963
-117.2,33.24,12.0,4992.0,,2106.0,801.0,6.2079,<1H OCEAN,5,307300.0,280412.7840429649
-117.64,33.45,26.0,1528.0,,607.0,218.0,6.2871,NEAR OCEAN,5,325500.0,355408.04107152036
-122.1,40.03,25.0,2516.0,,1266.0,494.0,1.7566,INLAND,2,58400.0,63187.74194647921
-114.59,34.83,41.0,812.0,,375.0,158.0,1.7083,INLAND,2,48500.0,68675.43981553156
-122.23,38.17,45.0,350.0,,225.0,72.0,1.8942,NEAR BAY,2,216700.0,150366.30794015853
-117.31,34.25,29.0,4610.0,,1569.0,592.0,2.7663,INLAND,2,97900.0,84702.56174107913
-121.77,39.66,20.0,3759.0,,1705.0,600.0,4.712,INLAND,4,158600.0,154725.09144239675
-119.72,36.76,23.0,6403.0,,3573.0,1260.0,2.3006,INLAND,2,69000.0,71333.07133200591
-122.01,37.94,23.0,3741.0,,1339.0,499.0,6.7061,NEAR BAY,5,322300.0,289224.5631331062
-121.75,37.11,18.0,3167.0,,1414.0,482.0,6.8773,<1H OCEAN,5,467700.0,335423.3107621611
-117.02,32.78,31.0,2567.0,,1198.0,499.0,3.4659,<1H OCEAN,3,163000.0,174353.98483622176
-121.97,37.35,30.0,1955.0,,999.0,386.0,4.6328,<1H OCEAN,4,287100.0,271309.0378529521
-119.69,36.83,32.0,1098.0,,726.0,224.0,1.4913,INLAND,1,54600.0,80289.33702002934
-118.25,33.94,43.0,793.0,,736.0,231.0,0.8527,<1H OCEAN,1,90400.0,158657.51068220593
-117.97,34.06,31.0,2516.0,,2194.0,497.0,3.2413,<1H OCEAN,3,155500.0,195476.09140598561
-118.3,34.07,18.0,3759.0,,3296.0,1462.0,2.2708,<1H OCEAN,2,175000.0,177774.08444470778
-122.0,37.36,17.0,2070.0,,797.0,275.0,8.6155,<1H OCEAN,5,411200.0,428279.22911279363
-118.35,34.01,35.0,3776.0,,1583.0,749.0,3.5486,<1H OCEAN,3,332100.0,249160.9331123552
-118.2,33.92,45.0,1283.0,,1025.0,248.0,3.2798,<1H OCEAN,3,141200.0,189599.16773992096
-122.24,37.75,45.0,891.0,,384.0,146.0,4.9489,NEAR BAY,4,247100.0,292849.80059339857
-117.99,34.14,30.0,2346.0,,1988.0,474.0,2.5625,INLAND,2,153000.0,123248.55557530379
-118.22,34.05,34.0,1113.0,,928.0,290.0,3.1654,<1H OCEAN,3,155000.0,222375.87257936024
-121.19,38.71,11.0,4415.0,,1520.0,627.0,3.2321,INLAND,3,390800.0,116520.45481424191
-119.32,36.25,21.0,1231.0,,609.0,206.0,2.8365,INLAND,2,90000.0,115720.0120022764
-118.56,34.2,35.0,2273.0,,1431.0,403.0,4.0789,<1H OCEAN,3,196700.0,233962.44978638995
-116.21,33.75,22.0,894.0,,830.0,202.0,3.0673,INLAND,3,68200.0,131204.2485100734
-118.49,34.13,24.0,4394.0,,1443.0,528.0,11.2979,<1H OCEAN,5,500001.0,493468.6481362114
-118.23,33.94,36.0,1110.0,,1417.0,302.0,2.3333,<1H OCEAN,2,92100.0,134344.64700393387
-122.48,37.7,33.0,4492.0,,3477.0,1537.0,3.0546,NEAR OCEAN,3,297900.0,230675.9409752836
-117.87,33.62,8.0,1266.0,,375.0,183.0,9.802,<1H OCEAN,5,500001.0,501173.99601558864
-122.53,38.32,22.0,3577.0,,1371.0,501.0,5.795,<1H OCEAN,4,332300.0,274122.43154562055
-122.22,38.15,7.0,5129.0,,2824.0,738.0,5.5138,NEAR BAY,4,171100.0,219402.22581778996
-118.45,34.3,27.0,2676.0,,2661.0,623.0,4.3047,<1H OCEAN,3,152100.0,228818.00865416566
-122.46,37.72,39.0,2254.0,,1388.0,404.0,2.9688,NEAR OCEAN,2,232000.0,222005.568849359
-120.98,37.66,10.0,934.0,,401.0,255.0,0.9336,INLAND,1,127100.0,100345.01205577169
-120.67,37.37,18.0,164.0,30.0,104.0,32.0,1.6607,INLAND,2,87500.0,102809.6729794892
-118.01,33.89,34.0,1653.0,292.0,1003.0,310.0,4.6,<1H OCEAN,4,203400.0,195461.37039800623
-121.97,36.97,15.0,2849.0,668.0,1546.0,582.0,2.7587,NEAR OCEAN,2,228600.0,218983.7583276178
-118.25,33.98,47.0,617.0,162.0,754.0,144.0,2.2969,<1H OCEAN,2,116700.0,135298.1798234885
-121.81,37.38,29.0,570.0,76.0,244.0,72.0,12.3292,<1H OCEAN,5,416700.0,468666.88116883935
-118.36,33.89,34.0,760.0,174.0,723.0,198.0,5.3169,<1H OCEAN,4,227600.0,269642.71627977665
-117.28,33.1,13.0,2644.0,422.0,1197.0,399.0,6.5338,NEAR OCEAN,5,267900.0,335020.72160016245
-122.25,38.1,52.0,1591.0,372.0,817.0,357.0,2.1411,NEAR BAY,2,97200.0,123520.26989115997
-118.15,34.15,49.0,806.0,199.0,698.0,172.0,2.3654,<1H OCEAN,2,137500.0,160761.59020870624
-118.27,34.08,35.0,1147.0,365.0,1016.0,296.0,2.3913,<1H OCEAN,2,198800.0,161693.94309023648
-119.31,36.39,32.0,2293.0,466.0,1538.0,468.0,1.9342,INLAND,2,68600.0,49802.911671137066
-122.07,37.39,30.0,1695.0,480.0,932.0,447.0,3.5045,NEAR BAY,3,352500.0,255277.33598850708
-118.27,34.0,46.0,1748.0,428.0,1707.0,409.0,2.148,<1H OCEAN,2,103800.0,144311.95006929853
-119.99,38.88,17.0,2807.0,529.0,675.0,251.0,2.7457,INLAND,2,107800.0,128265.4666421707
-121.2,38.7,28.0,2970.0,471.0,1379.0,463.0,4.3214,INLAND,3,131700.0,150321.32964550474
-122.42,37.74,52.0,2019.0,418.0,999.0,448.0,4.2212,NEAR BAY,3,271300.0,351398.8768739311
-117.29,34.14,52.0,1683.0,266.0,646.0,256.0,4.0481,INLAND,3,97300.0,167114.09883120583
-123.8,39.44,52.0,1533.0,336.0,754.0,340.0,1.9213,<1H OCEAN,2,95000.0,117762.91787842718
-122.7,38.35,14.0,1555.0,369.0,493.0,335.0,1.6033,<1H OCEAN,2,67500.0,170099.3392596544
-118.3,34.19,52.0,1704.0,277.0,746.0,262.0,4.7986,<1H OCEAN,4,326100.0,290207.301034046
-116.09,34.15,13.0,9444.0,1997.0,4166.0,1482.0,2.6111,INLAND,2,65600.0,110301.59960722645
-117.7,33.62,19.0,2957.0,492.0,1639.0,495.0,5.0686,<1H OCEAN,4,225600.0,238264.06119413645
-117.23,32.74,44.0,1404.0,229.0,513.0,217.0,4.1806,NEAR OCEAN,3,263800.0,253243.82261096506
-118.45,34.0,46.0,1777.0,362.0,896.0,334.0,4.45,<1H OCEAN,3,348300.0,327217.18550521124
-118.42,34.0,33.0,1139.0,299.0,734.0,257.0,3.2708,<1H OCEAN,3,325000.0,278158.11244883353
-118.31,34.02,46.0,2217.0,489.0,1227.0,448.0,1.6851,<1H OCEAN,2,108800.0,185442.6590895284
-122.43,37.77,52.0,1760.0,366.0,742.0,318.0,4.445,NEAR BAY,3,400000.0,397860.41013687453
-121.08,38.9,27.0,3436.0,755.0,1568.0,709.0,2.4273,INLAND,2,138400.0,134561.40231579632
-119.63,36.32,36.0,1518.0,287.0,749.0,255.0,2.2333,INLAND,2,61000.0,74349.05680012173
-122.35,37.53,27.0,2169.0,305.0,905.0,319.0,7.7743,NEAR OCEAN,5,453100.0,468072.165203278
-118.4,33.88,36.0,1543.0,214.0,474.0,187.0,9.3399,<1H OCEAN,5,500001.0,510340.61669223063
-118.29,33.92,40.0,1935.0,461.0,1616.0,433.0,2.875,<1H OCEAN,2,120200.0,161184.97659192194
-118.36,33.89,40.0,756.0,122.0,371.0,130.0,5.0299,<1H OCEAN,4,329200.0,281714.17507984955
-118.15,33.79,5.0,3700.0,993.0,1657.0,848.0,3.7826,NEAR OCEAN,3,196300.0,245520.79437282856
-117.38,33.97,30.0,2953.0,703.0,1406.0,580.0,2.6895,INLAND,2,150000.0,129473.5387488187
-118.03,34.07,37.0,1091.0,269.0,905.0,242.0,3.1042,<1H OCEAN,3,152000.0,176512.4273203089
-122.28,37.86,52.0,2031.0,450.0,958.0,445.0,1.9327,NEAR BAY,2,169900.0,166563.369618446
-117.93,33.87,10.0,1277.0,488.0,730.0,417.0,1.4803,<1H OCEAN,1,137500.0,174631.06518851288
-118.12,33.94,33.0,2206.0,393.0,973.0,364.0,4.675,<1H OCEAN,4,283000.0,235892.54027460152
-117.18,32.7,42.0,1691.0,286.0,761.0,281.0,5.1386,NEAR OCEAN,4,404500.0,309804.909573823
-117.01,32.81,21.0,4203.0,618.0,1620.0,600.0,5.3441,<1H OCEAN,4,193500.0,224256.96456131706
-117.15,32.78,25.0,1577.0,266.0,611.0,284.0,5.25,NEAR OCEAN,4,205100.0,252797.8178794406
-121.27,38.69,16.0,3389.0,597.0,1674.0,568.0,4.4489,INLAND,3,145600.0,148521.19719188102
-121.7,38.65,22.0,1360.0,282.0,808.0,229.0,2.4167,INLAND,2,225000.0,89642.02602027336
-122.82,38.4,40.0,2406.0,423.0,1054.0,426.0,3.8846,<1H OCEAN,3,215900.0,212864.18010189434
-118.17,34.08,39.0,787.0,181.0,731.0,179.0,3.2279,<1H OCEAN,3,158500.0,194527.19803578767
-121.79,38.0,34.0,3090.0,593.0,1588.0,566.0,3.6118,INLAND,3,124700.0,139034.90353454667
-116.15,33.64,10.0,1711.0,499.0,1896.0,443.0,1.6557,INLAND,2,65400.0,54320.66337775682
-118.91,34.28,6.0,6106.0,1134.0,3246.0,1062.0,5.2206,<1H OCEAN,4,280200.0,264056.7289898861
-118.14,34.03,45.0,1569.0,359.0,1203.0,359.0,2.4612,<1H OCEAN,2,180500.0,151802.8410866583
-117.4,34.08,21.0,3622.0,667.0,2503.0,720.0,3.8531,INLAND,3,105400.0,122331.69459889152
-118.25,33.93,36.0,2452.0,734.0,2664.0,667.0,0.9298,<1H OCEAN,1,100000.0,154119.24015129489
-117.03,32.79,17.0,7352.0,1699.0,3331.0,1634.0,2.7006,<1H OCEAN,2,166300.0,149444.67239505734
-120.43,34.89,30.0,1979.0,342.0,999.0,320.0,5.0286,<1H OCEAN,4,158000.0,226764.07896620076
-122.02,37.36,21.0,2471.0,677.0,1486.0,689.0,3.9038,<1H OCEAN,3,243800.0,267778.68993490684
-122.28,37.9,52.0,2318.0,328.0,779.0,312.0,7.1754,NEAR BAY,5,362900.0,400452.9561070953
-118.27,33.82,28.0,1642.0,434.0,1575.0,420.0,4.1292,<1H OCEAN,3,201900.0,195953.50880149886
-120.12,41.4,33.0,2820.0,515.0,976.0,403.0,2.6062,INLAND,2,52600.0,109723.16156811378
-118.39,34.05,42.0,3105.0,559.0,1253.0,531.0,5.222,<1H OCEAN,4,500001.0,389822.92999344674
-118.25,33.97,37.0,794.0,210.0,814.0,213.0,2.2917,<1H OCEAN,2,112000.0,132769.87162565166
-120.95,36.47,52.0,1691.0,301.0,618.0,239.0,3.2292,<1H OCEAN,3,225000.0,247352.98456078419
-117.25,32.99,10.0,4926.0,749.0,1478.0,634.0,7.472,NEAR OCEAN,5,439900.0,385130.8979750464
-117.31,34.05,6.0,7423.0,2111.0,4092.0,1789.0,2.7002,INLAND,2,88300.0,119683.60285565456
-122.22,37.44,32.0,4281.0,501.0,1318.0,484.0,15.0001,NEAR OCEAN,5,500001.0,511370.20331894956
-122.29,37.9,49.0,1283.0,238.0,576.0,236.0,3.3333,NEAR BAY,3,276800.0,216161.4502267748
-118.1,34.06,36.0,1463.0,369.0,1492.0,366.0,3.25,<1H OCEAN,3,179200.0,185105.1418992726
-117.99,33.9,30.0,1677.0,372.0,1021.0,332.0,3.5859,<1H OCEAN,3,199700.0,184180.74298408633
-117.04,32.74,5.0,2878.0,785.0,1727.0,758.0,1.7179,NEAR OCEAN,2,132000.0,132425.04540860382
-118.09,33.77,26.0,5359.0,1508.0,1829.0,1393.0,1.7675,<1H OCEAN,2,61300.0,199168.12576669615
-122.2,38.09,18.0,6860.0,1079.0,3205.0,1058.0,5.2957,NEAR BAY,4,171900.0,233732.0113610013
-120.76,38.47,17.0,1521.0,309.0,607.0,240.0,3.5,INLAND,3,123800.0,142654.2314738232
-117.51,34.02,24.0,7779.0,1835.0,3996.0,1765.0,2.1764,INLAND,2,135300.0,114124.68730486283
-117.3,34.18,19.0,2526.0,381.0,1176.0,381.0,5.5136,INLAND,4,137100.0,179389.322462425
-118.18,34.08,35.0,2226.0,602.0,2230.0,549.0,2.9167,<1H OCEAN,2,129300.0,183051.54703063858
-119.0,34.19,5.0,3634.0,718.0,1317.0,743.0,4.2917,<1H OCEAN,3,227900.0,280305.002446139
-121.35,38.4,11.0,2322.0,459.0,1373.0,424.0,3.175,INLAND,3,94400.0,102418.24865476246
-122.24,38.1,49.0,1851.0,356.0,849.0,307.0,2.9432,NEAR BAY,2,103500.0,158715.40456772823
-117.18,32.69,37.0,3112.0,716.0,1304.0,674.0,3.2121,NEAR OCEAN,3,320800.0,237196.9292396594
-119.08,34.17,32.0,166.0,22.0,63.0,29.0,7.3004,NEAR OCEAN,5,125000.0,417249.84333130124
-121.9,37.67,15.0,2130.0,273.0,876.0,285.0,7.2639,<1H OCEAN,5,332400.0,339372.5471796105
-117.65,34.02,9.0,2107.0,411.0,1138.0,389.0,4.4042,INLAND,3,159100.0,170704.8867896719
-122.0,37.4,35.0,1542.0,298.0,1164.0,318.0,5.9145,<1H OCEAN,4,236900.0,317711.2657899749
-118.05,33.71,25.0,4150.0,570.0,1424.0,547.0,8.8281,NEAR OCEAN,5,461600.0,464527.49849886907
-117.98,34.05,35.0,2342.0,426.0,2176.0,416.0,3.7454,<1H OCEAN,3,156900.0,207694.26190228102
-119.16,34.95,14.0,4054.0,787.0,1581.0,579.0,3.0882,INLAND,3,148200.0,118490.78511680283
-117.13,32.81,26.0,2119.0,444.0,1202.0,440.0,3.2308,NEAR OCEAN,3,166500.0,161300.1027055077
-118.25,34.14,30.0,1615.0,570.0,1245.0,544.0,1.8929,<1H OCEAN,2,196900.0,177863.63028073907
-118.26,34.08,45.0,2174.0,627.0,1992.0,557.0,2.5428,<1H OCEAN,2,167800.0,172041.42857522686
-121.33,38.03,10.0,629.0,140.0,635.0,146.0,2.2961,INLAND,2,126700.0,88028.36713908355
-118.15,33.76,36.0,2916.0,785.0,1183.0,749.0,3.5985,NEAR OCEAN,3,500001.0,276138.99748224707
-121.56,39.51,47.0,1064.0,245.0,603.0,190.0,1.3654,INLAND,1,57900.0,62969.24930697029
-121.96,37.41,17.0,3208.0,617.0,2286.0,602.0,5.2937,<1H OCEAN,4,238000.0,264276.67444474914
-116.92,32.79,24.0,4055.0,742.0,2123.0,744.0,4.5224,<1H OCEAN,4,142000.0,181466.35024488677
-118.14,34.71,32.0,1164.0,248.0,588.0,270.0,1.1917,INLAND,1,86900.0,72756.04257472236
-121.7,39.36,37.0,2330.0,495.0,1505.0,470.0,2.0474,INLAND,2,56000.0,60705.73865031687
-118.44,33.88,35.0,2020.0,451.0,724.0,399.0,6.6494,NEAR OCEAN,5,500001.0,476431.931486787
-117.08,32.68,26.0,3071.0,615.0,2156.0,568.0,2.9318,NEAR OCEAN,2,112400.0,137927.5837496314
-121.26,37.96,43.0,527.0,133.0,367.0,152.0,2.5,INLAND,2,63600.0,100605.85501250625
-122.28,37.5,33.0,6499.0,998.0,2694.0,957.0,7.4787,NEAR OCEAN,5,431300.0,459662.7474106229
-118.28,34.07,14.0,1924.0,926.0,2226.0,792.0,2.2552,<1H OCEAN,2,265900.0,187272.0109899358
-120.38,36.76,25.0,991.0,272.0,941.0,262.0,1.8125,INLAND,2,58000.0,55755.95509455319
-118.94,35.39,13.0,3137.0,417.0,1318.0,397.0,7.7751,INLAND,5,194100.0,285890.33859942807
-117.87,33.86,28.0,2292.0,531.0,2197.0,509.0,3.4856,<1H OCEAN,3,142800.0,182581.0574178823
-118.11,34.0,33.0,2886.0,726.0,2650.0,728.0,2.625,<1H OCEAN,2,178700.0,172130.41011852
-118.42,34.2,34.0,161.0,48.0,66.0,33.0,1.0,<1H OCEAN,1,187500.0,189161.7450100932
-117.85,33.77,16.0,2186.0,511.0,908.0,466.0,4.575,<1H OCEAN,4,225000.0,256227.34848358887
-119.28,34.42,23.0,4763.0,828.0,2198.0,771.0,4.8105,NEAR OCEAN,4,313000.0,284327.2123526054
-118.49,34.05,52.0,2416.0,291.0,810.0,270.0,13.8556,<1H OCEAN,5,500001.0,516185.88811679103
-118.08,33.89,37.0,1152.0,259.0,981.0,225.0,3.2857,<1H OCEAN,3,153600.0,161214.74656490388
-119.98,36.9,26.0,1284.0,239.0,820.0,254.0,2.5833,INLAND,2,62300.0,87683.4010938798
-116.38,33.74,7.0,17579.0,3479.0,3581.0,1820.0,4.084,INLAND,3,194500.0,144741.5591043369
-117.55,33.94,30.0,5398.0,926.0,2672.0,864.0,4.4762,INLAND,3,163900.0,165237.34504854312
-122.26,38.36,25.0,1821.0,344.0,349.0,179.0,6.9931,INLAND,5,398800.0,298873.10118487326
-122.11,37.14,29.0,3201.0,640.0,1722.0,570.0,4.4597,NEAR OCEAN,3,204100.0,270902.4643111912
-119.3,34.39,35.0,3079.0,579.0,1807.0,589.0,4.69,NEAR OCEAN,4,199300.0,263743.68137734075
-118.13,34.16,36.0,2162.0,658.0,1337.0,590.0,2.2095,<1H OCEAN,2,176700.0,191532.23185706753
-117.91,33.62,35.0,2426.0,359.0,937.0,387.0,9.2175,<1H OCEAN,5,500001.0,518510.70435234735
-116.87,32.75,15.0,2053.0,321.0,993.0,309.0,5.5164,<1H OCEAN,4,248900.0,210881.24582496058
-118.14,33.97,36.0,1407.0,385.0,1763.0,350.0,2.6364,<1H OCEAN,2,150000.0,133964.34628792264
-117.58,34.14,7.0,11818.0,1745.0,5499.0,1600.0,5.3678,INLAND,4,231700.0,216614.5479972074
-116.86,33.97,11.0,658.0,131.0,376.0,120.0,2.3977,INLAND,2,58000.0,82365.69995847523
-120.16,39.04,18.0,2040.0,402.0,350.0,129.0,4.0313,INLAND,3,126000.0,151716.9737551925
-118.07,33.99,41.0,1204.0,252.0,1002.0,248.0,3.0577,<1H OCEAN,3,163300.0,144910.08530670786
-120.99,37.8,32.0,2564.0,513.0,1198.0,459.0,2.9083,INLAND,2,113400.0,119682.74658113199
-121.91,36.85,22.0,2442.0,624.0,1301.0,290.0,3.1563,NEAR OCEAN,3,300000.0,249779.05032246327
-122.28,37.53,34.0,1980.0,385.0,970.0,391.0,5.1207,NEAR OCEAN,4,310900.0,307943.9860722945
-117.99,33.71,19.0,1967.0,487.0,1251.0,404.0,3.6696,<1H OCEAN,3,218800.0,208618.21338492772
-119.75,36.77,32.0,1962.0,399.0,1005.0,392.0,2.6726,INLAND,2,70400.0,85293.32193967719
-122.25,38.0,16.0,2978.0,411.0,1531.0,400.0,6.5006,NEAR BAY,5,237700.0,274104.6274635328
-117.0,32.74,17.0,2357.0,599.0,1423.0,510.0,1.8856,<1H OCEAN,2,118800.0,113885.04016819847
-115.49,32.67,24.0,1266.0,275.0,1083.0,298.0,1.4828,INLAND,1,73100.0,46422.818264914415
-121.0,37.62,28.0,1153.0,420.0,1043.0,357.0,1.0801,INLAND,1,75000.0,79496.74409012645
-118.52,34.3,17.0,4542.0,621.0,2144.0,597.0,8.8467,<1H OCEAN,5,450700.0,414854.7383687811
-121.97,37.97,26.0,1977.0,264.0,817.0,273.0,5.7512,INLAND,4,240200.0,213143.77316227916
-115.38,32.82,38.0,1892.0,394.0,1175.0,374.0,1.9939,INLAND,2,65800.0,62935.71842478512
-116.51,34.85,15.0,3149.0,713.0,1281.0,486.0,2.0,INLAND,2,64700.0,62488.04187638806
-118.18,33.87,44.0,1832.0,401.0,1056.0,405.0,4.0658,<1H OCEAN,3,175100.0,216673.36837867333
-118.58,34.2,21.0,2979.0,744.0,1824.0,692.0,3.5,<1H OCEAN,3,223700.0,238760.03555232423
-122.03,38.69,23.0,1796.0,380.0,939.0,330.0,2.7955,INLAND,2,96300.0,104511.78974907155
-122.42,37.6,34.0,3562.0,565.0,1542.0,563.0,5.8783,NEAR OCEAN,4,405100.0,393945.7133759469
-122.3,37.53,38.0,984.0,171.0,429.0,157.0,5.3261,NEAR OCEAN,4,376800.0,329058.11365295574
-117.31,32.82,42.0,2785.0,389.0,833.0,333.0,11.3074,NEAR OCEAN,5,500001.0,512818.2093152963
-122.06,37.64,20.0,1655.0,450.0,857.0,430.0,3.5541,NEAR BAY,3,350000.0,242971.41150532142
-118.96,34.19,16.0,1807.0,346.0,587.0,296.0,1.9811,<1H OCEAN,2,162500.0,200195.08882670826
-117.91,33.87,52.0,2031.0,506.0,1191.0,463.0,2.9076,<1H OCEAN,2,177300.0,188875.4395144974
-118.28,33.96,41.0,1175.0,340.0,1241.0,352.0,1.2273,<1H OCEAN,1,98400.0,120182.88891207054
-121.11,39.09,16.0,1000.0,197.0,508.0,190.0,2.3062,INLAND,2,138800.0,95648.99601361582
-118.37,33.96,26.0,138.0,23.0,100.0,20.0,4.875,<1H OCEAN,4,175000.0,274464.72516646923
-122.01,36.97,43.0,2162.0,509.0,1208.0,464.0,2.5417,NEAR OCEAN,2,260900.0,207494.18340972337
-118.18,36.63,23.0,2311.0,487.0,1019.0,384.0,2.2574,INLAND,2,104700.0,81045.58882010775
-117.92,33.8,17.0,1317.0,256.0,679.0,272.0,4.6696,<1H OCEAN,4,159500.0,226285.57332190874
-118.36,33.86,37.0,1768.0,314.0,802.0,290.0,5.0784,<1H OCEAN,4,295900.0,271011.38251879264
-117.2,32.77,30.0,156.0,45.0,77.0,40.0,3.2679,NEAR OCEAN,3,137500.0,204370.48860434798
-121.89,36.59,32.0,784.0,112.0,262.0,114.0,6.918,NEAR OCEAN,5,500001.0,430628.9912052918
-117.69,33.6,17.0,2150.0,361.0,1194.0,335.0,5.4622,<1H OCEAN,4,227000.0,245975.48033886217
-118.24,34.22,41.0,2476.0,506.0,1271.0,485.0,3.4531,<1H OCEAN,3,263900.0,198132.4200785238
-117.71,34.06,16.0,1458.0,295.0,912.0,331.0,3.625,INLAND,3,160400.0,138212.92114090887
-118.31,33.94,43.0,2104.0,393.0,1132.0,394.0,3.0682,<1H OCEAN,3,142000.0,192486.03827466292
-118.1,33.96,36.0,1184.0,240.0,946.0,232.0,4.0357,<1H OCEAN,3,162500.0,172776.0273227275
-118.36,33.9,39.0,1166.0,222.0,640.0,206.0,3.5313,<1H OCEAN,3,230400.0,210665.7389630108
-122.2,37.43,38.0,3626.0,528.0,1350.0,532.0,7.3681,NEAR OCEAN,5,500001.0,464483.1221231013
-121.99,37.32,20.0,4461.0,864.0,2042.0,808.0,4.7083,<1H OCEAN,4,217700.0,271025.21089948126
-118.34,33.99,48.0,1172.0,205.0,497.0,190.0,3.825,<1H OCEAN,3,183000.0,241423.1482780548
-121.88,37.43,17.0,3469.0,896.0,2762.0,808.0,3.3884,<1H OCEAN,3,245800.0,225182.34957918237
-122.71,38.42,23.0,1569.0,414.0,1031.0,368.0,1.6267,<1H OCEAN,2,129200.0,141687.71372239717
-120.06,36.98,12.0,2710.0,575.0,1724.0,516.0,1.4712,INLAND,1,60400.0,66046.11760844944
-124.15,40.81,50.0,340.0,74.0,235.0,83.0,1.75,NEAR OCEAN,2,67500.0,78545.5164766941
-121.9,36.97,21.0,3707.0,751.0,1420.0,608.0,4.4485,NEAR OCEAN,3,295200.0,296631.8317541314
-117.99,33.85,35.0,1661.0,272.0,949.0,276.0,5.2548,<1H OCEAN,4,192600.0,233251.90260964367
-118.09,34.01,36.0,1465.0,363.0,1538.0,342.0,3.5469,<1H OCEAN,3,150600.0,184572.1456239105
-118.12,34.69,17.0,2479.0,390.0,1219.0,363.0,4.6417,INLAND,4,125700.0,146261.2956638175
-121.62,39.13,41.0,1147.0,243.0,583.0,239.0,2.2431,INLAND,2,63400.0,87353.17260486943
-121.35,38.72,2.0,21897.0,3513.0,8652.0,2873.0,4.5432,INLAND,4,151300.0,171519.4899496524
-118.64,34.19,30.0,2399.0,373.0,1062.0,377.0,6.0094,<1H OCEAN,5,245600.0,335418.3027544383
-117.81,33.82,20.0,2819.0,319.0,1019.0,319.0,12.2092,<1H OCEAN,5,500001.0,426222.5138134543
-118.28,33.8,38.0,1471.0,329.0,1207.0,335.0,4.0,<1H OCEAN,3,165500.0,188079.7245982734
-117.45,34.07,21.0,3465.0,639.0,2292.0,628.0,3.3553,INLAND,3,113500.0,113116.74977586104
-122.55,37.79,32.0,2131.0,625.0,1229.0,572.0,2.9201,NEAR OCEAN,2,322200.0,290515.1370644386
-118.39,34.09,27.0,4312.0,1214.0,1634.0,1097.0,3.6207,<1H OCEAN,3,362500.0,361173.7786022739
-119.45,36.35,22.0,1824.0,333.0,1076.0,282.0,2.3365,INLAND,2,69600.0,62095.79324552547
-118.21,33.94,41.0,1807.0,442.0,1628.0,443.0,2.84,<1H OCEAN,2,156100.0,152750.8763238921
-117.1,32.59,21.0,2350.0,667.0,1621.0,613.0,2.0734,NEAR OCEAN,2,87500.0,130130.4109854449
-118.07,33.8,17.0,2439.0,554.0,1161.0,532.0,3.6442,<1H OCEAN,3,193100.0,226246.19859573993
-117.93,33.8,34.0,3903.0,717.0,2054.0,716.0,4.2731,<1H OCEAN,3,218000.0,214871.1234757193
-118.25,33.93,42.0,763.0,191.0,754.0,174.0,2.0486,<1H OCEAN,2,101800.0,126652.2884039757
-118.31,34.0,52.0,1542.0,309.0,939.0,276.0,1.6892,<1H OCEAN,2,129100.0,173614.49752406706
-121.38,37.88,44.0,1158.0,226.0,1094.0,224.0,2.6842,INLAND,2,156300.0,82479.45518541374
-117.15,32.91,10.0,2349.0,431.0,1598.0,435.0,4.8229,<1H OCEAN,4,183200.0,199077.80088419537
-118.19,33.95,42.0,1651.0,463.0,1559.0,436.0,2.3882,<1H OCEAN,2,148100.0,134184.90087512392
-118.34,34.08,52.0,1721.0,195.0,688.0,196.0,15.0001,<1H OCEAN,5,500001.0,492839.22725917667
-117.94,33.65,20.0,5476.0,1073.0,2327.0,963.0,5.6637,<1H OCEAN,4,222100.0,292076.1779747533
-118.2,34.12,52.0,1580.0,426.0,1462.0,406.0,3.3326,<1H OCEAN,3,167600.0,219743.53754937663
-118.25,34.14,25.0,5980.0,1856.0,5217.0,1772.0,2.506,<1H OCEAN,2,184500.0,188556.43583385742
-122.44,37.76,52.0,1968.0,472.0,784.0,430.0,3.3702,NEAR BAY,3,370000.0,357706.38663409825
-122.47,37.71,42.0,1961.0,427.0,1211.0,409.0,3.5156,NEAR OCEAN,3,239400.0,242922.20343461112
-118.08,33.97,36.0,1620.0,298.0,1258.0,309.0,3.9773,<1H OCEAN,3,166700.0,171875.35458004146
-118.12,34.06,25.0,1137.0,293.0,800.0,281.0,2.4286,<1H OCEAN,2,233300.0,166351.3791844263
-122.01,36.97,35.0,1605.0,392.0,743.0,382.0,2.5368,NEAR OCEAN,2,240000.0,225634.48086812044
-119.94,38.95,25.0,1789.0,536.0,1134.0,396.0,2.32,INLAND,2,91300.0,100226.26931863035
-118.51,34.24,31.0,5297.0,664.0,1986.0,657.0,8.6454,<1H OCEAN,5,483500.0,442445.6532608773
-118.16,34.0,37.0,1341.0,336.0,1233.0,306.0,3.6583,<1H OCEAN,3,150500.0,196139.84484512897
-120.94,37.58,19.0,1549.0,369.0,770.0,370.0,2.0493,INLAND,2,99500.0,108806.11773327009
-118.39,34.18,42.0,1957.0,389.0,985.0,414.0,2.9327,<1H OCEAN,2,240200.0,221599.2502365344
-122.16,37.76,45.0,2299.0,514.0,1437.0,484.0,2.5122,NEAR BAY,2,95500.0,145480.5041687892
-117.92,33.61,37.0,1244.0,173.0,394.0,154.0,10.3682,<1H OCEAN,5,500001.0,517292.080432495
-118.06,34.09,40.0,1975.0,389.0,1116.0,378.0,4.2898,<1H OCEAN,3,251600.0,239081.45078499377
-116.96,32.8,16.0,3920.0,1094.0,2612.0,1023.0,1.3291,<1H OCEAN,1,120800.0,138580.82618607424
-121.31,38.67,26.0,1387.0,226.0,807.0,244.0,4.1563,INLAND,3,135700.0,142809.84035724614
-118.59,34.21,34.0,2389.0,521.0,1560.0,514.0,4.8333,<1H OCEAN,4,225400.0,246064.2951713076
-118.42,34.14,27.0,3990.0,892.0,1417.0,800.0,4.0439,<1H OCEAN,3,500001.0,350680.0697433883
-120.49,40.31,16.0,1821.0,360.0,969.0,359.0,3.4643,INLAND,3,85100.0,102765.27030374481
-118.84,34.11,12.0,7508.0,1058.0,2484.0,965.0,5.8788,NEAR OCEAN,4,500001.0,389463.41845472023
-118.19,33.95,41.0,1368.0,309.0,1244.0,312.0,3.0833,<1H OCEAN,3,164800.0,149650.10180307666
-121.27,38.67,15.0,2116.0,524.0,866.0,519.0,2.7388,INLAND,2,111600.0,126114.17302934048
-121.34,38.64,12.0,2772.0,578.0,1335.0,565.0,3.8068,INLAND,3,161000.0,136603.68979038074
-121.78,37.97,4.0,17032.0,2546.0,7653.0,2359.0,5.5601,INLAND,4,213700.0,198564.60864587224
-120.25,38.03,21.0,4924.0,966.0,1175.0,454.0,2.9457,INLAND,2,116500.0,137501.6439630437
-121.98,37.14,37.0,74.0,19.0,63.0,17.0,9.5908,<1H OCEAN,5,350000.0,359227.0627826523
-118.34,33.93,35.0,1213.0,284.0,742.0,253.0,4.0625,<1H OCEAN,3,159900.0,229506.51709703752
-118.28,34.11,45.0,1607.0,331.0,633.0,332.0,3.1445,<1H OCEAN,3,438300.0,225579.4649131782
-122.32,38.01,26.0,3054.0,492.0,1495.0,496.0,4.6944,NEAR BAY,4,171100.0,204598.2521818699
-118.32,33.79,21.0,6638.0,1634.0,3240.0,1568.0,3.6797,<1H OCEAN,3,271100.0,244495.84488118556
-119.55,34.38,17.0,1951.0,368.0,681.0,350.0,2.7275,<1H OCEAN,2,500001.0,224048.45684536488
-121.02,37.6,33.0,1009.0,238.0,1027.0,246.0,2.5993,INLAND,2,68000.0,82178.61140444044
-118.48,34.2,23.0,2850.0,864.0,2249.0,777.0,2.6957,<1H OCEAN,2,191700.0,205651.60118385707
-118.03,33.77,24.0,3810.0,579.0,1818.0,590.0,5.8053,<1H OCEAN,4,255900.0,261390.58373284226
-118.2,34.06,46.0,453.0,119.0,533.0,132.0,2.2961,<1H OCEAN,2,112500.0,169455.59618538636
-117.02,32.81,14.0,3173.0,599.0,1451.0,585.0,3.7292,<1H OCEAN,3,182200.0,174072.2629792858
-122.23,37.84,47.0,3175.0,454.0,1098.0,485.0,5.2868,NEAR BAY,4,347600.0,290375.9307637722
-121.95,37.25,30.0,3298.0,634.0,1532.0,602.0,5.0863,<1H OCEAN,4,332000.0,276095.7440380195
-120.98,37.79,20.0,2458.0,491.0,1227.0,481.0,2.7857,INLAND,2,110900.0,113715.23558681547
-118.4,34.2,13.0,4859.0,1293.0,3351.0,1200.0,3.6875,<1H OCEAN,3,211900.0,245611.0598235003
-118.51,34.2,33.0,2327.0,479.0,1166.0,472.0,4.2344,<1H OCEAN,3,262500.0,257157.19611454758
-119.12,34.38,28.0,7200.0,1281.0,3793.0,1238.0,4.075,<1H OCEAN,3,237900.0,249805.9008973107
-118.25,33.93,38.0,180.0,43.0,246.0,56.0,2.85,<1H OCEAN,2,90000.0,168235.72537987123
-118.38,33.83,35.0,2152.0,454.0,902.0,414.0,4.5179,<1H OCEAN,4,427200.0,334409.84015339875
-117.25,32.94,15.0,1804.0,339.0,673.0,296.0,5.9806,NEAR OCEAN,4,370500.0,339443.9807772191
-121.79,39.73,8.0,5690.0,1189.0,2887.0,1077.0,3.0625,INLAND,3,116300.0,116266.48895137783
-118.0,33.88,18.0,2628.0,720.0,2276.0,649.0,2.735,<1H OCEAN,2,170800.0,166102.8385909213
-118.49,34.28,31.0,3508.0,585.0,1957.0,588.0,6.6458,<1H OCEAN,5,285500.0,370113.88471934345
-117.4,33.95,46.0,2189.0,423.0,866.0,389.0,3.1384,INLAND,3,111500.0,142513.44845519215
-120.08,36.72,22.0,1339.0,251.0,820.0,276.0,3.6,INLAND,3,83200.0,109695.23065745422
-122.06,37.54,20.0,6483.0,1068.0,3526.0,1060.0,5.0838,NEAR BAY,4,248200.0,269116.85574220924
-122.25,37.49,40.0,2709.0,521.0,1156.0,510.0,4.6366,NEAR OCEAN,4,395500.0,343064.0422861869
-118.31,34.17,12.0,3188.0,931.0,2118.0,850.0,3.1823,<1H OCEAN,3,218300.0,233757.33163311367
-122.1,37.39,35.0,2471.0,349.0,881.0,342.0,7.6229,NEAR BAY,5,500001.0,417300.6575798791
-121.49,39.49,20.0,2505.0,468.0,1174.0,429.0,2.9965,INLAND,2,88900.0,105747.00522456907
-122.08,37.69,43.0,1575.0,324.0,740.0,284.0,2.8512,NEAR BAY,2,181000.0,182967.41088645777
-119.83,34.45,24.0,2168.0,373.0,934.0,366.0,5.4197,NEAR OCEAN,4,280900.0,300633.4604688489
-118.37,34.05,35.0,2457.0,552.0,1159.0,523.0,3.0862,<1H OCEAN,3,345300.0,280655.2796771905
-117.93,34.04,23.0,6361.0,1168.0,4580.0,1109.0,4.9342,<1H OCEAN,4,181000.0,247439.72466415397
-118.02,33.94,33.0,2382.0,404.0,1339.0,389.0,5.3016,<1H OCEAN,4,192200.0,243080.10826010426
-121.09,39.48,25.0,1665.0,374.0,845.0,330.0,1.5603,INLAND,2,78100.0,79289.50130391066
-121.01,37.64,52.0,201.0,35.0,74.0,22.0,1.3036,INLAND,1,75000.0,100029.42963362174
-122.12,37.88,35.0,2785.0,362.0,1001.0,363.0,8.0448,NEAR BAY,5,433300.0,418845.3403064888
-117.97,34.1,26.0,1399.0,277.0,1285.0,276.0,4.0,INLAND,3,160100.0,143522.00167717357
-117.22,33.74,7.0,1810.0,386.0,931.0,355.0,2.5221,<1H OCEAN,2,109200.0,162201.28424574545
-121.42,38.7,10.0,2562.0,460.0,1478.0,433.0,4.0625,INLAND,3,96200.0,125293.41539846189
-121.27,38.87,16.0,2094.0,358.0,1092.0,357.0,4.4769,INLAND,3,191400.0,144630.96221971445
-120.1,39.19,18.0,3824.0,559.0,241.0,106.0,5.5456,INLAND,4,360000.0,220350.07657596964
-122.79,38.42,9.0,4967.0,885.0,2581.0,915.0,5.038,<1H OCEAN,4,185600.0,242093.850486332
-117.01,33.97,18.0,4775.0,886.0,1868.0,836.0,2.3355,INLAND,2,118800.0,91376.24488197539
-122.23,37.79,30.0,610.0,145.0,425.0,140.0,1.6198,NEAR BAY,2,122700.0,147836.49875519078
-117.55,34.14,3.0,5710.0,919.0,2874.0,886.0,5.3638,INLAND,4,206300.0,211460.79225860405
-117.46,34.06,24.0,2831.0,478.0,1582.0,435.0,4.3397,INLAND,3,195600.0,155912.71316689465
-117.13,32.7,48.0,786.0,230.0,917.0,231.0,1.875,NEAR OCEAN,2,75600.0,105344.83113458822
-122.35,40.25,10.0,1621.0,318.0,866.0,283.0,3.5,INLAND,3,104300.0,104637.76228665357
-118.35,34.13,39.0,1610.0,278.0,511.0,278.0,4.3333,<1H OCEAN,3,385900.0,310041.9668206623
-117.07,32.74,38.0,1901.0,392.0,1099.0,406.0,2.7661,NEAR OCEAN,2,113900.0,133613.78481867685
-122.36,37.94,43.0,369.0,107.0,371.0,111.0,1.6,NEAR BAY,2,79400.0,116829.17765990642
-119.85,36.77,9.0,1142.0,314.0,620.0,283.0,2.0446,INLAND,2,81300.0,76527.2223012053
-118.36,33.96,17.0,3431.0,934.0,2365.0,810.0,3.0393,<1H OCEAN,3,129200.0,213672.7518631387
-122.64,38.87,16.0,1177.0,240.0,519.0,199.0,1.5739,INLAND,2,73500.0,82966.69858855211
-122.03,38.01,27.0,3228.0,562.0,1666.0,588.0,4.5707,NEAR BAY,4,175900.0,204617.60275383247
-118.44,34.27,29.0,1701.0,419.0,1616.0,371.0,3.3603,<1H OCEAN,3,142400.0,203456.75756113848
-118.35,34.05,47.0,2815.0,679.0,1533.0,594.0,2.5806,<1H OCEAN,2,234100.0,223346.9257873281
-122.28,37.53,25.0,3710.0,1015.0,2068.0,958.0,3.5445,NEAR OCEAN,3,286700.0,282725.2150834005
-121.54,38.29,47.0,1396.0,254.0,630.0,218.0,2.8616,INLAND,2,92500.0,106869.30709791939
-116.91,32.82,14.0,1978.0,424.0,1085.0,387.0,3.8073,<1H OCEAN,3,170100.0,169046.39742261585
-121.83,36.62,33.0,1771.0,398.0,1037.0,388.0,2.7708,<1H OCEAN,2,161800.0,182488.72967371534
-118.11,33.83,36.0,1462.0,233.0,664.0,220.0,5.1171,<1H OCEAN,4,225300.0,247771.57531177616
-118.35,33.93,33.0,2040.0,576.0,2649.0,561.0,2.3375,<1H OCEAN,2,170600.0,163300.91642131913
-118.39,34.03,25.0,3442.0,1050.0,1890.0,914.0,3.0574,<1H OCEAN,3,319400.0,306556.36273034924
-119.27,35.51,28.0,1089.0,179.0,544.0,190.0,3.2279,INLAND,3,95800.0,100736.95519186015
-116.87,33.94,35.0,4448.0,906.0,2736.0,843.0,2.218,INLAND,2,73400.0,80653.68266945015
-121.24,40.31,36.0,1597.0,301.0,632.0,262.0,3.5962,INLAND,3,93600.0,128398.39826545464
-119.79,36.84,22.0,1529.0,375.0,1543.0,395.0,1.7926,INLAND,2,51700.0,53184.50858743182
-118.47,33.99,52.0,2167.0,622.0,1095.0,570.0,2.8514,<1H OCEAN,2,358700.0,313368.3111686286
-119.82,36.79,18.0,5822.0,1439.0,3415.0,1224.0,1.6854,INLAND,2,64700.0,80813.08055438807
-117.24,33.05,11.0,5827.0,882.0,2588.0,842.0,6.4027,NEAR OCEAN,5,344200.0,333005.58966595196
-122.57,38.02,33.0,9531.0,1487.0,3798.0,1409.0,5.6512,NEAR BAY,4,314000.0,329941.22549234366
-118.38,34.03,43.0,912.0,255.0,705.0,246.0,2.6402,<1H OCEAN,2,185700.0,239325.72909421212
-122.03,37.94,21.0,5541.0,776.0,2214.0,737.0,5.5777,NEAR BAY,4,279300.0,242115.83218922716
-122.28,37.85,52.0,610.0,145.0,281.0,132.0,2.9018,NEAR BAY,2,119400.0,193142.41578987273
-121.96,37.28,33.0,1940.0,327.0,877.0,314.0,5.4386,<1H OCEAN,4,280400.0,282463.7253171346
-121.7,37.91,17.0,1962.0,291.0,825.0,267.0,4.8958,INLAND,4,187100.0,168106.64506263685
-123.52,41.01,17.0,1564.0,345.0,517.0,222.0,2.1542,INLAND,2,83800.0,54159.49724672272
-118.15,34.11,39.0,2618.0,582.0,1314.0,532.0,3.5875,<1H OCEAN,3,309300.0,245951.35106054688
-122.17,38.08,7.0,18392.0,2782.0,8276.0,2742.0,6.4232,NEAR BAY,5,229200.0,285414.14228173485
-122.02,36.99,30.0,2156.0,487.0,1023.0,458.0,2.7875,NEAR OCEAN,2,245000.0,229669.21197693364
-118.13,33.83,45.0,3087.0,574.0,1474.0,567.0,5.5196,<1H OCEAN,4,227600.0,305662.3054342477
-118.42,34.05,33.0,2921.0,652.0,1124.0,608.0,5.0151,<1H OCEAN,4,500001.0,355625.43506469374
-121.12,35.58,16.0,4109.0,798.0,1298.0,626.0,3.4799,NEAR OCEAN,3,320800.0,265074.11613393534
-121.28,38.68,16.0,3467.0,615.0,1478.0,601.0,3.75,INLAND,3,147300.0,133879.85134842043
-116.98,32.74,16.0,3361.0,537.0,1754.0,578.0,5.1098,<1H OCEAN,4,162300.0,202247.83879656912
-117.68,33.6,24.0,1956.0,262.0,969.0,256.0,6.8154,<1H OCEAN,5,265900.0,312179.3125373067
-118.43,33.87,41.0,847.0,173.0,344.0,170.0,6.822,NEAR OCEAN,5,500001.0,449667.14039915614
-117.16,32.89,5.0,8576.0,1952.0,5006.0,1827.0,4.3598,<1H OCEAN,3,189100.0,205269.88398414082
-116.91,32.78,15.0,4058.0,511.0,1580.0,473.0,7.5,<1H OCEAN,5,316400.0,308565.02032475104
-118.39,34.23,18.0,3405.0,831.0,3001.0,795.0,3.0083,<1H OCEAN,3,181900.0,195250.9052014468
-117.16,32.74,27.0,2335.0,604.0,982.0,590.0,3.1921,NEAR OCEAN,3,261500.0,241234.39940573505
-117.33,34.12,33.0,933.0,219.0,838.0,211.0,1.3417,INLAND,1,69000.0,77428.89117925391
-122.39,37.72,52.0,135.0,34.0,93.0,26.0,2.1484,NEAR BAY,2,181300.0,208093.06636629187
-118.36,33.87,19.0,2512.0,575.0,1275.0,544.0,4.9375,<1H OCEAN,4,293000.0,269507.04704857385
-117.3,34.18,28.0,2685.0,425.0,1304.0,420.0,4.3676,INLAND,3,111100.0,141949.45404598178
-118.14,33.86,44.0,1276.0,234.0,538.0,213.0,4.8667,<1H OCEAN,4,218300.0,264598.9333950711
-118.2,34.04,36.0,1625.0,490.0,2003.0,478.0,2.181,<1H OCEAN,2,147200.0,150753.87665817645
-119.11,34.17,37.0,470.0,105.0,522.0,83.0,2.0368,NEAR OCEAN,2,243800.0,218843.598849693
-117.85,34.11,25.0,9255.0,1659.0,4944.0,1627.0,4.5708,INLAND,4,223000.0,211471.18861563475
-117.97,34.11,18.0,123.0,28.0,121.0,26.0,3.0417,INLAND,3,137500.0,148217.54741725925
-122.36,40.69,32.0,3611.0,772.0,2060.0,759.0,1.7427,INLAND,2,60600.0,73348.00623640964
-117.76,35.22,4.0,18.0,3.0,8.0,6.0,1.625,INLAND,2,275000.0,77022.68478554064
-119.7,34.42,52.0,329.0,109.0,291.0,102.0,1.4722,<1H OCEAN,1,350000.0,196839.00811505577
-118.38,34.21,38.0,1363.0,395.0,1798.0,405.0,2.3182,<1H OCEAN,2,171200.0,157028.46097247407
-122.18,37.74,42.0,541.0,154.0,380.0,123.0,2.3456,NEAR BAY,2,83500.0,156250.2132545984
-118.29,33.72,21.0,1568.0,452.0,801.0,422.0,3.5109,NEAR OCEAN,3,225000.0,259406.4563413515
-121.92,37.32,31.0,1902.0,554.0,1485.0,494.0,2.4207,<1H OCEAN,2,165600.0,178224.5173866522
-118.45,34.28,38.0,1527.0,332.0,1303.0,340.0,3.5714,<1H OCEAN,3,152000.0,206382.132492351
-122.39,37.73,52.0,1931.0,329.0,1025.0,293.0,2.9063,NEAR BAY,2,192000.0,225673.81951816735
-117.04,32.81,12.0,2880.0,406.0,1381.0,418.0,6.5412,<1H OCEAN,5,254200.0,270421.0653173087
-118.06,34.71,14.0,2606.0,514.0,1228.0,512.0,2.5764,INLAND,2,150000.0,90544.12779125659
-118.06,33.8,22.0,1892.0,442.0,1015.0,404.0,4.1379,<1H OCEAN,3,212500.0,216807.5728655336
-122.42,40.63,23.0,2248.0,489.0,1132.0,444.0,1.6429,INLAND,2,80400.0,89119.97002816974
-122.08,37.62,27.0,1826.0,309.0,1016.0,313.0,5.64,NEAR BAY,4,206500.0,249433.1994577652
-122.53,37.5,19.0,4768.0,807.0,2199.0,805.0,6.1896,NEAR OCEAN,5,331100.0,367954.6329164611
-118.56,34.19,35.0,782.0,144.0,425.0,140.0,5.4548,<1H OCEAN,4,201400.0,282314.0097973177
-121.36,38.42,6.0,3254.0,465.0,1168.0,345.0,5.1811,INLAND,4,188400.0,186016.4149107989
-117.78,33.71,4.0,974.0,232.0,428.0,203.0,4.6141,<1H OCEAN,4,195400.0,221370.41992467848
-121.99,37.26,17.0,4034.0,611.0,1158.0,560.0,8.2069,<1H OCEAN,5,442500.0,423447.7122582424
-120.47,34.7,24.0,2387.0,385.0,1051.0,382.0,4.4595,NEAR OCEAN,3,152700.0,238640.090050722
-118.43,34.14,44.0,1693.0,239.0,498.0,216.0,10.9237,<1H OCEAN,5,500001.0,519925.5666962763
-118.09,33.82,36.0,2219.0,393.0,1042.0,396.0,5.2299,<1H OCEAN,4,239800.0,260915.60929375942
-120.89,37.48,27.0,1118.0,195.0,647.0,209.0,2.9135,INLAND,2,159400.0,116837.19173633635
-116.31,33.67,11.0,4686.0,851.0,2466.0,731.0,3.3333,INLAND,3,91800.0,103320.67125251098
-122.43,37.73,52.0,1985.0,401.0,1337.0,424.0,4.1071,NEAR BAY,3,240900.0,307324.0933419111
-117.74,34.09,30.0,3199.0,591.0,2192.0,563.0,3.4871,INLAND,3,136400.0,135674.755593714
-117.1,32.69,29.0,4174.0,1195.0,3675.0,1124.0,1.8112,NEAR OCEAN,2,103600.0,136098.03774298864
-121.29,38.12,18.0,1534.0,275.0,741.0,263.0,3.9607,INLAND,3,132500.0,132296.73888694702
-122.31,37.56,40.0,1351.0,330.0,701.0,297.0,3.32,NEAR OCEAN,3,292900.0,268325.4306361045
-116.01,33.41,20.0,1996.0,515.0,659.0,295.0,2.8684,INLAND,2,62800.0,131057.5924518967
-122.34,37.93,45.0,2225.0,486.0,1304.0,459.0,2.64,NEAR BAY,2,112100.0,139741.3416982496
-118.96,35.4,27.0,2473.0,400.0,1271.0,427.0,3.5524,INLAND,3,89100.0,107444.68896874489
-117.02,33.76,20.0,1317.0,203.0,453.0,158.0,2.8393,INLAND,2,120700.0,100848.81512153064
-122.44,37.78,52.0,3017.0,851.0,1588.0,800.0,3.3882,NEAR BAY,3,471400.0,389650.8541777191
-118.15,34.13,50.0,2443.0,494.0,947.0,451.0,4.7344,<1H OCEAN,4,314700.0,333085.16349999706
-118.14,33.93,32.0,2065.0,438.0,1075.0,442.0,4.4279,<1H OCEAN,3,226400.0,219917.11313409876
-117.17,32.7,33.0,4084.0,897.0,1804.0,833.0,4.0488,NEAR OCEAN,3,409700.0,244045.80892860494
-118.05,33.94,34.0,495.0,120.0,527.0,130.0,1.9453,<1H OCEAN,2,149000.0,135585.84726404859
-119.69,36.73,30.0,2437.0,349.0,1005.0,380.0,7.2211,INLAND,5,171700.0,317554.38482346066
-122.1,37.96,25.0,1374.0,206.0,569.0,235.0,6.3699,NEAR BAY,5,235500.0,279196.21586446435
-117.68,33.52,5.0,3621.0,632.0,1546.0,567.0,5.753,<1H OCEAN,4,322800.0,276474.9848454215
-122.0,37.32,34.0,3450.0,731.0,1915.0,689.0,4.7402,<1H OCEAN,4,244500.0,268789.6692797465
-117.29,33.63,7.0,16010.0,2726.0,7139.0,2426.0,3.8056,<1H OCEAN,3,162200.0,209201.65653878968
-122.06,37.88,34.0,4781.0,703.0,1879.0,714.0,6.5378,NEAR BAY,5,340900.0,371633.8480023256
-118.99,35.37,36.0,832.0,198.0,814.0,174.0,1.4773,INLAND,1,57400.0,50570.79188005025
-118.37,34.18,33.0,1829.0,512.0,1345.0,500.0,3.1629,<1H OCEAN,3,198900.0,214548.18010337622
-122.27,37.83,51.0,2665.0,574.0,1258.0,536.0,2.7303,NEAR BAY,2,109700.0,184134.86668155706
-118.29,34.01,39.0,751.0,207.0,1010.0,231.0,1.6036,<1H OCEAN,2,137500.0,141554.74772341372
-117.66,35.62,11.0,5897.0,1138.0,2728.0,1072.0,4.15,INLAND,3,85700.0,138165.02975062226
-121.53,39.19,27.0,2080.0,412.0,1082.0,382.0,2.5495,INLAND,2,98300.0,96146.07758083998
-117.95,33.92,32.0,1661.0,312.0,1201.0,302.0,4.0,<1H OCEAN,3,178200.0,178942.4727503327
-122.0,37.0,16.0,32.0,4.0,36.0,5.0,2.625,NEAR OCEAN,2,137500.0,209897.2207269813
-122.42,37.75,52.0,2163.0,607.0,1447.0,546.0,3.3555,NEAR BAY,3,275000.0,318283.172705053
-117.96,33.9,9.0,1899.0,284.0,1070.0,293.0,7.2532,<1H OCEAN,5,381500.0,304145.1843755792
-118.4,33.89,36.0,2127.0,314.0,807.0,306.0,8.1596,<1H OCEAN,5,500001.0,485861.25305274536
-117.25,32.84,19.0,1759.0,214.0,659.0,195.0,10.7751,NEAR OCEAN,5,500001.0,471245.72171961627
-120.12,39.18,17.0,2839.0,525.0,390.0,189.0,3.5667,INLAND,3,179200.0,158840.9433266762
-121.1,35.6,20.0,3389.0,704.0,1309.0,520.0,3.2112,NEAR OCEAN,3,204500.0,264523.3671939868
-118.24,34.24,31.0,3019.0,469.0,1349.0,462.0,7.1463,<1H OCEAN,5,394100.0,387135.8072771692
-117.99,33.75,30.0,1859.0,462.0,1314.0,418.0,3.0909,<1H OCEAN,3,184400.0,171172.88275593473
-122.1,37.68,37.0,2116.0,503.0,1109.0,448.0,2.535,NEAR BAY,2,174000.0,171070.69171400336
-120.79,37.43,17.0,2534.0,517.0,1764.0,502.0,2.8519,INLAND,2,80700.0,108193.97945399939
-122.06,37.96,37.0,1784.0,313.0,788.0,304.0,4.2917,NEAR BAY,3,189600.0,203576.49562523505
-119.83,36.54,31.0,1732.0,332.0,979.0,294.0,2.5208,INLAND,2,60000.0,74512.654349739
-118.22,33.89,36.0,873.0,240.0,1086.0,217.0,2.25,<1H OCEAN,2,126600.0,121097.48283074787
-117.99,33.67,17.0,1692.0,427.0,903.0,423.0,3.5859,<1H OCEAN,3,262500.0,229257.32653158266
-122.21,37.79,34.0,2364.0,557.0,1517.0,516.0,2.8365,NEAR BAY,2,139200.0,172764.48264539285
-119.8,36.7,28.0,1592.0,304.0,962.0,282.0,1.3304,INLAND,1,51300.0,54157.572440998025
-118.65,34.27,23.0,1724.0,265.0,934.0,306.0,6.0783,<1H OCEAN,5,229200.0,278625.8384119934
-119.77,36.83,19.0,3237.0,507.0,1378.0,510.0,4.7804,INLAND,4,101100.0,143686.4794756491
-118.15,34.71,35.0,1503.0,309.0,842.0,300.0,2.5278,INLAND,2,97700.0,80398.22864305448
-118.22,34.07,36.0,839.0,250.0,1079.0,245.0,1.7463,<1H OCEAN,2,158300.0,147951.11723942598
-122.04,37.89,33.0,2423.0,322.0,998.0,346.0,7.5349,NEAR BAY,5,349100.0,382105.41641300917
-119.77,36.81,28.0,1713.0,302.0,663.0,282.0,3.567,INLAND,3,85500.0,125992.68239762302
-118.14,33.87,44.0,1607.0,271.0,799.0,283.0,5.084,<1H OCEAN,4,214100.0,264449.2405056278
-118.13,33.81,36.0,1749.0,322.0,855.0,319.0,4.6473,<1H OCEAN,4,227100.0,225111.55905782362
-116.92,32.82,17.0,2492.0,494.0,1278.0,439.0,2.8875,<1H OCEAN,2,155700.0,144361.2064946323
-124.14,40.59,22.0,1665.0,405.0,826.0,382.0,1.5625,NEAR OCEAN,2,66800.0,88228.81555370633
-117.93,34.07,36.0,1207.0,209.0,683.0,213.0,5.3559,<1H OCEAN,4,207300.0,263939.9551426138
-121.37,37.77,19.0,2610.0,474.0,1290.0,452.0,4.1298,INLAND,3,222800.0,148489.9492273889
-122.43,37.77,52.0,4397.0,1116.0,1939.0,1053.0,2.7587,NEAR BAY,2,354500.0,360442.33720157447
-118.47,34.03,31.0,2642.0,681.0,1303.0,625.0,3.5987,<1H OCEAN,3,340500.0,331680.5339917294
-119.06,36.15,25.0,2402.0,478.0,1527.0,461.0,2.3194,INLAND,2,52900.0,66359.96656542417
-122.3,37.86,50.0,499.0,127.0,287.0,128.0,2.75,NEAR BAY,2,140600.0,179042.422876617
-117.95,34.04,27.0,2610.0,846.0,2296.0,750.0,2.274,<1H OCEAN,2,150800.0,172695.22853583546
-120.08,41.79,34.0,1355.0,262.0,434.0,178.0,2.0903,INLAND,2,56100.0,68443.36550636543
-121.91,37.69,23.0,2179.0,308.0,926.0,299.0,5.9345,<1H OCEAN,4,259600.0,288084.9803038624
-118.32,33.83,51.0,2399.0,516.0,1160.0,514.0,3.8456,<1H OCEAN,3,318900.0,269421.62271953747
-118.33,33.93,37.0,1831.0,356.0,925.0,338.0,4.4091,<1H OCEAN,3,148400.0,239281.337853715
-117.97,33.99,22.0,5284.0,982.0,2613.0,932.0,4.7332,<1H OCEAN,4,289900.0,232678.24242265322
-117.92,33.89,12.0,1859.0,393.0,622.0,316.0,5.0258,<1H OCEAN,4,161800.0,255739.49730633013
-118.3,33.74,40.0,1896.0,416.0,950.0,383.0,2.425,NEAR OCEAN,2,255000.0,192565.80061062129
-121.3,38.02,4.0,1515.0,384.0,491.0,348.0,2.8523,INLAND,2,87500.0,122250.2907354613
-117.93,33.94,30.0,2658.0,382.0,1135.0,392.0,6.0516,<1H OCEAN,5,245000.0,310423.54407604283
-118.42,34.01,42.0,1700.0,438.0,997.0,436.0,2.9213,<1H OCEAN,2,305000.0,284932.7185933579
-118.15,34.13,34.0,824.0,224.0,430.0,213.0,3.6389,<1H OCEAN,3,215000.0,227270.43029141924
-117.17,32.75,38.0,5430.0,1176.0,2357.0,1100.0,3.654,NEAR OCEAN,3,249000.0,258293.05768124608
-118.42,34.08,48.0,2413.0,261.0,770.0,248.0,15.0001,<1H OCEAN,5,500001.0,512858.8413299395
-118.43,33.99,45.0,1899.0,461.0,1260.0,415.0,2.6667,<1H OCEAN,2,320000.0,262794.7970698796
-118.04,33.95,36.0,1976.0,368.0,1236.0,355.0,4.615,<1H OCEAN,4,174000.0,202176.0346236355
-121.93,37.3,16.0,2111.0,485.0,1285.0,499.0,5.0477,<1H OCEAN,4,292500.0,263326.88411600754
-117.26,32.82,34.0,5846.0,785.0,1817.0,747.0,8.496,NEAR OCEAN,5,500001.0,490362.44463645463
-122.23,37.76,52.0,3037.0,516.0,1242.0,518.0,5.2128,NEAR BAY,4,289900.0,313075.56147075706
-122.13,37.43,40.0,3454.0,648.0,1498.0,647.0,5.2114,NEAR BAY,4,438400.0,319588.756932654
-118.28,34.08,42.0,1618.0,522.0,1454.0,440.0,3.1607,<1H OCEAN,3,182000.0,202128.752516536
-118.33,34.02,11.0,1249.0,313.0,625.0,336.0,0.8702,<1H OCEAN,1,170500.0,196651.3455373037
-119.82,36.78,36.0,1582.0,313.0,761.0,318.0,2.6055,INLAND,2,69200.0,95784.09282373537
-117.07,32.67,35.0,3200.0,725.0,1723.0,610.0,1.8977,NEAR OCEAN,2,95600.0,140976.34026671317
-117.83,33.66,15.0,2355.0,438.0,747.0,450.0,6.5356,<1H OCEAN,5,272800.0,338557.72633080406
-121.84,38.13,33.0,596.0,105.0,212.0,94.0,4.2813,INLAND,3,81300.0,155368.42293794348
-122.5,37.75,46.0,2298.0,457.0,1429.0,477.0,4.0217,NEAR OCEAN,3,272400.0,258240.04890207792
-120.48,35.05,24.0,2314.0,468.0,1549.0,463.0,2.8203,<1H OCEAN,2,152600.0,163601.44583414818
-121.25,37.94,28.0,964.0,232.0,782.0,218.0,2.3269,INLAND,2,55900.0,79826.9152394809
-117.82,33.85,18.0,1810.0,305.0,1189.0,326.0,5.2227,<1H OCEAN,4,213500.0,230245.93395380335
-121.52,38.65,17.0,1269.0,233.0,494.0,231.0,3.9615,INLAND,3,331300.0,137201.307615642
-118.0,33.81,33.0,2970.0,547.0,1869.0,539.0,4.3636,<1H OCEAN,3,201800.0,198547.18003706448
-119.81,36.76,52.0,1792.0,352.0,1049.0,357.0,2.4375,INLAND,2,57100.0,76283.5879280966
-118.33,34.15,44.0,1321.0,303.0,471.0,301.0,4.2679,<1H OCEAN,3,331800.0,311580.1848215636
-118.01,34.13,36.0,1332.0,217.0,648.0,203.0,4.7159,INLAND,4,365900.0,208604.82993810222
-121.27,37.82,26.0,1170.0,238.0,830.0,216.0,2.6458,INLAND,2,127500.0,99574.76676827067
-119.57,37.02,16.0,4199.0,794.0,2140.0,722.0,3.332,INLAND,3,111800.0,113735.56820678989
-122.46,37.64,26.0,2806.0,375.0,1617.0,396.0,5.3922,NEAR OCEAN,4,353700.0,287953.79323929246
-119.23,34.27,22.0,3536.0,615.0,1650.0,612.0,4.2381,NEAR OCEAN,3,229300.0,270293.53766883427
-118.25,33.93,40.0,975.0,270.0,1068.0,270.0,0.9889,<1H OCEAN,1,87500.0,117102.38787927541
-118.31,33.88,21.0,1490.0,430.0,686.0,400.0,2.3812,<1H OCEAN,2,237500.0,205741.5753398384
-122.36,40.55,21.0,2500.0,466.0,1428.0,502.0,2.6513,INLAND,2,113300.0,85736.48384961672
-117.39,34.1,19.0,1000.0,211.0,572.0,230.0,2.4028,INLAND,2,112500.0,100558.63687180697
-118.09,34.7,6.0,4558.0,804.0,1543.0,563.0,2.8548,INLAND,2,138500.0,107907.45369150315
-117.25,32.81,32.0,2402.0,551.0,1020.0,532.0,3.3942,NEAR OCEAN,3,307400.0,255451.69439705633
-118.24,33.89,34.0,1479.0,332.0,1166.0,322.0,2.6165,<1H OCEAN,2,100900.0,133937.7658081861
-121.78,38.68,39.0,2806.0,662.0,1659.0,638.0,1.9787,INLAND,2,97800.0,96717.24922527866
-118.3,34.25,36.0,1300.0,304.0,688.0,261.0,3.1523,<1H OCEAN,3,176700.0,196565.8958366751
-121.85,36.6,21.0,2381.0,701.0,1264.0,659.0,2.5372,<1H OCEAN,2,218000.0,215169.2531344987
-122.09,37.4,17.0,748.0,184.0,412.0,180.0,3.4375,NEAR BAY,3,290600.0,225536.15363468527
-118.06,33.91,24.0,4880.0,1044.0,4516.0,1050.0,4.1387,<1H OCEAN,3,157700.0,203211.89589450398
-117.64,33.59,4.0,3274.0,383.0,1312.0,390.0,8.1611,<1H OCEAN,5,348000.0,380517.87234390527
-121.24,37.97,47.0,886.0,196.0,517.0,188.0,2.1991,INLAND,2,67200.0,81222.06698876039
-118.07,34.14,42.0,3200.0,685.0,1668.0,628.0,3.375,INLAND,3,260400.0,179617.45354395622
-120.8,38.31,37.0,1341.0,256.0,533.0,242.0,3.2135,INLAND,3,123600.0,133121.9742215888
-119.63,36.33,14.0,2928.0,600.0,1633.0,559.0,1.8385,INLAND,2,67500.0,58075.24623124482
-121.22,38.67,20.0,1412.0,226.0,700.0,227.0,4.05,INLAND,3,130700.0,129760.01086185941
-122.31,40.47,26.0,2723.0,551.0,1326.0,547.0,2.3594,INLAND,2,66000.0,70655.71357550798
-122.03,37.99,37.0,1755.0,327.0,882.0,350.0,4.59,NEAR BAY,4,166600.0,212750.36855676922
-117.26,33.18,9.0,4540.0,793.0,2235.0,746.0,4.5781,NEAR OCEAN,4,225600.0,245936.99058452007
-118.23,34.15,26.0,1649.0,522.0,1332.0,483.0,3.1004,<1H OCEAN,3,257100.0,198055.0387805154
-117.81,33.64,4.0,1741.0,225.0,811.0,233.0,12.3411,<1H OCEAN,5,500001.0,437390.11489549873
-118.21,33.89,39.0,1565.0,364.0,1389.0,360.0,2.7443,<1H OCEAN,2,113900.0,137087.35653658037
-117.53,33.88,22.0,2855.0,667.0,2453.0,624.0,3.1312,INLAND,3,91000.0,110622.4261069254
-121.26,38.64,40.0,1098.0,175.0,415.0,160.0,4.8375,INLAND,4,217400.0,194691.63357473962
-117.1,34.03,24.0,4144.0,826.0,2127.0,772.0,2.5172,INLAND,2,96000.0,99296.79320066713
-120.55,38.46,16.0,1443.0,249.0,435.0,181.0,3.2031,INLAND,3,129200.0,114600.28150031372
-117.98,33.69,22.0,3957.0,520.0,1774.0,527.0,7.0907,<1H OCEAN,5,350200.0,331104.3815650581
-117.81,33.64,16.0,2404.0,349.0,868.0,329.0,11.0138,<1H OCEAN,5,442100.0,447432.2888412184
-116.77,32.82,16.0,3688.0,817.0,1969.0,767.0,2.875,<1H OCEAN,2,222900.0,151137.68348324485
-120.98,37.62,26.0,3819.0,955.0,3010.0,932.0,1.9206,INLAND,2,81300.0,95943.46124948579
-117.89,33.74,34.0,1759.0,353.0,2083.0,330.0,3.2292,<1H OCEAN,3,160600.0,162733.03112693602
-118.76,34.13,10.0,4355.0,716.0,2030.0,674.0,6.5571,NEAR OCEAN,5,500001.0,394196.685747587
-118.57,34.29,4.0,6995.0,1151.0,2907.0,1089.0,7.0808,<1H OCEAN,5,341200.0,338939.64073782816
-118.93,34.18,18.0,2730.0,415.0,1248.0,412.0,6.187,<1H OCEAN,5,287900.0,310076.026254649
-122.05,37.37,27.0,3885.0,661.0,1537.0,606.0,6.6085,<1H OCEAN,5,344700.0,390260.9587208106
-117.96,33.81,35.0,1996.0,326.0,1409.0,330.0,4.7738,<1H OCEAN,4,180000.0,206280.583998848
-117.59,33.66,3.0,1206.0,256.0,563.0,287.0,5.1589,<1H OCEAN,4,167800.0,256895.88414613987
-116.46,33.78,25.0,1137.0,414.0,604.0,240.0,1.3801,INLAND,1,55000.0,87942.65423508326
-118.98,35.38,34.0,1020.0,247.0,795.0,228.0,1.625,INLAND,2,50800.0,52589.693832164354
-117.93,33.74,15.0,1206.0,282.0,677.0,270.0,3.9219,<1H OCEAN,3,142600.0,207576.77554161768
-121.83,37.3,17.0,1299.0,211.0,825.0,217.0,4.5,<1H OCEAN,3,235800.0,233142.7297184029
-122.22,38.11,43.0,1939.0,353.0,968.0,392.0,3.1848,NEAR BAY,3,112700.0,148326.90859840257
-118.2,33.8,45.0,2456.0,495.0,1300.0,450.0,3.9792,NEAR OCEAN,3,210200.0,226175.9374687902
-121.48,36.49,28.0,1006.0,228.0,738.0,193.0,1.9722,<1H OCEAN,2,210700.0,159202.81487423004
-121.47,38.53,44.0,543.0,146.0,506.0,125.0,1.3646,INLAND,1,65400.0,77313.29677375317
-118.19,33.78,8.0,992.0,393.0,694.0,331.0,2.5544,NEAR OCEAN,2,162500.0,192226.27955919708
-117.97,34.14,15.0,3595.0,964.0,1839.0,877.0,2.6014,INLAND,2,150300.0,150471.43124927834
-118.4,34.05,26.0,4473.0,923.0,1518.0,805.0,5.0762,<1H OCEAN,4,500001.0,365987.0805205062
-122.19,37.77,45.0,1852.0,393.0,1132.0,349.0,2.7159,NEAR BAY,2,101400.0,159099.4637261711
-118.52,34.18,42.0,1611.0,410.0,879.0,386.0,3.1923,<1H OCEAN,3,221800.0,244281.5145984856
-121.57,37.0,18.0,7241.0,1225.0,4168.0,1138.0,4.5714,INLAND,4,260300.0,182990.60438375277
-117.86,33.78,21.0,2713.0,731.0,1952.0,722.0,2.6959,<1H OCEAN,2,178800.0,173882.39221789257
-118.37,34.2,33.0,1438.0,309.0,1378.0,306.0,2.8917,<1H OCEAN,2,170400.0,177137.24530081326
-118.49,34.28,27.0,2535.0,389.0,1071.0,386.0,6.8695,<1H OCEAN,5,319400.0,365144.7782626286
-121.4,36.38,39.0,2288.0,529.0,1449.0,410.0,3.3289,<1H OCEAN,3,190600.0,219943.05666860766
-117.3,33.22,4.0,14960.0,2988.0,6666.0,2612.0,3.7568,NEAR OCEAN,3,184100.0,222277.84443971526
-118.53,34.2,26.0,2221.0,662.0,1998.0,603.0,2.8701,<1H OCEAN,2,191100.0,203493.6605699725
-118.31,33.95,44.0,2490.0,430.0,1305.0,411.0,4.8295,<1H OCEAN,4,149600.0,272016.9621769006
-122.2,37.43,22.0,3294.0,744.0,1337.0,655.0,5.2391,NEAR OCEAN,4,500001.0,349156.21480735193
-118.09,33.94,36.0,2762.0,472.0,1576.0,493.0,4.0846,<1H OCEAN,3,183400.0,193056.6568761067
-117.07,33.07,8.0,2756.0,343.0,1045.0,340.0,8.5957,<1H OCEAN,5,444100.0,364667.5463996312
-122.41,37.62,39.0,3119.0,758.0,1807.0,696.0,3.2216,NEAR OCEAN,3,242700.0,261217.36114047412
-117.4,34.0,31.0,1192.0,307.0,1013.0,283.0,2.0742,INLAND,2,76200.0,75730.45030467582
-122.35,37.98,34.0,3756.0,726.0,2237.0,686.0,3.7562,NEAR BAY,3,132900.0,182362.0822563499
-118.22,34.19,36.0,2443.0,492.0,1115.0,493.0,3.9777,<1H OCEAN,3,409800.0,227326.26554273407
-121.28,38.55,35.0,7088.0,1279.0,4885.0,1272.0,2.6981,INLAND,2,112500.0,120173.38474046432
-122.11,37.44,35.0,2016.0,349.0,1023.0,376.0,5.6413,NEAR BAY,4,376600.0,292784.7909277724
-121.26,37.97,31.0,1189.0,295.0,891.0,292.0,2.5536,INLAND,2,50500.0,89001.2330213351
-118.48,34.16,30.0,3507.0,536.0,1427.0,525.0,6.7082,<1H OCEAN,5,500001.0,436214.0894003579
-122.03,37.62,35.0,1298.0,236.0,632.0,204.0,3.8929,NEAR BAY,3,209500.0,211499.8184771315
-121.67,40.87,31.0,1581.0,299.0,776.0,287.0,2.9063,INLAND,2,77800.0,95653.66781615562
-119.22,34.28,24.0,2212.0,332.0,899.0,331.0,5.533,NEAR OCEAN,4,299700.0,287834.6390127477
-118.29,34.36,34.0,503.0,99.0,275.0,68.0,4.5491,INLAND,4,375000.0,173618.91182409367
-117.06,32.57,16.0,1269.0,282.0,1609.0,298.0,2.6985,NEAR OCEAN,2,156500.0,101941.22569593969
-121.94,37.28,18.0,4356.0,1334.0,1968.0,1245.0,3.6294,<1H OCEAN,3,240000.0,259436.1616455843
-122.12,39.91,16.0,4006.0,797.0,2028.0,752.0,2.3929,INLAND,2,77200.0,87506.19669693506
-118.92,36.04,28.0,1148.0,233.0,521.0,212.0,2.9208,INLAND,2,98500.0,96420.50389389435
-122.41,37.8,52.0,2583.0,672.0,1335.0,613.0,3.1477,NEAR BAY,3,500001.0,317208.68305711076
-121.43,37.74,40.0,859.0,196.0,427.0,176.0,3.5789,INLAND,3,110400.0,134942.74461035503
-120.37,36.13,10.0,2522.0,533.0,1335.0,493.0,3.2639,INLAND,3,86400.0,110078.87574847825
-118.3,34.09,36.0,2332.0,993.0,3155.0,927.0,2.2612,<1H OCEAN,2,230400.0,191787.801001617
-117.96,34.14,33.0,1994.0,405.0,993.0,403.0,3.766,INLAND,3,163900.0,175425.35126500452
-122.11,37.38,36.0,3598.0,500.0,1296.0,533.0,7.8177,NEAR BAY,5,500001.0,443023.15684756025
-121.03,40.35,52.0,5486.0,1044.0,1977.0,754.0,2.1833,INLAND,2,49500.0,98060.04904482684
-118.07,34.58,34.0,3416.0,601.0,1929.0,567.0,4.0147,INLAND,3,107400.0,129828.59297580722
-121.84,36.25,20.0,958.0,245.0,590.0,189.0,2.6094,NEAR OCEAN,2,362500.0,198898.83273701847
-118.16,34.04,38.0,1076.0,286.0,1535.0,323.0,2.7026,<1H OCEAN,2,145000.0,149044.01131392992
-121.93,37.34,48.0,2068.0,495.0,946.0,452.0,3.0375,<1H OCEAN,3,218500.0,236702.98545621074
-117.99,34.12,37.0,1527.0,331.0,1504.0,324.0,3.2857,INLAND,3,130100.0,125087.62979088683
-118.07,33.89,32.0,1819.0,386.0,1679.0,360.0,3.5562,<1H OCEAN,3,146000.0,174721.4103059703
-121.79,38.67,17.0,2875.0,810.0,1876.0,749.0,1.951,INLAND,2,152500.0,93144.2746107072
-122.31,37.52,35.0,1817.0,262.0,659.0,262.0,6.8336,NEAR OCEAN,5,457200.0,442001.12344211317
-121.82,37.98,13.0,3995.0,605.0,1969.0,607.0,5.0164,INLAND,4,165200.0,160787.7811688212
-118.42,34.02,28.0,3167.0,737.0,1248.0,665.0,3.1941,<1H OCEAN,3,394700.0,324861.473750875
-117.09,32.55,8.0,6533.0,1217.0,4797.0,1177.0,3.9583,NEAR OCEAN,3,144400.0,167039.59706980403
-121.39,38.61,36.0,2396.0,536.0,1225.0,515.0,2.9559,INLAND,2,136600.0,116739.2900192425
-122.02,38.38,16.0,808.0,137.0,371.0,145.0,6.0767,INLAND,5,216400.0,218850.40994775534
-121.16,37.73,7.0,4956.0,941.0,3006.0,915.0,3.4426,INLAND,3,139000.0,131757.6233808643
-121.63,39.16,7.0,1879.0,444.0,1065.0,410.0,2.4183,INLAND,2,103800.0,99144.18354893677
-118.38,33.81,41.0,1889.0,301.0,802.0,278.0,6.015,NEAR OCEAN,5,488500.0,416327.2223839228
-117.26,33.09,13.0,3730.0,761.0,1335.0,603.0,4.1667,NEAR OCEAN,3,227100.0,247465.7983956538
-117.63,33.63,6.0,3068.0,549.0,985.0,536.0,4.2009,<1H OCEAN,3,238000.0,247028.4616287983
-118.31,34.27,35.0,1446.0,274.0,759.0,291.0,6.0808,<1H OCEAN,5,215600.0,328138.7449855241
-122.21,37.84,44.0,3424.0,597.0,1358.0,597.0,6.0194,NEAR BAY,5,292300.0,357372.8478132098
-117.09,32.64,38.0,2095.0,536.0,1240.0,550.0,2.7218,NEAR OCEAN,2,145900.0,151091.57086463732
-117.16,33.57,2.0,20391.0,3245.0,7132.0,2716.0,3.9443,<1H OCEAN,3,187300.0,202400.69540323442
-121.02,39.01,17.0,4786.0,799.0,2066.0,770.0,3.9734,INLAND,3,185400.0,148296.446798726
-118.25,34.16,24.0,5131.0,1436.0,2690.0,1371.0,2.5668,<1H OCEAN,2,280000.0,203970.8144803308
-118.21,33.94,34.0,710.0,205.0,1134.0,233.0,2.7734,<1H OCEAN,2,141100.0,136128.54445615123
-122.09,37.68,43.0,1415.0,348.0,569.0,293.0,2.5156,NEAR BAY,2,190900.0,180383.9605847792
-117.37,34.07,52.0,50.0,9.0,60.0,16.0,4.125,INLAND,3,262500.0,230284.87288483404
-122.49,37.86,52.0,2175.0,510.0,809.0,503.0,4.5398,NEAR BAY,4,442000.0,425245.066135164
-118.88,34.22,22.0,3654.0,517.0,1565.0,518.0,6.2748,<1H OCEAN,5,274800.0,293076.0612241363
-117.3,34.15,40.0,961.0,199.0,509.0,182.0,2.06,INLAND,2,85500.0,89195.65770041592
-122.01,37.58,17.0,4313.0,717.0,2629.0,721.0,5.7579,NEAR BAY,4,231800.0,270376.0120247535
-118.71,34.29,24.0,2983.0,406.0,1203.0,381.0,6.3236,<1H OCEAN,5,302000.0,310854.1758230174
-118.62,34.2,23.0,3098.0,542.0,1486.0,492.0,5.7613,<1H OCEAN,4,235800.0,289876.71412440203
-122.25,39.79,16.0,2127.0,412.0,1104.0,369.0,3.0469,INLAND,3,72200.0,99129.91569031213
-121.82,37.35,24.0,2298.0,575.0,2409.0,569.0,3.4509,<1H OCEAN,3,182400.0,212849.91898651008
-122.42,37.8,52.0,4985.0,1355.0,1848.0,1255.0,4.9211,NEAR BAY,4,500001.0,437126.01481325866
-121.83,39.72,52.0,1890.0,420.0,974.0,383.0,1.6827,INLAND,2,78700.0,75749.46548032174
-118.45,34.19,11.0,2479.0,900.0,2466.0,855.0,2.2264,<1H OCEAN,2,181300.0,192813.69293184724
-117.84,34.13,26.0,3773.0,694.0,2103.0,688.0,4.6937,INLAND,4,198000.0,199781.33318916024
-118.34,33.92,29.0,1475.0,349.0,965.0,370.0,3.3558,<1H OCEAN,3,199600.0,207329.39128032172
-120.04,36.93,11.0,3606.0,699.0,2074.0,644.0,2.6941,INLAND,2,63300.0,102680.35732851889
-118.94,37.13,12.0,2255.0,472.0,1006.0,334.0,4.1563,INLAND,3,94000.0,149646.82959749145
-119.19,34.17,31.0,1872.0,434.0,1511.0,405.0,3.2314,NEAR OCEAN,3,186800.0,249950.14122143082
-117.05,32.72,35.0,1777.0,369.0,1158.0,353.0,3.4107,NEAR OCEAN,3,117000.0,151242.92115592267
-121.87,38.02,31.0,3644.0,746.0,2229.0,678.0,3.1389,INLAND,3,117800.0,118188.53196051958
-117.03,34.02,26.0,3909.0,670.0,1884.0,665.0,4.1361,INLAND,3,121000.0,142122.5272871117
-118.39,34.03,39.0,1366.0,375.0,1237.0,370.0,3.7206,<1H OCEAN,3,230900.0,283700.00759460294
-122.43,37.76,52.0,3771.0,1017.0,1575.0,921.0,3.5655,NEAR BAY,3,427300.0,385712.1271734153
-116.87,33.57,12.0,1153.0,265.0,446.0,195.0,3.038,INLAND,3,128100.0,114695.36892888638
-117.77,33.53,46.0,1033.0,223.0,462.0,224.0,3.2708,<1H OCEAN,3,384700.0,266453.813855035
-122.43,37.71,24.0,4299.0,857.0,2249.0,788.0,4.6098,NEAR BAY,4,290400.0,290354.9619151821
-117.1,32.75,11.0,2393.0,726.0,1905.0,711.0,1.3448,NEAR OCEAN,1,91300.0,121230.89947558119
-120.06,36.95,24.0,646.0,134.0,454.0,149.0,2.125,INLAND,2,61900.0,79465.41366845592
-119.01,34.23,11.0,5785.0,1035.0,2760.0,985.0,4.693,<1H OCEAN,4,232200.0,255600.03674762207
-121.35,38.7,5.0,14414.0,2979.0,7608.0,2832.0,3.5802,INLAND,3,129600.0,136787.2841472465
-117.42,34.08,21.0,4460.0,930.0,2657.0,839.0,2.7569,INLAND,2,127500.0,120343.70788135595
-117.86,33.73,31.0,1115.0,268.0,1369.0,259.0,3.5694,<1H OCEAN,3,150500.0,169395.60435815752
-117.16,32.8,25.0,1399.0,329.0,1308.0,355.0,2.5682,NEAR OCEAN,2,187500.0,146276.70165826782
-118.07,33.67,13.0,5126.0,711.0,2429.0,718.0,9.5268,NEAR OCEAN,5,437900.0,465896.6270000685
-118.14,34.68,25.0,1703.0,342.0,775.0,309.0,4.5455,INLAND,4,126500.0,160499.00891641964
-122.55,37.9,34.0,1431.0,224.0,503.0,220.0,7.9606,NEAR BAY,5,453400.0,514299.3361267753
-121.87,37.67,28.0,1812.0,294.0,853.0,278.0,4.9879,INLAND,4,229400.0,167884.39908606093
-122.27,37.51,39.0,3996.0,793.0,1744.0,761.0,4.5075,NEAR OCEAN,4,364900.0,322110.26163013675
-122.68,38.43,18.0,2723.0,529.0,1150.0,520.0,3.5885,<1H OCEAN,3,191900.0,222833.76591311747
-118.23,33.95,37.0,2667.0,671.0,2865.0,683.0,0.6831,<1H OCEAN,1,87500.0,195587.6101542388
-119.45,35.07,45.0,973.0,183.0,500.0,177.0,2.6389,INLAND,2,30000.0,86321.12513122245
-117.91,33.63,30.0,2071.0,412.0,1081.0,412.0,4.9125,<1H OCEAN,4,335700.0,305639.6736770063
-122.49,38.29,26.0,1726.0,289.0,672.0,251.0,3.8,<1H OCEAN,3,242100.0,229630.36085597792
-118.43,34.23,37.0,1737.0,369.0,1061.0,356.0,3.9615,<1H OCEAN,3,173700.0,221601.1184678532
-119.22,36.31,17.0,2079.0,459.0,2022.0,462.0,1.5464,INLAND,2,54100.0,49021.05157510636
-120.84,35.33,15.0,3276.0,670.0,1520.0,613.0,3.6412,NEAR OCEAN,3,207800.0,259165.34841524094
-115.64,32.75,19.0,377.0,69.0,198.0,55.0,1.625,INLAND,2,112500.0,76218.3487831447
-117.91,34.1,35.0,2746.0,478.0,1779.0,501.0,4.25,<1H OCEAN,3,166700.0,216707.2044848188
-122.3,37.56,37.0,1962.0,367.0,1267.0,382.0,4.7344,NEAR OCEAN,4,271800.0,284239.3238053782
-117.06,32.57,17.0,2252.0,378.0,1776.0,365.0,4.6364,NEAR OCEAN,4,141100.0,161560.25093292698
-118.05,34.02,31.0,40.0,8.0,25.0,7.0,2.125,<1H OCEAN,2,375000.0,168210.96378712513
-118.39,34.23,43.0,1193.0,299.0,1184.0,320.0,2.1518,<1H OCEAN,2,161600.0,152297.05500304862
-117.99,33.88,15.0,2298.0,567.0,1261.0,527.0,4.2422,<1H OCEAN,3,159400.0,226341.44121309288
-121.28,37.83,32.0,696.0,151.0,443.0,144.0,2.5156,INLAND,2,86300.0,103593.35015197584
-121.99,36.98,40.0,1104.0,224.0,669.0,215.0,4.3409,NEAR OCEAN,3,256300.0,278172.0227967053
-118.53,34.21,18.0,3124.0,796.0,1855.0,725.0,2.9389,<1H OCEAN,2,213200.0,206998.40809406727
-117.85,33.85,17.0,4678.0,1065.0,2427.0,1020.0,4.2276,<1H OCEAN,3,254100.0,218993.74355638836
-117.24,33.95,11.0,6617.0,1118.0,3710.0,1087.0,4.7877,INLAND,4,132600.0,162100.56897149023
-117.32,33.23,24.0,2580.0,604.0,982.0,569.0,1.6402,NEAR OCEAN,2,169300.0,191411.03837490638
-122.43,37.75,52.0,2960.0,623.0,1191.0,589.0,3.95,NEAR BAY,3,347700.0,352285.03433478076
-117.98,34.1,22.0,5661.0,1209.0,5389.0,1178.0,3.7727,INLAND,3,159700.0,169308.7194265427
-120.1,36.96,20.0,2100.0,317.0,910.0,274.0,4.8187,INLAND,4,90900.0,157034.77494510397
-118.17,33.83,46.0,1362.0,214.0,531.0,222.0,4.3125,NEAR OCEAN,3,290500.0,254483.92117247227
-117.85,34.1,22.0,5179.0,944.0,2315.0,884.0,4.51,<1H OCEAN,4,189900.0,247904.05651745596
-118.36,34.13,36.0,6871.0,1180.0,2216.0,1130.0,8.0499,<1H OCEAN,5,495600.0,512854.69065811165
-122.21,37.83,34.0,5065.0,788.0,1627.0,766.0,6.8976,NEAR BAY,5,333300.0,404268.4967482105
-121.75,37.69,26.0,2647.0,536.0,1422.0,522.0,3.7212,INLAND,3,183800.0,137952.419803956
-117.95,34.08,37.0,1137.0,203.0,672.0,226.0,3.2969,<1H OCEAN,3,189000.0,195419.24288642785
-121.48,38.58,52.0,2501.0,757.0,1081.0,708.0,1.5872,INLAND,2,157500.0,131904.10992634046
-119.78,36.3,30.0,1846.0,391.0,1255.0,352.0,2.1681,INLAND,2,66600.0,54830.75209430789
-117.26,34.24,10.0,4750.0,844.0,1220.0,428.0,4.5536,INLAND,4,132400.0,169630.00904639135
-118.23,34.11,33.0,2612.0,646.0,2496.0,606.0,3.133,<1H OCEAN,3,156000.0,194962.11763184072
-118.46,34.04,31.0,2621.0,707.0,1632.0,673.0,3.287,<1H OCEAN,3,348100.0,307470.72279159265
-121.92,36.61,27.0,1619.0,352.0,831.0,344.0,4.3,NEAR OCEAN,3,226400.0,273267.3739979558
-118.05,36.64,34.0,2090.0,478.0,896.0,426.0,2.0357,INLAND,2,74200.0,85110.1062852546
-117.75,33.71,15.0,2849.0,537.0,878.0,520.0,3.2841,<1H OCEAN,3,158300.0,219476.12810201623
-122.07,37.36,28.0,4612.0,608.0,1686.0,567.0,10.0346,<1H OCEAN,5,500001.0,485701.1874235847
-118.13,33.89,29.0,2823.0,737.0,1723.0,678.0,2.7121,<1H OCEAN,2,165500.0,188859.64601700113
-121.95,37.31,27.0,2462.0,570.0,1278.0,565.0,3.5652,<1H OCEAN,3,329500.0,255086.40133894412
-117.1,32.76,30.0,1835.0,474.0,934.0,415.0,2.875,NEAR OCEAN,2,139600.0,173171.32033965373
-117.04,32.6,18.0,4747.0,846.0,3002.0,872.0,3.9076,NEAR OCEAN,3,152900.0,160468.69708404317
-118.11,33.77,15.0,9103.0,1847.0,3333.0,1712.0,5.1508,NEAR OCEAN,4,367300.0,287848.349618647
-122.04,39.72,23.0,2502.0,481.0,1443.0,455.0,2.5625,INLAND,2,70000.0,84498.01454404593
-118.28,33.93,42.0,1898.0,460.0,1503.0,429.0,2.5179,<1H OCEAN,2,97400.0,135755.46707436576
-121.62,39.12,35.0,2787.0,587.0,1431.0,601.0,2.5469,INLAND,2,65900.0,103248.05620006408
-118.99,35.36,31.0,1498.0,359.0,1168.0,340.0,1.2232,INLAND,1,49300.0,49944.45266154927
-117.89,34.01,23.0,4535.0,955.0,3881.0,930.0,3.6275,<1H OCEAN,3,154100.0,211929.13848949302
-118.35,33.91,25.0,1884.0,554.0,1337.0,549.0,2.8512,<1H OCEAN,2,272800.0,190420.28949843757
-118.32,34.17,47.0,2589.0,465.0,1284.0,485.0,5.1008,<1H OCEAN,4,247100.0,305152.7445838098
-122.27,37.87,30.0,1465.0,439.0,862.0,425.0,1.7778,NEAR BAY,2,268800.0,171187.5527467575
-118.12,34.05,32.0,3775.0,786.0,2416.0,792.0,3.6625,<1H OCEAN,3,247600.0,220659.3432627593
-118.31,33.77,20.0,5776.0,956.0,2757.0,936.0,6.6447,<1H OCEAN,5,416800.0,340586.9291979741
-121.3,38.65,36.0,1665.0,293.0,846.0,306.0,3.5852,INLAND,3,121600.0,120497.60058151427
-118.2,33.96,44.0,3114.0,779.0,2959.0,776.0,3.1875,<1H OCEAN,3,171700.0,173630.0284834785
-118.85,34.18,11.0,5873.0,1455.0,3089.0,1365.0,3.5504,<1H OCEAN,3,173800.0,256783.38534030205
-118.04,33.75,16.0,3757.0,650.0,1291.0,614.0,5.2001,<1H OCEAN,4,235600.0,272575.3519043975
-118.09,34.15,49.0,1467.0,259.0,688.0,260.0,4.3452,INLAND,3,260100.0,243798.16418504238
-118.28,34.1,48.0,805.0,246.0,633.0,235.0,2.3421,<1H OCEAN,2,200000.0,177625.69730706853
-118.11,33.94,36.0,1949.0,319.0,909.0,325.0,5.1587,<1H OCEAN,4,296600.0,246752.8581951386
-121.51,37.02,19.0,2372.0,394.0,1142.0,365.0,4.0238,INLAND,3,374600.0,143919.76053492358
-122.31,37.91,45.0,3924.0,834.0,1992.0,773.0,4.1146,NEAR BAY,3,177800.0,243354.90765908064
-117.87,34.15,37.0,2655.0,415.0,1056.0,401.0,5.4224,INLAND,4,269500.0,253844.33491675623
-120.36,36.14,18.0,1206.0,274.0,622.0,217.0,1.8264,INLAND,2,62000.0,72601.7412143897
-118.28,34.25,35.0,2045.0,450.0,1166.0,407.0,3.5214,<1H OCEAN,3,197600.0,195195.12592703095
-121.27,37.96,43.0,948.0,221.0,749.0,208.0,1.962,INLAND,2,52700.0,70574.07580644038
-117.98,33.8,32.0,2161.0,432.0,1503.0,402.0,4.3036,<1H OCEAN,3,191400.0,197226.92469222107
-122.49,37.74,52.0,2442.0,449.0,1188.0,436.0,4.3909,NEAR OCEAN,3,317700.0,336168.6212215112
-118.29,33.8,21.0,9944.0,1623.0,4185.0,1582.0,4.526,<1H OCEAN,4,329400.0,234154.42430999412
-118.4,33.96,43.0,2416.0,454.0,1028.0,409.0,5.6732,<1H OCEAN,4,330700.0,422135.261389406
-118.41,34.3,28.0,3187.0,569.0,2205.0,559.0,5.1668,<1H OCEAN,4,187400.0,258066.3010277073
-118.06,34.16,46.0,1467.0,298.0,816.0,267.0,3.6705,INLAND,3,286500.0,175584.1159279011
-116.43,33.75,24.0,2596.0,438.0,473.0,237.0,3.7727,INLAND,3,500001.0,151486.79482447403
-121.78,38.01,19.0,2688.0,469.0,1216.0,422.0,4.4491,INLAND,3,133900.0,158672.35407983788
-118.53,34.22,29.0,4101.0,849.0,2630.0,867.0,4.6607,<1H OCEAN,4,199800.0,246612.35874719627
-114.63,32.76,15.0,1448.0,378.0,949.0,300.0,0.8585,INLAND,1,45000.0,67847.1070889065
-122.02,37.3,26.0,1983.0,301.0,924.0,297.0,6.7123,<1H OCEAN,5,354600.0,325303.48680325586
-118.42,33.99,35.0,1724.0,419.0,1079.0,394.0,4.5521,<1H OCEAN,4,263800.0,326451.50282529846
-118.01,34.12,32.0,1937.0,332.0,922.0,340.0,3.94,INLAND,3,278400.0,172162.5475053209
-118.19,33.8,38.0,2010.0,595.0,1535.0,525.0,1.9848,NEAR OCEAN,2,160400.0,166599.34059410452
-117.97,33.92,32.0,2620.0,398.0,1296.0,429.0,5.7796,<1H OCEAN,4,241300.0,286799.20771768136
-120.84,38.63,12.0,1313.0,231.0,731.0,232.0,5.7373,INLAND,4,208300.0,212567.28417265083
-121.9,37.27,28.0,4538.0,685.0,1996.0,667.0,5.4609,<1H OCEAN,4,263600.0,288443.8358124477
-116.92,32.85,23.0,1378.0,269.0,767.0,266.0,4.0625,<1H OCEAN,3,145000.0,167478.45217477364
-123.04,38.49,30.0,3977.0,930.0,1387.0,582.0,2.6161,NEAR OCEAN,2,132500.0,176825.36402919138
-118.18,34.11,33.0,1523.0,391.0,753.0,298.0,2.6591,<1H OCEAN,2,183800.0,200698.53089356024
-119.85,36.75,24.0,1143.0,245.0,608.0,240.0,2.8194,INLAND,2,81100.0,84389.17392580202
-118.43,34.23,35.0,1225.0,228.0,720.0,231.0,3.4013,<1H OCEAN,3,176500.0,203034.75219457748
-118.27,34.16,47.0,1453.0,356.0,787.0,345.0,3.0114,<1H OCEAN,3,255500.0,201649.19243204678
-118.13,33.88,32.0,1788.0,459.0,1131.0,461.0,3.5278,<1H OCEAN,3,166100.0,199764.54482704215
-121.31,38.71,18.0,3998.0,744.0,2071.0,660.0,4.3836,INLAND,3,102000.0,155593.96479132614
-117.31,34.14,44.0,1487.0,273.0,972.0,281.0,3.2292,INLAND,3,86100.0,106714.5394117435
-122.4,40.51,20.0,1750.0,352.0,834.0,340.0,2.485,INLAND,2,100600.0,104595.82575352094
-122.45,37.77,52.0,2191.0,627.0,1100.0,585.0,3.0409,NEAR BAY,3,500000.0,349393.89926161914
-118.2,33.81,47.0,2347.0,437.0,1219.0,420.0,5.3096,NEAR OCEAN,4,209900.0,324201.33775179577
-121.28,37.95,49.0,1200.0,364.0,1448.0,318.0,1.1094,INLAND,1,52500.0,61218.57181092262
-118.34,34.2,41.0,2860.0,682.0,1516.0,621.0,3.0431,<1H OCEAN,3,262900.0,224231.88582411158
-119.82,36.84,7.0,2289.0,342.0,1077.0,354.0,5.4868,INLAND,4,158800.0,166576.33443804728
-117.86,34.13,40.0,1304.0,280.0,607.0,256.0,2.588,INLAND,2,209500.0,148949.11657578553
-118.31,34.1,33.0,766.0,347.0,918.0,305.0,1.705,<1H OCEAN,2,350000.0,185420.65181909586
-118.46,34.26,36.0,1394.0,254.0,761.0,262.0,4.9485,<1H OCEAN,4,217100.0,238722.91953794414
-120.55,37.32,21.0,1410.0,229.0,590.0,205.0,3.3194,INLAND,3,141400.0,111730.58674473938
-116.31,33.67,15.0,2214.0,410.0,1152.0,350.0,2.9187,INLAND,2,93400.0,99519.38242591707
-122.27,37.86,52.0,2307.0,583.0,1127.0,548.0,1.8447,NEAR BAY,2,198200.0,170257.78323143953
-117.88,33.75,34.0,3004.0,673.0,5477.0,640.0,2.8342,<1H OCEAN,2,187200.0,159475.07998403907
-122.39,37.74,45.0,1462.0,308.0,924.0,302.0,2.1767,NEAR BAY,2,185300.0,173497.94396492676
-118.04,34.13,35.0,249.0,31.0,268.0,29.0,15.0001,INLAND,5,500001.0,403608.0544619611
-119.04,34.34,35.0,462.0,90.0,334.0,96.0,5.3582,<1H OCEAN,4,281300.0,274169.0484248001
-118.24,33.91,36.0,1446.0,316.0,1286.0,314.0,2.7083,<1H OCEAN,2,103600.0,136432.55583388495
-122.59,38.12,25.0,7784.0,1145.0,3445.0,1166.0,6.0132,<1H OCEAN,5,287900.0,294145.9846579822
-118.29,34.17,12.0,2238.0,682.0,1882.0,611.0,2.9,<1H OCEAN,2,208300.0,189580.88407064282
-122.33,37.98,3.0,2850.0,544.0,1024.0,515.0,6.0115,NEAR BAY,5,175000.0,275768.34883109224
-122.97,38.5,44.0,3234.0,746.0,1112.0,470.0,1.9265,<1H OCEAN,2,132700.0,158928.68712549843
-117.9,34.07,35.0,1646.0,294.0,1056.0,280.0,3.055,<1H OCEAN,3,172000.0,170277.83885403513
-117.8,33.83,17.0,2971.0,350.0,1180.0,346.0,11.1228,<1H OCEAN,5,500001.0,426430.9958940311
-115.49,32.69,17.0,1960.0,389.0,1691.0,356.0,1.899,INLAND,2,64000.0,44219.784848425945
-122.28,37.88,52.0,1909.0,416.0,811.0,406.0,3.006,NEAR BAY,3,227900.0,212206.83922434636
-119.32,36.21,25.0,2360.0,460.0,1424.0,436.0,2.3152,INLAND,2,63100.0,66359.96656542417
-117.12,32.7,36.0,1011.0,253.0,763.0,226.0,1.8187,NEAR OCEAN,2,84100.0,107060.56213174039
-122.26,38.33,34.0,2048.0,316.0,780.0,267.0,5.815,NEAR BAY,4,339200.0,285012.6235240198
-120.16,36.96,18.0,508.0,104.0,393.0,114.0,3.0,INLAND,2,156300.0,109882.48712617865
-117.25,32.73,38.0,1840.0,291.0,633.0,283.0,4.9125,NEAR OCEAN,4,383600.0,291760.57603530865
-117.55,33.87,18.0,8136.0,1584.0,4976.0,1516.0,3.9414,INLAND,3,137100.0,146814.08704095404
-119.66,36.32,24.0,2652.0,568.0,1532.0,445.0,2.3256,INLAND,2,56800.0,70427.46781588507
-121.27,37.98,43.0,2608.0,516.0,1322.0,528.0,2.5714,INLAND,2,70000.0,95770.0763172943
-121.42,38.22,35.0,1507.0,313.0,868.0,283.0,2.0284,INLAND,2,96300.0,78064.65973304912
-121.31,37.96,52.0,1829.0,301.0,694.0,319.0,3.3466,INLAND,3,92600.0,143788.90308624032
-118.05,33.78,25.0,2356.0,330.0,937.0,326.0,6.6264,<1H OCEAN,5,359100.0,320616.4522260694
-118.09,33.9,36.0,1215.0,279.0,862.0,285.0,3.7604,<1H OCEAN,3,158700.0,180003.3875823598
-118.4,33.86,41.0,2237.0,597.0,938.0,523.0,4.7105,<1H OCEAN,4,500001.0,392973.85794509616
-121.0,35.94,16.0,3077.0,628.0,1479.0,536.0,3.3724,<1H OCEAN,3,114600.0,224695.1422368741
-117.77,33.88,8.0,4874.0,627.0,2070.0,619.0,8.1117,<1H OCEAN,5,410200.0,377231.05869037186
-121.95,37.32,20.0,1145.0,198.0,431.0,173.0,3.1103,<1H OCEAN,3,281900.0,213021.0844523353
-122.34,40.58,7.0,4843.0,992.0,2223.0,932.0,3.0549,INLAND,3,101700.0,119064.70753980335
-122.24,37.8,49.0,2838.0,749.0,1487.0,677.0,2.5238,NEAR BAY,2,169300.0,196897.77367029147
-118.15,33.78,13.0,3056.0,861.0,1600.0,824.0,3.3003,NEAR OCEAN,3,207800.0,227493.43295349454
-122.53,37.9,44.0,2846.0,551.0,1232.0,537.0,3.8839,NEAR BAY,3,327200.0,326388.1016075922
-118.31,33.8,31.0,4464.0,991.0,2420.0,947.0,4.0425,<1H OCEAN,3,277900.0,244399.38266280814
-116.76,34.29,14.0,3959.0,849.0,1064.0,376.0,2.8214,INLAND,2,111400.0,112497.27496423661
-122.21,37.76,52.0,1420.0,314.0,1085.0,300.0,1.7546,NEAR BAY,2,80600.0,133369.6117093201
-117.77,33.7,3.0,3636.0,749.0,1486.0,696.0,5.5464,<1H OCEAN,4,207500.0,265228.7589809453
-122.03,37.91,29.0,5438.0,871.0,2310.0,890.0,5.0362,NEAR BAY,4,275300.0,250816.36372193473
-121.93,37.33,44.0,2142.0,358.0,846.0,375.0,5.4273,<1H OCEAN,4,421000.0,325111.8617804168
-122.23,40.2,17.0,762.0,138.0,322.0,139.0,4.2917,INLAND,3,128800.0,141096.39640922056
-121.93,36.63,28.0,3983.0,852.0,1582.0,778.0,3.5147,NEAR OCEAN,3,313900.0,289014.9544731382
-118.91,35.37,32.0,4121.0,755.0,2590.0,721.0,3.3462,INLAND,3,67600.0,97656.86518610622
-120.73,37.38,37.0,653.0,176.0,827.0,176.0,1.9236,INLAND,2,64400.0,77795.6813104707
-118.34,33.93,36.0,1528.0,486.0,1824.0,470.0,2.2679,<1H OCEAN,2,153900.0,159986.45046068897
-121.35,38.66,8.0,3322.0,805.0,1694.0,774.0,2.7011,INLAND,2,130700.0,128359.04915227435
-118.38,34.17,33.0,1588.0,454.0,739.0,392.0,2.8208,<1H OCEAN,2,238500.0,269341.6969491934
-122.15,37.46,42.0,1995.0,412.0,794.0,374.0,5.6234,NEAR BAY,4,379600.0,349485.0987806846
-117.82,33.75,24.0,893.0,209.0,342.0,197.0,2.8261,<1H OCEAN,2,146500.0,172232.6086189163
-118.19,33.85,45.0,1167.0,302.0,773.0,287.0,3.2798,NEAR OCEAN,3,150300.0,202105.76916991378
-117.71,33.61,25.0,3004.0,718.0,891.0,626.0,2.395,<1H OCEAN,2,80300.0,201091.99826302976
-121.17,38.71,15.0,3084.0,557.0,1040.0,562.0,2.5183,INLAND,2,293300.0,122131.40160587331
-122.08,37.9,29.0,4133.0,770.0,1691.0,744.0,5.1097,NEAR BAY,4,288000.0,281985.5599375029
-121.87,38.0,17.0,2713.0,442.0,1475.0,415.0,4.8542,INLAND,4,144100.0,160502.70322803746
-117.62,34.07,15.0,4061.0,811.0,2884.0,734.0,3.3936,INLAND,3,127000.0,128027.54414199373
-122.12,37.71,38.0,1164.0,284.0,632.0,289.0,3.0345,NEAR BAY,3,152100.0,194419.73014716778
-121.22,39.11,14.0,1405.0,269.0,660.0,228.0,3.0804,INLAND,3,156800.0,123125.19802286374
-117.04,34.0,25.0,3750.0,781.0,1594.0,785.0,2.4167,INLAND,2,104900.0,124827.45690601961
-118.45,34.1,31.0,6675.0,842.0,2092.0,796.0,11.8442,<1H OCEAN,5,500001.0,522193.0111344412
-117.07,32.58,25.0,1607.0,280.0,899.0,260.0,3.8194,NEAR OCEAN,3,134400.0,148203.5683508173
-122.21,37.42,28.0,564.0,72.0,191.0,79.0,11.9666,NEAR OCEAN,5,500001.0,503729.8339722301
-117.82,33.72,24.0,3260.0,458.0,1383.0,442.0,6.5987,<1H OCEAN,5,272800.0,310721.8662531166
-117.26,34.53,10.0,3103.0,520.0,1283.0,464.0,3.071,INLAND,3,151600.0,101612.41846326746
-118.31,33.81,23.0,3942.0,748.0,1679.0,711.0,4.1169,<1H OCEAN,3,362600.0,268263.73077921284
-118.25,33.87,18.0,6812.0,1263.0,3704.0,1216.0,4.25,<1H OCEAN,3,169200.0,220741.73596623173
-117.18,32.79,30.0,5201.0,1104.0,2961.0,1064.0,3.2661,NEAR OCEAN,3,140400.0,202113.4401425355
-119.27,35.88,32.0,1393.0,343.0,1282.0,336.0,1.5069,INLAND,2,43700.0,46649.85395091262
-122.0,38.35,34.0,432.0,65.0,208.0,71.0,5.5435,INLAND,4,136000.0,210412.8782616268
-118.75,34.27,20.0,3495.0,449.0,1629.0,428.0,5.8096,<1H OCEAN,4,264400.0,271100.7207608531
-117.04,32.76,37.0,2979.0,557.0,1285.0,564.0,3.7368,NEAR OCEAN,3,152200.0,185133.46715885168
-118.32,34.1,30.0,2193.0,965.0,2197.0,836.0,1.8277,<1H OCEAN,2,137500.0,222978.3430167513
-118.11,34.06,32.0,1273.0,344.0,1148.0,368.0,2.1061,<1H OCEAN,2,214700.0,155172.30361535898
-118.78,34.27,20.0,2743.0,685.0,1798.0,613.0,3.6761,<1H OCEAN,3,170900.0,227069.1614340193
-121.81,37.26,14.0,3379.0,683.0,1465.0,620.0,4.0547,<1H OCEAN,3,236200.0,256175.81637124016
-122.5,37.74,40.0,2310.0,445.0,1266.0,490.0,3.7969,NEAR OCEAN,3,297800.0,254847.38041369335
-119.94,37.04,14.0,1636.0,253.0,766.0,225.0,3.125,INLAND,3,88500.0,106571.73299222252
-117.1,32.58,27.0,2616.0,591.0,1889.0,577.0,2.3824,NEAR OCEAN,2,127600.0,115961.31559523055
-121.37,38.69,35.0,1093.0,192.0,590.0,190.0,2.7009,INLAND,2,80200.0,101533.51270825784
-122.42,37.75,52.0,2164.0,533.0,1122.0,469.0,3.2632,NEAR BAY,3,306000.0,325662.0308022373
-118.29,34.11,48.0,1448.0,295.0,681.0,287.0,3.2333,<1H OCEAN,3,436400.0,239692.673281208
-117.78,33.69,16.0,4702.0,806.0,2529.0,814.0,5.1299,<1H OCEAN,4,238900.0,239737.46942555616
-117.83,33.88,18.0,2112.0,340.0,1048.0,315.0,6.9308,<1H OCEAN,5,231700.0,312608.7882500134
-118.19,34.05,47.0,1273.0,264.0,1193.0,260.0,2.4375,<1H OCEAN,2,122900.0,149126.25776993937
-118.11,33.82,37.0,1756.0,345.0,836.0,335.0,4.375,<1H OCEAN,3,218200.0,211206.21814580733
-122.28,37.9,52.0,2003.0,250.0,658.0,244.0,10.0825,NEAR BAY,5,397000.0,451010.26550621947
-122.83,38.39,19.0,1765.0,394.0,868.0,388.0,2.462,<1H OCEAN,2,260300.0,175257.8263637075
-122.54,37.95,38.0,2310.0,400.0,971.0,386.0,5.697,NEAR BAY,4,435700.0,335940.63541462104
-118.35,33.95,45.0,1076.0,213.0,781.0,238.0,3.95,<1H OCEAN,3,164000.0,215781.6988150518
-122.03,37.0,30.0,2077.0,342.0,816.0,328.0,5.2078,NEAR OCEAN,4,440500.0,305379.4629899467
-122.18,39.7,23.0,1658.0,307.0,836.0,297.0,3.35,INLAND,3,85400.0,105230.68166301232
-117.2,34.48,7.0,4998.0,953.0,2764.0,891.0,3.205,INLAND,3,101900.0,105208.43683147471
-117.96,34.48,32.0,1896.0,342.0,806.0,299.0,4.5769,INLAND,4,159400.0,174110.29793831607
-117.89,33.92,17.0,2936.0,555.0,1381.0,535.0,5.4617,<1H OCEAN,4,190300.0,243638.30306691513
-119.65,36.51,30.0,1671.0,319.0,966.0,282.0,3.1333,INLAND,3,100000.0,87792.78624215855
-118.16,34.02,34.0,1474.0,511.0,1962.0,501.0,1.8715,<1H OCEAN,2,139600.0,145743.6339836201
-118.49,34.14,28.0,3539.0,441.0,1190.0,421.0,10.6796,<1H OCEAN,5,500001.0,518022.4777981228
-122.04,37.12,30.0,1427.0,311.0,686.0,251.0,4.0781,NEAR OCEAN,3,154500.0,266484.1765058522
-118.21,34.12,35.0,1937.0,439.0,1523.0,412.0,3.5638,<1H OCEAN,3,170500.0,210790.15404354737
-117.57,33.88,39.0,679.0,164.0,769.0,179.0,2.3036,INLAND,2,110600.0,85636.2841407405
-121.86,36.6,33.0,1409.0,307.0,633.0,290.0,3.5568,<1H OCEAN,3,191200.0,247800.23893467005
-117.9,34.06,35.0,1313.0,194.0,599.0,209.0,7.5,<1H OCEAN,5,287200.0,404150.06766630703
-116.99,32.7,15.0,3660.0,622.0,2629.0,612.0,4.0444,NEAR OCEAN,3,150100.0,148146.15873691265
-117.82,33.89,24.0,2168.0,421.0,1050.0,397.0,4.6172,<1H OCEAN,4,238300.0,225651.4238981274
-118.24,34.12,34.0,80.0,26.0,125.0,35.0,0.8907,<1H OCEAN,1,154200.0,179011.52933439566
-121.94,37.31,30.0,1680.0,312.0,858.0,310.0,4.0474,<1H OCEAN,3,280500.0,236301.67333650525
-118.1,33.9,37.0,1061.0,202.0,768.0,206.0,4.75,<1H OCEAN,4,161900.0,218269.9157367458
-122.63,38.5,19.0,2107.0,332.0,874.0,341.0,5.7819,<1H OCEAN,4,265600.0,262621.4017638672
-117.1,32.58,33.0,393.0,76.0,330.0,80.0,4.1029,NEAR OCEAN,3,122700.0,166158.92557760008
-122.04,37.57,12.0,5719.0,1064.0,3436.0,1057.0,5.2879,NEAR BAY,4,231200.0,273772.24851591774
-122.49,37.75,43.0,2044.0,393.0,979.0,378.0,3.9205,NEAR OCEAN,3,319100.0,277620.83007754496
-117.93,33.78,36.0,2169.0,359.0,1018.0,370.0,4.3906,<1H OCEAN,3,231300.0,199752.6754672863
-121.89,37.46,5.0,1519.0,186.0,705.0,186.0,10.3798,<1H OCEAN,5,500001.0,449857.1923680967
-121.45,38.56,51.0,1250.0,235.0,452.0,232.0,2.625,INLAND,2,121200.0,117258.72644048627
-118.51,34.27,34.0,3787.0,771.0,1966.0,738.0,4.055,<1H OCEAN,3,222500.0,242116.89722033145
-121.72,37.7,17.0,1671.0,352.0,729.0,252.0,6.1023,INLAND,5,450000.0,240378.4209012411
-118.28,33.96,34.0,2074.0,562.0,1913.0,514.0,1.6156,<1H OCEAN,2,102100.0,127890.06663890072
-117.94,34.08,34.0,1970.0,476.0,1269.0,406.0,4.064,<1H OCEAN,3,201200.0,218531.2689510552
-121.41,38.6,16.0,5407.0,1467.0,2523.0,1265.0,2.0471,INLAND,2,104200.0,109943.3670051679
-118.37,34.12,34.0,2821.0,399.0,843.0,391.0,11.615,<1H OCEAN,5,500001.0,537581.8140692622
-120.42,34.96,19.0,2298.0,511.0,1246.0,513.0,2.212,<1H OCEAN,2,132000.0,154096.15688226296
-118.23,34.12,32.0,2094.0,491.0,1413.0,479.0,4.5089,<1H OCEAN,4,221100.0,222287.08241209865
-118.4,34.7,10.0,4122.0,814.0,2164.0,710.0,4.2941,INLAND,3,151600.0,137974.95645433196
-122.29,38.3,52.0,935.0,224.0,315.0,207.0,1.8287,NEAR BAY,2,146900.0,124477.22491139594
-117.13,32.91,16.0,3230.0,579.0,1825.0,576.0,4.2969,<1H OCEAN,3,151200.0,166051.2164751203
-118.44,34.26,34.0,1102.0,212.0,949.0,212.0,4.0792,<1H OCEAN,3,165100.0,211626.00015208
-118.12,33.86,34.0,2116.0,427.0,972.0,396.0,4.8516,<1H OCEAN,4,213600.0,253777.52225922223
-118.28,34.08,39.0,3162.0,896.0,1934.0,818.0,2.875,<1H OCEAN,2,213500.0,214004.1745703934
-118.56,34.17,35.0,2987.0,391.0,1244.0,387.0,7.1322,<1H OCEAN,5,500001.0,434044.112307844
-122.17,37.87,38.0,1261.0,177.0,472.0,183.0,6.917,NEAR BAY,5,438000.0,383042.8267199738
-121.83,37.36,22.0,3936.0,860.0,3508.0,877.0,4.2312,<1H OCEAN,3,183800.0,242127.646565445
-122.41,37.8,52.0,2892.0,751.0,1785.0,733.0,3.5746,NEAR BAY,3,350000.0,322177.8239645258
-118.74,37.58,20.0,3301.0,779.0,1085.0,448.0,3.7315,INLAND,3,159300.0,163114.4184063574
-117.01,32.71,20.0,3506.0,692.0,1977.0,668.0,2.981,NEAR OCEAN,2,129100.0,148121.21625503915
-119.55,36.51,46.0,1889.0,390.0,971.0,403.0,2.2132,INLAND,2,76600.0,68309.68281852287
-117.22,32.75,24.0,3914.0,985.0,2147.0,874.0,2.9735,NEAR OCEAN,2,225000.0,211346.45033630932
-118.45,34.2,18.0,2729.0,800.0,2099.0,742.0,2.5842,<1H OCEAN,2,230800.0,197216.40263328084
-117.81,33.81,19.0,3154.0,390.0,1404.0,384.0,8.9257,<1H OCEAN,5,431800.0,415995.52783884853
-118.32,33.96,47.0,1453.0,247.0,721.0,276.0,5.5176,<1H OCEAN,4,191000.0,304272.1256053002
-122.19,37.73,45.0,1528.0,291.0,801.0,287.0,1.2625,NEAR BAY,1,84700.0,139454.04009362735
-118.18,33.78,20.0,1852.0,556.0,1712.0,556.0,1.4565,NEAR OCEAN,1,152500.0,156033.97800876125
-121.46,38.63,26.0,3185.0,658.0,2444.0,626.0,1.56,INLAND,2,67600.0,73337.97214093055
-118.15,33.87,29.0,2690.0,659.0,1747.0,617.0,3.3713,<1H OCEAN,3,198200.0,195020.44326469876
-118.23,34.2,48.0,1473.0,294.0,807.0,296.0,3.399,<1H OCEAN,3,306300.0,199760.0379473509
-123.22,39.15,36.0,1166.0,216.0,504.0,203.0,3.5938,<1H OCEAN,3,122100.0,165872.04405377738
-121.25,38.68,13.0,503.0,70.0,267.0,77.0,6.1943,INLAND,5,276100.0,221086.53011189145
-117.09,34.07,24.0,6260.0,1271.0,3132.0,1189.0,2.5156,INLAND,2,103000.0,110565.78937325487
-122.03,37.31,25.0,2131.0,410.0,1132.0,395.0,5.3508,<1H OCEAN,4,409100.0,282919.0129903251
-118.2,34.03,52.0,774.0,209.0,813.0,203.0,2.3472,<1H OCEAN,2,135200.0,160343.22471788188
-120.47,37.32,15.0,3952.0,984.0,2024.0,1026.0,2.558,INLAND,2,121600.0,111271.617964456
-118.15,33.92,30.0,915.0,234.0,646.0,211.0,2.5208,<1H OCEAN,2,182800.0,145536.71883890373
-121.87,37.29,18.0,1892.0,568.0,974.0,553.0,2.3715,<1H OCEAN,2,228000.0,197165.56600400442
-121.31,38.03,18.0,4893.0,1008.0,3036.0,997.0,2.5212,INLAND,2,110000.0,109858.33831427371
-117.11,34.43,14.0,3026.0,556.0,1349.0,485.0,2.8021,INLAND,2,111200.0,74876.10310655602
-119.02,35.33,26.0,3691.0,826.0,2072.0,827.0,2.1553,INLAND,2,84700.0,90741.79368272205
-122.04,37.34,25.0,1994.0,287.0,704.0,283.0,7.7799,<1H OCEAN,5,447300.0,404372.2601731395
-121.31,38.26,22.0,1768.0,396.0,1005.0,420.0,1.8846,INLAND,2,88300.0,72800.39010862284
-122.19,37.74,36.0,847.0,212.0,567.0,159.0,1.1765,NEAR BAY,1,87100.0,143212.10010089213
-121.91,37.33,28.0,454.0,147.0,366.0,140.0,2.9853,<1H OCEAN,2,187500.0,206445.57775889005
-118.08,33.91,18.0,1573.0,396.0,1200.0,365.0,2.895,<1H OCEAN,2,146900.0,158033.4768178897
-120.98,37.65,36.0,826.0,167.0,432.0,150.0,2.5,INLAND,2,103100.0,104512.65471901948
-121.98,37.8,16.0,2498.0,330.0,1027.0,343.0,8.155,<1H OCEAN,5,343700.0,388186.05505146727
-122.16,37.74,47.0,824.0,223.0,533.0,166.0,2.625,NEAR BAY,2,98200.0,161996.8378193377
-118.37,33.95,35.0,924.0,349.0,1376.0,358.0,2.2297,<1H OCEAN,2,262500.0,178648.77142837204
-121.55,40.48,14.0,2413.0,524.0,805.0,329.0,2.7857,INLAND,2,77400.0,112472.12543847586
-122.34,37.95,39.0,1986.0,427.0,1041.0,385.0,3.2333,NEAR BAY,3,135100.0,164522.41440742757
-117.02,33.71,6.0,8278.0,1579.0,3062.0,1446.0,3.0043,INLAND,3,134700.0,111544.79303712319
-117.26,32.99,16.0,2127.0,512.0,1532.0,499.0,2.7348,NEAR OCEAN,2,231300.0,185399.00049132845
-117.96,34.05,36.0,1475.0,270.0,1149.0,284.0,3.0904,<1H OCEAN,3,158600.0,167735.68490917864
-121.31,38.57,22.0,1229.0,253.0,733.0,250.0,2.5,INLAND,2,101600.0,90836.25354824468
-121.97,38.35,17.0,5678.0,1116.0,3182.0,1135.0,3.7388,INLAND,3,122000.0,137399.5904259802
-117.78,33.81,23.0,1986.0,278.0,826.0,260.0,7.7752,<1H OCEAN,5,380000.0,366306.77972983225
-122.45,38.58,34.0,2517.0,483.0,1324.0,464.0,3.0938,INLAND,3,189400.0,134189.27093416918
-120.11,34.62,16.0,2943.0,394.0,959.0,359.0,6.2094,NEAR OCEAN,5,440000.0,337064.6004574206
-119.01,35.32,23.0,4870.0,965.0,2717.0,928.0,2.596,INLAND,2,70000.0,99860.70072778886
-124.19,40.78,37.0,1371.0,319.0,640.0,260.0,1.8242,NEAR OCEAN,2,70000.0,86315.80699431096
-118.41,34.01,44.0,2010.0,394.0,961.0,365.0,4.5982,<1H OCEAN,4,333500.0,350714.5233968791
-117.12,32.75,13.0,2795.0,773.0,1869.0,690.0,2.1767,NEAR OCEAN,2,101800.0,126995.04779048605
-118.33,34.07,52.0,2248.0,255.0,813.0,265.0,15.0001,<1H OCEAN,5,500001.0,493793.88147862913
-118.28,34.11,52.0,1803.0,437.0,787.0,388.0,4.5781,<1H OCEAN,4,360500.0,327194.22979600815
-121.23,38.66,19.0,3243.0,546.0,1334.0,515.0,4.8088,INLAND,4,169500.0,177344.16396196472
-118.12,34.02,36.0,1595.0,383.0,1105.0,359.0,2.4286,<1H OCEAN,2,205600.0,158788.21440417907
-118.01,34.1,35.0,2120.0,412.0,1375.0,405.0,3.4609,INLAND,3,166300.0,150996.66002845086
-121.36,38.56,20.0,1232.0,332.0,667.0,288.0,1.8288,INLAND,2,32500.0,90085.6792678569
-121.74,37.3,12.0,1961.0,280.0,985.0,269.0,6.7159,<1H OCEAN,5,362700.0,315472.2434155567
-118.26,33.78,27.0,1672.0,491.0,1723.0,462.0,2.0458,NEAR OCEAN,2,174500.0,149523.36799205243
-117.92,34.06,34.0,2819.0,609.0,1718.0,558.0,3.5547,<1H OCEAN,3,197600.0,220266.43859091532
-118.38,34.3,39.0,1622.0,355.0,903.0,314.0,4.1125,<1H OCEAN,3,183000.0,244752.27013674082
-118.45,34.18,22.0,2516.0,826.0,3350.0,713.0,2.0192,<1H OCEAN,2,158300.0,190657.26433535368
-121.92,38.03,16.0,2176.0,464.0,1410.0,434.0,3.5436,INLAND,3,100200.0,111241.55534749142
-124.09,40.87,44.0,692.0,206.0,398.0,211.0,1.1576,NEAR OCEAN,1,87500.0,77477.39907429165
-118.47,34.01,43.0,1160.0,304.0,393.0,250.0,2.9167,<1H OCEAN,2,461100.0,287972.7913894231
-117.22,32.83,31.0,3958.0,727.0,1924.0,728.0,5.4605,NEAR OCEAN,4,190200.0,294893.9830722947
-121.21,38.66,15.0,6940.0,1019.0,2829.0,990.0,5.4889,INLAND,4,232300.0,203571.55612671602
-122.45,37.71,45.0,2253.0,431.0,1382.0,392.0,4.2562,NEAR OCEAN,3,221600.0,277789.7489623124
-117.26,32.98,12.0,3900.0,977.0,1690.0,892.0,4.125,NEAR OCEAN,3,226900.0,262246.72474411986
-118.46,34.25,33.0,2202.0,433.0,1135.0,407.0,4.2143,<1H OCEAN,3,224200.0,244224.8171350084
-118.32,33.98,49.0,1993.0,446.0,1052.0,394.0,2.2138,<1H OCEAN,2,119800.0,166216.93870628756
-121.5,38.49,29.0,3606.0,690.0,2317.0,696.0,2.7368,INLAND,2,78200.0,102632.24768171198
-118.21,33.95,43.0,1500.0,419.0,1726.0,440.0,1.8641,<1H OCEAN,2,165100.0,123045.110296699
-119.85,36.84,12.0,2272.0,304.0,840.0,305.0,8.9669,INLAND,5,213900.0,359903.8505015497
-119.71,36.81,19.0,2282.0,550.0,1034.0,500.0,1.6618,INLAND,2,69700.0,70784.02136994709
-118.29,34.0,44.0,1753.0,387.0,1165.0,380.0,2.1354,<1H OCEAN,2,105800.0,156445.2028457522
-121.29,37.96,52.0,287.0,119.0,154.0,85.0,0.8738,INLAND,1,75000.0,96122.6299271085
-120.25,37.04,21.0,1724.0,317.0,1006.0,290.0,3.2868,INLAND,3,91700.0,100375.08281235376
-117.97,33.91,19.0,8096.0,1318.0,3853.0,1313.0,6.0076,<1H OCEAN,5,269500.0,277172.06996799284
-119.7,36.82,25.0,2379.0,540.0,1482.0,484.0,2.3173,INLAND,2,68200.0,70313.57549177679
-117.28,33.19,5.0,2697.0,639.0,1633.0,580.0,3.4456,NEAR OCEAN,3,165800.0,205191.52554544352
-118.59,34.47,5.0,538.0,98.0,8733.0,105.0,4.2391,INLAND,3,154600.0,120400.66418507422
-118.39,33.88,34.0,1973.0,367.0,843.0,345.0,6.077,<1H OCEAN,5,472700.0,387775.88533045823
-122.04,37.3,25.0,2366.0,417.0,1076.0,398.0,6.9238,<1H OCEAN,5,345900.0,370148.04252484866
-117.81,33.8,25.0,2765.0,475.0,1666.0,474.0,6.0531,<1H OCEAN,5,230700.0,269106.68327526946
-118.3,34.07,28.0,5221.0,2530.0,5840.0,2374.0,1.8829,<1H OCEAN,2,300000.0,201194.10984570518
-116.92,32.76,7.0,1659.0,237.0,862.0,242.0,5.2741,<1H OCEAN,4,249400.0,208783.19262674393
-122.46,37.77,52.0,1824.0,388.0,799.0,363.0,3.75,NEAR BAY,3,435700.0,353745.35727156623
-121.36,38.0,17.0,4535.0,762.0,1562.0,743.0,5.3224,INLAND,4,225800.0,209934.95266573085
-118.2,34.02,26.0,36.0,9.0,35.0,9.0,1.625,<1H OCEAN,2,175000.0,169450.91609581574
-118.16,34.16,44.0,1284.0,278.0,925.0,261.0,1.7321,<1H OCEAN,2,178400.0,153930.3027389993
-122.1,37.4,19.0,1085.0,288.0,1009.0,305.0,3.9091,NEAR BAY,3,276000.0,216720.06852110702
-120.42,37.98,18.0,3059.0,609.0,1335.0,581.0,2.5129,INLAND,2,115900.0,92952.34626295629
-119.51,37.32,14.0,362.0,78.0,88.0,39.0,3.5893,INLAND,3,214300.0,123970.34442486873
-120.77,40.65,11.0,2635.0,667.0,280.0,132.0,1.7214,INLAND,2,118300.0,104125.00414809283
-118.36,34.1,52.0,1096.0,247.0,423.0,230.0,3.0179,<1H OCEAN,3,500001.0,263082.1443445318
-117.28,33.2,20.0,4835.0,854.0,2983.0,834.0,4.3428,NEAR OCEAN,3,152100.0,222845.0845603904
-121.85,36.6,41.0,3138.0,717.0,1890.0,642.0,2.4864,<1H OCEAN,2,140400.0,189710.56492040196
-117.24,33.36,11.0,2786.0,480.0,1250.0,450.0,4.5,<1H OCEAN,3,222600.0,220370.23211028293
-122.2,37.43,40.0,2223.0,412.0,1050.0,417.0,5.2421,NEAR OCEAN,4,444500.0,340947.4510769801
-122.37,37.59,52.0,2272.0,403.0,963.0,376.0,5.7245,NEAR OCEAN,4,500000.0,444030.03706081427
-121.29,38.1,14.0,1551.0,297.0,785.0,281.0,3.775,INLAND,3,163300.0,125372.791520347
-117.24,32.79,18.0,1741.0,602.0,508.0,283.0,3.2625,NEAR OCEAN,3,193800.0,255787.3301362926
-120.44,36.84,29.0,1563.0,293.0,883.0,288.0,2.8182,INLAND,2,90500.0,86441.66005709954
-122.28,37.84,52.0,2153.0,481.0,1168.0,441.0,1.9615,NEAR BAY,2,115200.0,152224.57324449308
-117.08,32.65,17.0,2633.0,712.0,1487.0,694.0,2.5392,NEAR OCEAN,2,147000.0,141007.66332117698
-118.04,33.82,26.0,4105.0,637.0,2072.0,648.0,5.844,<1H OCEAN,4,273900.0,284056.9146712621
-118.16,33.89,46.0,940.0,219.0,599.0,214.0,3.2813,<1H OCEAN,3,190900.0,175395.1228675623
-121.54,38.59,29.0,2242.0,493.0,1481.0,478.0,2.0781,INLAND,2,74800.0,71128.9285069314
-122.41,37.8,52.0,3260.0,1535.0,3260.0,1457.0,0.9,NEAR BAY,1,500001.0,274116.38207962963
-118.33,33.98,30.0,3112.0,931.0,2739.0,841.0,1.6531,<1H OCEAN,2,118500.0,177165.9264492794
-117.7,33.72,6.0,211.0,51.0,125.0,44.0,1.9659,<1H OCEAN,2,500001.0,158774.21789757715
-119.21,34.26,31.0,224.0,88.0,326.0,88.0,2.375,NEAR OCEAN,2,55000.0,198554.45963618747
-121.22,37.97,37.0,1514.0,337.0,1121.0,337.0,2.401,INLAND,2,58400.0,79555.44994235334
-121.47,38.56,51.0,2083.0,559.0,874.0,524.0,2.0221,INLAND,2,95800.0,98388.29474003469
-118.24,34.01,43.0,1456.0,444.0,2098.0,433.0,1.8929,<1H OCEAN,2,99200.0,141870.36596653512
-119.18,34.16,12.0,460.0,101.0,405.0,103.0,5.2783,NEAR OCEAN,4,167400.0,346467.6132138624
-116.99,34.89,24.0,2741.0,577.0,1551.0,522.0,3.474,INLAND,3,70500.0,87311.60407019207
-115.55,32.82,34.0,1540.0,316.0,1013.0,274.0,2.5664,INLAND,2,67500.0,68357.42782203267
-121.44,38.54,47.0,2518.0,501.0,1308.0,471.0,2.5389,INLAND,2,75700.0,100655.41375546317
-118.04,34.09,34.0,2001.0,388.0,1461.0,397.0,3.8304,INLAND,3,183000.0,165466.72430647467
-118.49,34.15,33.0,2829.0,360.0,1010.0,363.0,10.3587,<1H OCEAN,5,500001.0,510731.467747684
-124.09,40.55,24.0,2978.0,553.0,1370.0,480.0,2.7644,<1H OCEAN,2,97300.0,104662.2215268069
-121.23,38.09,23.0,633.0,91.0,236.0,83.0,6.4562,INLAND,5,230000.0,266668.6162400921
-117.14,32.71,39.0,1647.0,478.0,2176.0,479.0,1.7642,NEAR OCEAN,2,82900.0,106373.60337260894
-119.82,36.19,33.0,1293.0,272.0,694.0,229.0,2.0221,INLAND,2,52200.0,64892.427754746524
-122.22,37.77,40.0,494.0,114.0,547.0,135.0,2.8015,NEAR BAY,2,114800.0,171998.5855099008
-119.69,36.81,15.0,2892.0,496.0,1634.0,501.0,4.4934,INLAND,3,88000.0,125932.06476284309
-117.07,32.81,15.0,2000.0,402.0,778.0,369.0,4.3594,<1H OCEAN,3,224200.0,202111.992192607
-118.15,33.96,33.0,1201.0,340.0,1482.0,334.0,2.4821,<1H OCEAN,2,150000.0,125771.20999025444
-116.42,33.76,14.0,16921.0,2837.0,2524.0,1262.0,7.6281,INLAND,5,341700.0,290273.65349682054
-122.14,37.71,27.0,3094.0,866.0,1364.0,789.0,2.6101,NEAR BAY,2,181700.0,207460.62344546284
-117.81,33.73,19.0,4022.0,975.0,2334.0,954.0,3.0305,<1H OCEAN,3,140600.0,196244.81723976668
-122.1,40.05,26.0,633.0,129.0,305.0,140.0,2.1827,INLAND,2,72700.0,64723.21280716382
-118.09,34.15,45.0,1345.0,356.0,749.0,327.0,2.8007,INLAND,2,210900.0,172192.36264563704
-120.83,39.02,15.0,1117.0,242.0,551.0,229.0,2.6319,INLAND,2,97700.0,110702.19786326507
-121.06,39.22,52.0,1749.0,422.0,837.0,391.0,2.325,INLAND,2,109700.0,117013.92080703832
-118.17,33.77,38.0,2239.0,721.0,984.0,684.0,2.346,NEAR OCEAN,2,165600.0,213885.38997679454
-117.84,33.8,34.0,2004.0,331.0,843.0,328.0,3.59,<1H OCEAN,3,230600.0,200497.42984386426
-118.16,34.17,52.0,1193.0,228.0,703.0,221.0,3.1741,<1H OCEAN,3,163800.0,198187.54652590712
-115.4,32.7,19.0,583.0,113.0,531.0,134.0,1.6838,INLAND,2,95800.0,59736.532546249815
-122.29,40.44,30.0,1270.0,365.0,840.0,324.0,1.3904,INLAND,1,48100.0,63271.60285547242
-119.76,36.71,29.0,1745.0,441.0,1530.0,391.0,1.5611,INLAND,2,44400.0,48213.96769563728
-121.88,37.44,23.0,1310.0,267.0,910.0,261.0,5.3994,<1H OCEAN,4,237900.0,259820.5214445562
-122.03,37.55,22.0,9167.0,1373.0,4319.0,1404.0,6.992,NEAR BAY,5,284800.0,363922.7154962923
-122.72,38.47,29.0,1706.0,415.0,990.0,394.0,1.9932,<1H OCEAN,2,164800.0,149826.11517042542
-117.88,33.85,18.0,2705.0,713.0,2726.0,674.0,2.7759,<1H OCEAN,2,200000.0,167618.5906570151
-122.52,38.99,16.0,975.0,219.0,337.0,155.0,1.6607,INLAND,2,77800.0,107533.68617808311
-117.88,34.09,29.0,3416.0,790.0,2223.0,728.0,3.5109,<1H OCEAN,3,186000.0,211974.25297005815
-118.09,33.96,36.0,3271.0,603.0,2593.0,616.0,3.3621,<1H OCEAN,3,169700.0,175344.50513120065
-117.16,32.74,49.0,1815.0,495.0,601.0,410.0,3.0571,NEAR OCEAN,3,418800.0,251188.44698141815
-118.15,35.06,15.0,1069.0,296.0,569.0,263.0,2.0441,INLAND,2,73300.0,75421.72069122613
-117.14,32.7,43.0,1126.0,289.0,1132.0,294.0,2.1875,NEAR OCEAN,2,87000.0,105702.23852706754
-118.46,34.22,39.0,1500.0,333.0,998.0,309.0,3.9625,<1H OCEAN,3,168200.0,220983.7141166048
-117.55,33.93,25.0,5187.0,934.0,2725.0,860.0,4.1865,INLAND,3,154300.0,164636.33954116656
-121.89,37.42,26.0,40.0,8.0,52.0,7.0,7.7197,<1H OCEAN,5,225000.0,345148.1295896663
-122.0,37.35,20.0,4304.0,851.0,2059.0,835.0,5.1674,<1H OCEAN,4,333000.0,296550.34606053995
-121.34,38.59,23.0,2912.0,421.0,1132.0,410.0,5.9174,INLAND,4,225900.0,226087.49551076294
-117.6,33.87,15.0,7626.0,1570.0,3823.0,1415.0,3.4419,INLAND,3,138100.0,134498.48426872172
-117.41,33.96,27.0,2341.0,418.0,1272.0,415.0,3.0208,INLAND,3,112700.0,100782.86256844348
-122.25,37.83,52.0,1279.0,287.0,534.0,291.0,3.1429,NEAR BAY,3,231600.0,222402.9820956183
-118.15,34.1,52.0,4325.0,823.0,1927.0,795.0,3.9485,<1H OCEAN,3,419100.0,262193.6054899141
-118.48,34.19,20.0,5699.0,1594.0,3809.0,1381.0,2.8646,<1H OCEAN,2,221100.0,214110.8173424821
-118.01,34.06,26.0,557.0,153.0,455.0,196.0,2.7721,INLAND,2,155400.0,146669.4558626274
-120.7,38.69,13.0,4492.0,821.0,2093.0,734.0,4.0709,INLAND,3,151700.0,153677.11227673996
-122.44,37.71,46.0,1230.0,247.0,895.0,257.0,5.3913,NEAR BAY,4,248900.0,316963.855470111
-121.04,38.95,22.0,1931.0,445.0,1009.0,407.0,2.75,INLAND,2,153200.0,116641.67919246215
-122.02,38.25,10.0,2237.0,454.0,1255.0,429.0,3.1176,INLAND,3,126500.0,111924.71712997158
-121.31,38.62,31.0,3114.0,430.0,1121.0,456.0,6.244,INLAND,5,240000.0,261414.75226709121
-121.89,37.36,37.0,1525.0,363.0,1075.0,374.0,2.8971,<1H OCEAN,2,186100.0,185798.65900968935
-119.78,34.48,21.0,2377.0,322.0,1007.0,328.0,7.9248,NEAR OCEAN,5,500001.0,439061.2308785225
-118.12,34.06,17.0,5137.0,1614.0,4945.0,1535.0,2.4599,<1H OCEAN,2,181600.0,183336.0842085078
-122.0,37.37,16.0,1434.0,372.0,804.0,361.0,3.7045,<1H OCEAN,3,178100.0,239682.06408297588
-119.44,36.6,5.0,2353.0,608.0,2505.0,573.0,2.2863,INLAND,2,69200.0,62825.67908947361
-121.41,38.52,25.0,3087.0,720.0,2529.0,708.0,1.8689,INLAND,2,66800.0,79740.07767134045
-118.53,34.14,28.0,6920.0,906.0,2515.0,860.0,9.2189,<1H OCEAN,5,500001.0,516347.94680261647
-122.1,37.4,23.0,514.0,210.0,367.0,206.0,3.1736,NEAR BAY,3,181300.0,215085.14680960574
-118.23,34.24,31.0,3857.0,607.0,1695.0,572.0,7.642,<1H OCEAN,5,396400.0,397096.76959857816
-122.24,38.25,33.0,213.0,36.0,91.0,33.0,4.9167,NEAR BAY,4,187500.0,211854.06050537433
-122.47,37.66,18.0,4172.0,806.0,3226.0,790.0,5.7535,NEAR OCEAN,4,297900.0,305139.93780449196
-117.88,33.63,21.0,9565.0,2289.0,3162.0,1831.0,4.7024,<1H OCEAN,4,345400.0,294755.44390751945
-121.65,36.85,20.0,2606.0,424.0,1361.0,426.0,4.5787,<1H OCEAN,4,245100.0,243687.69553079855
-117.41,34.11,29.0,3999.0,772.0,2602.0,760.0,3.5481,INLAND,3,105500.0,121592.95536367089
-124.08,40.87,29.0,1710.0,469.0,990.0,425.0,1.1479,NEAR OCEAN,1,101100.0,98901.07593624873
-118.13,34.15,24.0,1125.0,341.0,579.0,321.0,2.8125,<1H OCEAN,2,141700.0,208806.40083392183
-121.96,37.24,26.0,3032.0,605.0,1208.0,562.0,5.4683,<1H OCEAN,4,430900.0,305794.3650061957
-122.5,37.75,44.0,1739.0,343.0,872.0,330.0,2.9632,NEAR OCEAN,2,286300.0,239706.8015824577
-117.56,33.88,40.0,1196.0,294.0,1052.0,258.0,2.0682,INLAND,2,113000.0,68815.68677285007
-117.24,32.72,39.0,3089.0,431.0,1175.0,432.0,7.5925,NEAR OCEAN,5,466700.0,438761.7498071782
-117.94,33.85,26.0,1888.0,429.0,1550.0,458.0,3.3393,<1H OCEAN,3,168600.0,181592.39378022906
-122.26,37.5,52.0,878.0,186.0,393.0,186.0,3.7045,NEAR OCEAN,3,360500.0,286294.59617072385
-122.0,37.82,20.0,2206.0,458.0,926.0,432.0,4.6042,<1H OCEAN,4,256400.0,272334.17832902743
-118.93,34.82,24.0,806.0,168.0,323.0,136.0,3.5,INLAND,3,113900.0,108286.85522825488
-118.36,34.01,33.0,3140.0,466.0,1214.0,464.0,6.5044,<1H OCEAN,5,350400.0,403387.16039019753
-118.35,34.19,45.0,903.0,190.0,557.0,204.0,4.0313,<1H OCEAN,3,209100.0,234109.77050927113
-117.83,33.74,23.0,1818.0,522.0,958.0,485.0,2.6771,<1H OCEAN,2,131500.0,190970.1561770091
-122.18,38.35,24.0,407.0,68.0,175.0,61.0,6.0266,INLAND,5,216700.0,222345.3609726824
-117.27,33.77,16.0,2876.0,576.0,1859.0,545.0,2.0878,<1H OCEAN,2,101300.0,139882.82300742055
-122.54,38.36,40.0,2725.0,531.0,1167.0,458.0,3.7969,<1H OCEAN,3,202800.0,240784.32683729896
-121.43,37.75,42.0,1207.0,278.0,699.0,279.0,3.3611,INLAND,3,117600.0,117438.40337334899
-122.31,37.57,42.0,3157.0,676.0,1603.0,629.0,3.7422,NEAR OCEAN,3,292600.0,292093.58120151557
-118.4,34.04,42.0,1298.0,174.0,420.0,190.0,12.8483,<1H OCEAN,5,500001.0,517747.98244259215
-120.97,37.68,16.0,2349.0,446.0,1302.0,392.0,3.1625,INLAND,3,130300.0,117221.56705424823
-119.49,37.1,24.0,2532.0,555.0,1564.0,507.0,2.3359,INLAND,2,92400.0,78791.20519816143
-118.28,34.0,42.0,855.0,284.0,890.0,247.0,1.2778,<1H OCEAN,1,112500.0,143696.04318952665
-117.86,33.75,5.0,187.0,49.0,207.0,51.0,1.8,<1H OCEAN,2,154200.0,157588.52989550866
-121.46,38.56,52.0,907.0,180.0,479.0,177.0,2.2125,INLAND,2,104000.0,83736.8438877866
-122.71,38.34,22.0,1249.0,335.0,699.0,308.0,2.6033,<1H OCEAN,2,121600.0,176169.80176523302
-122.07,37.86,17.0,1102.0,224.0,317.0,208.0,3.5893,NEAR BAY,3,206300.0,212167.50782080114
-119.69,36.71,25.0,556.0,79.0,249.0,71.0,4.4583,INLAND,3,108300.0,136709.05382584315
-118.85,34.19,27.0,2287.0,320.0,967.0,321.0,6.5162,<1H OCEAN,5,349400.0,345008.15401662537
-121.19,39.55,17.0,1483.0,284.0,481.0,211.0,1.4896,INLAND,1,83300.0,87261.55197498975
-118.61,34.2,29.0,1673.0,284.0,794.0,270.0,5.5191,<1H OCEAN,4,245800.0,279111.03969118785
-122.74,38.46,9.0,2268.0,594.0,1311.0,585.0,2.6607,<1H OCEAN,2,91500.0,170545.9181369234
-118.54,34.15,26.0,10111.0,1295.0,3599.0,1257.0,10.2292,<1H OCEAN,5,500001.0,510223.2677277346
-118.5,33.99,22.0,3484.0,975.0,1268.0,952.0,3.2609,<1H OCEAN,3,500001.0,350676.4248383221
-117.79,34.1,26.0,1664.0,344.0,1024.0,339.0,3.5192,INLAND,3,190500.0,130406.68176638808
-121.43,37.74,52.0,966.0,247.0,589.0,228.0,1.6937,INLAND,2,108300.0,94811.41445995968
-116.52,33.97,13.0,3921.0,754.0,1902.0,665.0,3.3616,INLAND,3,89600.0,101760.16371156718
-122.01,37.27,28.0,3825.0,473.0,1415.0,480.0,10.675,<1H OCEAN,5,500001.0,465237.92563831573
-121.34,37.97,33.0,2493.0,454.0,1203.0,436.0,3.765,INLAND,3,94600.0,132760.81136936575
-118.21,34.02,52.0,22.0,7.0,55.0,7.0,7.5752,<1H OCEAN,5,67500.0,375187.1740575193
-121.9,38.0,14.0,2677.0,368.0,1288.0,375.0,6.0497,INLAND,5,177500.0,214062.64993121402
-118.25,34.23,37.0,1954.0,368.0,967.0,370.0,5.0862,<1H OCEAN,4,261300.0,250573.2383967556
-117.32,33.51,4.0,966.0,133.0,311.0,92.0,5.2066,<1H OCEAN,4,500001.0,252508.97937377874
-117.14,33.15,17.0,1149.0,182.0,702.0,192.0,5.5696,<1H OCEAN,4,168400.0,214562.66396177985
-121.94,37.24,35.0,1484.0,244.0,664.0,238.0,4.675,<1H OCEAN,4,245300.0,251524.08036715185
-122.02,37.09,35.0,1818.0,368.0,682.0,254.0,4.8611,NEAR OCEAN,4,240000.0,303194.82147467934
-121.05,37.93,17.0,2474.0,480.0,1649.0,453.0,3.275,INLAND,3,156500.0,116076.86497069111
-117.3,32.96,30.0,1226.0,205.0,380.0,151.0,4.2875,NEAR OCEAN,3,500001.0,249474.7033355479
-117.91,33.88,34.0,1851.0,291.0,784.0,290.0,5.2336,<1H OCEAN,4,235600.0,248309.2982077701
-118.1,33.89,34.0,2242.0,436.0,1483.0,443.0,4.4934,<1H OCEAN,3,185600.0,192204.1646100494
-118.29,34.08,49.0,649.0,315.0,987.0,329.0,1.6806,<1H OCEAN,2,316700.0,165615.05055272306
-120.93,39.96,15.0,1666.0,351.0,816.0,316.0,2.9559,INLAND,2,118800.0,106737.66533456134
-122.4,38.46,33.0,2542.0,466.0,1099.0,420.0,4.635,INLAND,4,248500.0,181433.02251014698
-117.94,33.79,24.0,4179.0,784.0,1902.0,733.0,4.7986,<1H OCEAN,4,236500.0,243373.23693692262
-121.47,38.55,52.0,1384.0,295.0,561.0,244.0,2.0242,INLAND,2,94600.0,104207.50277931981
-118.07,34.01,36.0,1391.0,283.0,1025.0,275.0,3.2375,<1H OCEAN,3,176800.0,175900.27834566188
-117.21,32.86,16.0,2800.0,566.0,1267.0,518.0,3.2794,NEAR OCEAN,3,148600.0,211417.59855763664
-121.86,36.6,31.0,1044.0,285.0,762.0,301.0,3.038,<1H OCEAN,3,195300.0,198657.92420335455
-118.27,33.8,28.0,4698.0,902.0,3287.0,881.0,4.8508,<1H OCEAN,4,215900.0,234483.22199167244
-118.2,34.02,42.0,498.0,120.0,548.0,119.0,3.7543,<1H OCEAN,3,126600.0,213234.31554116248
-118.29,34.08,25.0,2459.0,823.0,2635.0,763.0,2.4,<1H OCEAN,2,173900.0,183184.20784972928
-117.29,33.13,4.0,617.0,105.0,224.0,105.0,3.9205,NEAR OCEAN,3,183000.0,219654.79057249395
-119.75,36.78,35.0,1129.0,220.0,474.0,242.0,2.4405,INLAND,2,74300.0,83091.65723165739
-117.88,33.85,34.0,1127.0,185.0,588.0,181.0,4.375,<1H OCEAN,3,224700.0,203864.60254640403
-119.59,36.52,35.0,990.0,192.0,674.0,178.0,3.3214,INLAND,3,101600.0,96024.41853955707
-122.3,37.51,35.0,2789.0,445.0,1156.0,404.0,5.4322,NEAR OCEAN,4,391000.0,331144.67748483294
-118.13,33.94,34.0,522.0,138.0,373.0,139.0,3.5481,<1H OCEAN,3,265000.0,190049.69061028585
-121.86,37.21,23.0,2552.0,305.0,916.0,316.0,9.1974,<1H OCEAN,5,500001.0,450111.7276124409
-121.81,37.3,14.0,1870.0,348.0,1214.0,347.0,4.9769,<1H OCEAN,4,186500.0,236967.9102278273
-116.4,34.12,16.0,5648.0,1089.0,2524.0,1008.0,2.6739,INLAND,2,78000.0,117407.40483183526
-115.55,32.98,24.0,2565.0,530.0,1447.0,473.0,3.2593,INLAND,3,80800.0,103577.28731528264
-118.31,34.26,38.0,2264.0,460.0,1124.0,388.0,4.2685,<1H OCEAN,3,189600.0,245305.73979591473
-118.47,34.26,34.0,1300.0,289.0,650.0,291.0,3.8875,<1H OCEAN,3,199200.0,247592.46497627554
-120.84,35.32,15.0,2419.0,538.0,1279.0,522.0,3.4762,NEAR OCEAN,3,189600.0,248799.10775747462
-122.19,37.78,52.0,1026.0,180.0,469.0,168.0,2.875,NEAR BAY,2,160000.0,187333.8183768048
-117.79,33.68,10.0,2106.0,319.0,1002.0,332.0,8.735,<1H OCEAN,5,375300.0,376229.6857643103
-122.03,37.97,20.0,3968.0,931.0,2629.0,903.0,2.9915,NEAR BAY,2,166700.0,160252.2158251753
-118.56,34.19,36.0,2600.0,441.0,1246.0,426.0,4.1111,<1H OCEAN,3,215600.0,252632.86611086072
-121.79,37.03,18.0,943.0,213.0,544.0,179.0,3.934,<1H OCEAN,3,228600.0,237769.11914763626
-120.66,35.49,17.0,4422.0,945.0,2307.0,885.0,2.8285,<1H OCEAN,2,171300.0,212065.9424203303
-122.46,37.74,51.0,1905.0,291.0,707.0,284.0,6.2561,NEAR BAY,5,431000.0,390979.6610749806
-118.04,33.87,18.0,4626.0,822.0,2794.0,763.0,5.6917,<1H OCEAN,4,275100.0,263143.1875756841
-119.85,34.44,28.0,1765.0,301.0,1173.0,297.0,6.0256,NEAR OCEAN,5,276800.0,347237.3984609939
-119.61,36.31,25.0,1847.0,371.0,1460.0,353.0,1.8839,INLAND,2,46300.0,46768.68345143229
-118.09,34.68,4.0,23386.0,4171.0,10493.0,3671.0,4.0211,INLAND,3,144000.0,127195.63902037505
-122.13,39.74,20.0,1401.0,280.0,668.0,250.0,2.2569,INLAND,2,94300.0,85672.60844988376
-117.93,34.01,23.0,3188.0,836.0,3883.0,840.0,2.1863,<1H OCEAN,2,157600.0,162118.35476118734
-117.86,33.79,42.0,1024.0,191.0,483.0,187.0,4.105,<1H OCEAN,3,194500.0,213178.46564809562
-118.26,34.16,20.0,3407.0,885.0,1883.0,870.0,3.7321,<1H OCEAN,3,351100.0,254406.76925818805
-118.37,34.07,39.0,2309.0,526.0,870.0,546.0,3.1677,<1H OCEAN,3,453400.0,299668.4559900097
-118.41,34.19,37.0,1993.0,425.0,939.0,400.0,2.8021,<1H OCEAN,2,224600.0,215914.0413573227
-118.2,34.12,44.0,1565.0,398.0,1500.0,407.0,2.8125,<1H OCEAN,2,155600.0,172005.8744270963
-121.37,38.01,15.0,2430.0,315.0,1016.0,314.0,10.0088,INLAND,5,242000.0,374355.12807583314
-123.15,39.74,23.0,608.0,143.0,281.0,108.0,2.9306,INLAND,2,70000.0,86084.22771325866
-117.18,34.3,33.0,399.0,87.0,71.0,27.0,1.875,INLAND,2,71300.0,80012.60930098804
-122.79,39.09,20.0,1798.0,395.0,685.0,331.0,1.625,INLAND,2,66800.0,96404.8891639024
-118.18,34.1,7.0,2529.0,689.0,1215.0,577.0,4.7853,<1H OCEAN,4,153100.0,280215.4418027882
-122.11,37.7,19.0,2693.0,789.0,1765.0,724.0,2.4206,NEAR BAY,2,137500.0,171843.73860876253
-117.9,33.88,35.0,2062.0,353.0,991.0,357.0,5.2897,<1H OCEAN,4,230400.0,256828.7016119207
-122.0,37.31,33.0,4211.0,918.0,2389.0,861.0,4.7235,<1H OCEAN,4,242200.0,275578.7838568583
-117.85,33.87,15.0,5078.0,806.0,2569.0,759.0,5.6549,<1H OCEAN,4,301900.0,254797.20186725972
-122.0,37.27,33.0,1664.0,271.0,759.0,272.0,5.7876,<1H OCEAN,4,415800.0,320344.5275939361
-121.72,38.0,7.0,7957.0,1314.0,4460.0,1293.0,4.9618,INLAND,4,156500.0,172329.88046160978
-122.27,40.46,14.0,2633.0,530.0,1324.0,513.0,2.2768,INLAND,2,78600.0,69621.14471317825
-122.02,37.87,14.0,3056.0,369.0,1209.0,377.0,8.4352,NEAR BAY,5,441400.0,381856.87188173976
-118.27,34.08,46.0,3007.0,854.0,2587.0,814.0,2.7179,<1H OCEAN,2,184300.0,187902.86361125455
-118.73,34.29,8.0,4983.0,754.0,2510.0,725.0,6.9454,<1H OCEAN,5,276500.0,324248.7629362039
-117.96,33.93,31.0,1471.0,321.0,841.0,330.0,3.46,<1H OCEAN,3,232800.0,183459.4060439017
-120.48,37.29,17.0,2266.0,693.0,3200.0,664.0,1.5635,INLAND,2,60400.0,57777.202389548
-121.49,38.55,51.0,4280.0,632.0,1486.0,621.0,5.0359,INLAND,4,224100.0,238669.73214279584
-117.79,33.77,21.0,4349.0,553.0,1680.0,519.0,6.9014,<1H OCEAN,5,439000.0,327066.85582837276
-119.67,37.27,13.0,5087.0,981.0,2284.0,913.0,2.7413,INLAND,2,123100.0,117374.48702928357
-117.09,32.91,9.0,2012.0,316.0,802.0,289.0,6.5706,<1H OCEAN,5,255700.0,280253.1800679179
-121.55,39.51,39.0,1551.0,353.0,684.0,310.0,2.0357,INLAND,2,57600.0,84364.66283768565
-118.52,34.2,35.0,2891.0,594.0,1757.0,581.0,4.3571,<1H OCEAN,3,199800.0,243862.5622139236
-119.78,36.76,47.0,1425.0,323.0,949.0,325.0,1.7344,INLAND,2,51300.0,52651.57446234623
-119.85,34.48,23.0,1915.0,277.0,724.0,267.0,6.2987,NEAR OCEAN,5,348200.0,334172.6334215682
-122.2,37.82,39.0,3770.0,534.0,1265.0,500.0,6.3302,NEAR BAY,5,362800.0,375130.94880117336
-118.53,34.18,26.0,4175.0,885.0,2118.0,778.0,4.2083,<1H OCEAN,3,240300.0,269113.86684469477
-119.46,36.25,32.0,1702.0,348.0,1016.0,350.0,2.5,INLAND,2,73600.0,68765.55869668373
-117.12,33.14,12.0,2363.0,408.0,1211.0,396.0,3.8967,<1H OCEAN,3,172600.0,171724.37354020445
-118.59,34.22,17.0,6015.0,1464.0,3056.0,1347.0,4.0077,<1H OCEAN,3,229000.0,245287.7241011311
-118.01,34.08,30.0,2281.0,522.0,1969.0,500.0,3.6531,INLAND,3,166300.0,162125.3827019966
-117.2,33.71,24.0,4210.0,920.0,1283.0,829.0,2.0881,<1H OCEAN,2,83300.0,203617.13667030085
-118.47,34.14,36.0,2873.0,420.0,850.0,379.0,8.153,<1H OCEAN,5,500001.0,506292.63254851766
-117.98,33.68,17.0,2603.0,373.0,1265.0,382.0,6.8039,<1H OCEAN,5,332900.0,305770.9425973478
-119.03,35.41,41.0,1808.0,435.0,1005.0,373.0,1.7857,INLAND,2,54300.0,56449.22454759814
-117.93,33.88,45.0,1306.0,293.0,585.0,260.0,4.0812,<1H OCEAN,3,241700.0,241655.462231992
-121.87,36.55,20.0,10053.0,1768.0,3083.0,1621.0,5.1506,NEAR OCEAN,4,387500.0,316796.66057121765
-117.65,34.1,19.0,1688.0,365.0,622.0,322.0,3.6,INLAND,3,136400.0,177297.51672060334
-121.3,37.98,47.0,2373.0,461.0,990.0,444.0,4.175,INLAND,3,98300.0,200084.07530856
-118.91,34.18,17.0,3220.0,716.0,1381.0,733.0,2.8958,<1H OCEAN,2,176000.0,227483.80375080238
-120.46,36.87,20.0,1287.0,310.0,954.0,269.0,1.3386,INLAND,1,63000.0,60845.925850852305
-118.58,34.24,26.0,3239.0,647.0,1529.0,590.0,3.2426,<1H OCEAN,3,236900.0,227982.42857721736
-120.89,37.21,25.0,3301.0,678.0,994.0,306.0,3.2262,INLAND,3,97200.0,170007.62103846428
-122.43,37.78,10.0,2380.0,843.0,1245.0,789.0,1.3062,NEAR BAY,1,220000.0,279463.61044014985
-117.72,33.62,19.0,1144.0,268.0,365.0,279.0,2.8583,<1H OCEAN,2,105800.0,187694.92924531738
-122.3,37.57,36.0,1973.0,352.0,1169.0,370.0,5.033,NEAR BAY,4,270900.0,247859.00683828865
-117.34,34.08,33.0,4924.0,1007.0,3502.0,953.0,3.233,INLAND,3,99400.0,124060.19754572905
-118.2,34.11,37.0,2040.0,611.0,1698.0,545.0,1.9355,<1H OCEAN,2,166300.0,169965.16324662723
-117.04,32.77,21.0,1824.0,447.0,962.0,431.0,2.7826,<1H OCEAN,2,143800.0,171696.31296000682
-123.02,38.81,35.0,956.0,213.0,488.0,215.0,3.025,<1H OCEAN,3,140600.0,144303.7959090073
-122.71,38.5,15.0,5645.0,830.0,2324.0,769.0,6.6104,<1H OCEAN,5,330900.0,302779.6916791425
-118.34,34.02,44.0,2067.0,385.0,1046.0,441.0,3.5357,<1H OCEAN,3,156900.0,231379.70933428124
-117.26,33.09,22.0,2398.0,407.0,349.0,169.0,7.0423,NEAR OCEAN,5,500001.0,398854.78095136065
-118.04,33.9,36.0,15.0,5.0,15.0,6.0,0.4999,<1H OCEAN,1,162500.0,150470.8706593829
-120.1,39.33,9.0,2738.0,510.0,1193.0,412.0,4.3958,INLAND,3,124800.0,151496.0585880223
-117.34,33.21,12.0,5963.0,1372.0,3015.0,1124.0,2.7386,NEAR OCEAN,2,216100.0,192054.68555799854
-117.15,32.75,27.0,3166.0,867.0,1332.0,817.0,2.6742,NEAR OCEAN,2,171400.0,195416.1111545946
-118.11,34.16,52.0,3158.0,459.0,1229.0,444.0,5.4223,INLAND,4,325600.0,324331.9663592502
-121.46,38.58,40.0,1394.0,397.0,689.0,353.0,1.7765,INLAND,2,109800.0,92919.11847620617
-122.44,37.65,38.0,5277.0,1008.0,2695.0,997.0,3.9722,NEAR OCEAN,3,276200.0,272522.57949328434
-117.09,33.13,9.0,5685.0,1442.0,3773.0,1250.0,3.0426,<1H OCEAN,3,129900.0,165350.51271736214
-122.42,37.73,52.0,3230.0,654.0,1765.0,611.0,3.3333,NEAR BAY,3,292300.0,299378.3910829777
-122.6,38.48,17.0,1528.0,264.0,606.0,251.0,6.6004,<1H OCEAN,5,341500.0,310546.2932278347
-116.06,34.15,15.0,10377.0,2331.0,4507.0,1807.0,2.2466,INLAND,2,66800.0,96776.36165644259
-122.81,38.08,19.0,1615.0,366.0,815.0,337.0,3.4609,NEAR OCEAN,3,238800.0,216648.93056774224
-120.54,38.41,21.0,1435.0,294.0,668.0,267.0,2.5667,INLAND,2,77400.0,104724.40621843019
-114.58,33.61,25.0,2907.0,680.0,1841.0,633.0,2.6768,INLAND,2,82400.0,93107.52068160128
-122.33,37.58,40.0,2362.0,468.0,992.0,425.0,4.7917,NEAR OCEAN,4,359900.0,362830.72426857194
-118.44,34.02,39.0,3278.0,632.0,1321.0,617.0,6.2917,<1H OCEAN,5,465700.0,431781.6368817601
-122.69,38.37,8.0,6322.0,1001.0,2969.0,1043.0,4.8233,<1H OCEAN,4,214000.0,237379.36688108623
-117.36,34.11,35.0,2969.0,521.0,1555.0,503.0,3.25,INLAND,3,107100.0,123090.40009726926
-122.31,37.99,25.0,6508.0,1137.0,3259.0,1081.0,4.2348,NEAR BAY,3,157800.0,207681.3938007189
-118.25,33.91,36.0,1950.0,365.0,1125.0,374.0,3.1111,<1H OCEAN,3,119300.0,164332.84810170723
-118.49,34.25,33.0,2088.0,383.0,960.0,362.0,4.3333,<1H OCEAN,3,232900.0,244383.0466907685
-122.22,38.12,15.0,14125.0,2344.0,6456.0,2147.0,5.1014,NEAR BAY,4,179500.0,234083.57188371738
-115.49,32.67,25.0,2322.0,573.0,2185.0,602.0,1.375,INLAND,1,70100.0,52060.92876094154
-116.95,33.86,1.0,6.0,2.0,8.0,2.0,1.625,INLAND,2,55000.0,127273.05206237933
-121.43,38.64,34.0,2010.0,411.0,1501.0,422.0,2.0417,INLAND,2,65900.0,67081.9685587555
-124.09,40.95,18.0,2250.0,484.0,1248.0,472.0,2.5893,NEAR OCEAN,2,99600.0,95641.50518631218
-117.85,33.62,18.0,729.0,105.0,316.0,108.0,10.3893,<1H OCEAN,5,500001.0,471367.8736683484
-117.67,33.64,11.0,2722.0,554.0,1565.0,508.0,5.1645,<1H OCEAN,4,164100.0,245990.91041815688
-116.99,33.75,18.0,9601.0,2401.0,4002.0,2106.0,1.4366,INLAND,1,77000.0,84574.29438979729
-121.18,39.26,14.0,811.0,161.0,352.0,121.0,3.5938,INLAND,3,140300.0,134358.52935037017
-116.6,33.06,23.0,1731.0,365.0,612.0,258.0,2.7813,INLAND,2,172900.0,121292.42817360087
-118.38,34.05,35.0,3517.0,879.0,1632.0,784.0,3.0956,<1H OCEAN,3,500001.0,308733.61339347425
-117.33,33.03,31.0,1171.0,321.0,603.0,267.0,2.8611,NEAR OCEAN,2,314300.0,214909.04061262848
-118.43,34.02,41.0,2403.0,516.0,1001.0,514.0,4.3906,<1H OCEAN,3,500001.0,352641.8108210254
-122.08,37.34,28.0,1643.0,216.0,594.0,205.0,12.367,<1H OCEAN,5,500001.0,479542.59774862585
-118.29,34.04,44.0,1941.0,579.0,2049.0,535.0,2.0405,<1H OCEAN,2,143000.0,162476.26362890002
-117.6,33.42,23.0,2482.0,461.0,1048.0,425.0,4.665,NEAR OCEAN,4,280600.0,274103.28730812966
-118.38,34.07,16.0,4814.0,1381.0,1897.0,1209.0,3.3725,<1H OCEAN,3,375000.0,307602.8043517991
-118.29,34.08,38.0,380.0,130.0,445.0,140.0,1.9286,<1H OCEAN,2,137500.0,174542.8220772769
-117.77,33.71,15.0,2102.0,295.0,1060.0,303.0,7.3141,<1H OCEAN,5,337100.0,313901.4792174846
-116.39,33.72,19.0,7646.0,1618.0,2496.0,1075.0,3.5569,INLAND,3,128000.0,132731.23971437733
-122.71,38.45,39.0,2739.0,573.0,1223.0,569.0,2.9663,<1H OCEAN,2,185400.0,185906.52280283885
-121.69,39.36,34.0,842.0,186.0,635.0,165.0,1.8355,INLAND,2,63000.0,63848.11575902823
-122.22,37.79,44.0,1487.0,314.0,961.0,272.0,3.5156,NEAR BAY,3,109500.0,185691.50416666936
-118.28,34.06,14.0,1787.0,853.0,2251.0,763.0,1.1642,<1H OCEAN,1,400000.0,183405.72559044513
-121.33,38.01,36.0,1383.0,207.0,531.0,203.0,5.9191,INLAND,4,151900.0,272480.29258020903
-120.32,37.29,9.0,695.0,188.0,810.0,190.0,1.6172,INLAND,2,56300.0,65499.55103869079
-120.92,40.02,35.0,383.0,92.0,202.0,72.0,2.6458,INLAND,2,102500.0,100273.92707611657
-118.14,34.14,24.0,10239.0,2823.0,4210.0,2565.0,3.6997,<1H OCEAN,3,225000.0,238049.21608205314
-122.15,37.47,37.0,1844.0,382.0,1634.0,417.0,2.7993,NEAR BAY,2,145500.0,179012.12896727066
-117.96,33.65,18.0,3603.0,879.0,1549.0,756.0,4.0229,<1H OCEAN,3,363100.0,238282.59623936788
-122.41,37.74,52.0,831.0,175.0,415.0,159.0,1.9464,NEAR BAY,2,249000.0,208978.75967993765
-122.26,37.88,52.0,2255.0,410.0,823.0,377.0,5.7979,NEAR BAY,4,415300.0,351998.49457234005
-117.19,32.86,19.0,3716.0,563.0,1788.0,587.0,5.2113,NEAR OCEAN,4,267400.0,259744.62238791108
-120.47,37.3,40.0,3693.0,771.0,2102.0,742.0,2.1838,INLAND,2,75000.0,84383.69397222491
-122.42,37.75,52.0,1609.0,510.0,1155.0,439.0,2.2328,NEAR BAY,2,250000.0,256281.6057128556
-117.06,32.77,34.0,1730.0,373.0,730.0,350.0,2.0284,NEAR OCEAN,2,161800.0,141041.72621346335
-121.44,38.5,20.0,2033.0,586.0,1281.0,521.0,1.4007,INLAND,1,97500.0,87897.12984844238
-122.33,37.93,27.0,2158.0,424.0,1220.0,442.0,3.0156,NEAR BAY,3,111500.0,159026.10118713917
-120.59,37.36,11.0,3946.0,978.0,2814.0,953.0,2.0179,INLAND,2,87300.0,88506.08654377513
-118.38,34.09,28.0,4001.0,1352.0,1799.0,1220.0,2.5784,<1H OCEAN,2,272900.0,300804.5420626896
-117.27,34.4,8.0,6042.0,979.0,3031.0,991.0,3.3438,INLAND,3,124400.0,103694.46786948499
-118.35,34.22,19.0,9259.0,1653.0,3963.0,1595.0,5.997,<1H OCEAN,4,228700.0,296184.9941017335
-119.21,34.19,15.0,3797.0,692.0,2216.0,675.0,4.7443,NEAR OCEAN,4,229500.0,265446.1489597961
-118.28,34.04,48.0,1521.0,513.0,1772.0,458.0,2.2232,<1H OCEAN,2,162500.0,152633.99587379541
-122.18,37.73,42.0,909.0,215.0,646.0,198.0,2.9063,NEAR BAY,2,80000.0,169601.01292729992
-118.24,33.99,33.0,885.0,294.0,1270.0,282.0,2.1615,<1H OCEAN,2,118800.0,118515.40441637213
-117.59,33.93,17.0,338.0,47.0,200.0,46.0,7.8118,INLAND,5,244200.0,309395.8462317253
-117.98,33.78,31.0,2825.0,546.0,1908.0,563.0,3.9798,<1H OCEAN,3,187500.0,194705.2493275612
-118.12,33.96,38.0,2105.0,348.0,956.0,350.0,4.4125,<1H OCEAN,3,246000.0,203171.13205009463
-118.28,33.97,31.0,1068.0,271.0,1091.0,281.0,1.689,<1H OCEAN,2,102600.0,118068.49961775511
-120.83,37.77,20.0,1717.0,403.0,1062.0,401.0,1.6759,INLAND,2,116700.0,73957.98027625059
-122.27,37.8,10.0,105.0,42.0,125.0,39.0,0.9722,NEAR BAY,1,137500.0,155769.06990103438
-117.15,34.22,10.0,1039.0,174.0,317.0,109.0,7.2371,INLAND,5,171900.0,253115.12195891174
-121.29,37.87,29.0,488.0,108.0,308.0,115.0,2.6563,INLAND,2,103100.0,112327.29922058762
-122.47,37.69,27.0,2447.0,720.0,2104.0,657.0,3.449,NEAR OCEAN,3,239100.0,248518.46802644164
-117.97,33.93,33.0,1700.0,369.0,981.0,362.0,4.5461,<1H OCEAN,4,194000.0,217148.28495621055
-119.3,34.42,18.0,5591.0,1042.0,2860.0,1026.0,3.5822,NEAR OCEAN,3,219900.0,255082.5137849008
-118.6,34.08,40.0,866.0,181.0,399.0,176.0,6.91,<1H OCEAN,5,380000.0,447382.8298374902
-117.97,34.05,34.0,2050.0,495.0,1832.0,465.0,2.8333,<1H OCEAN,2,155700.0,178923.14225612432
-121.85,39.77,17.0,5273.0,1177.0,2446.0,1199.0,1.9362,INLAND,2,89900.0,100109.1569176619
-119.86,36.82,12.0,1488.0,253.0,675.0,223.0,4.7622,INLAND,4,89300.0,150605.92594941307
-121.84,39.73,52.0,957.0,263.0,513.0,223.0,1.3672,INLAND,1,55000.0,80042.75788526154
-118.99,35.35,27.0,1615.0,355.0,1380.0,332.0,1.6632,INLAND,2,49800.0,45089.84793221113
-118.19,34.12,41.0,2591.0,682.0,2366.0,583.0,2.3071,<1H OCEAN,2,146400.0,172922.75157512576
-121.99,37.27,17.0,1527.0,267.0,775.0,260.0,5.9658,<1H OCEAN,4,278000.0,293844.7196446333
-117.63,33.65,10.0,3580.0,491.0,1688.0,467.0,7.7814,<1H OCEAN,5,288700.0,357526.3045474961
-118.2,33.77,41.0,1158.0,396.0,1209.0,336.0,2.7813,NEAR OCEAN,2,129200.0,176810.22505059355
-118.5,34.27,35.0,2235.0,390.0,1148.0,416.0,4.869,<1H OCEAN,4,221600.0,240896.3256491973
-119.21,37.25,44.0,3042.0,697.0,335.0,115.0,4.1838,INLAND,3,85600.0,212226.57682288197
-118.22,33.95,36.0,1679.0,483.0,2249.0,487.0,2.8167,<1H OCEAN,2,160400.0,151143.9187917969
-121.71,39.42,21.0,1432.0,284.0,862.0,275.0,2.2813,INLAND,2,57600.0,74544.83866821774
-122.5,37.78,50.0,1922.0,427.0,1049.0,443.0,3.5833,NEAR BAY,3,348500.0,327500.6881178108
-117.92,34.08,35.0,1897.0,311.0,965.0,323.0,5.7039,<1H OCEAN,4,199400.0,287778.245474408
-118.27,33.99,38.0,1407.0,447.0,1783.0,402.0,1.8086,<1H OCEAN,2,97100.0,122968.19069383696
-119.78,36.77,45.0,1315.0,256.0,666.0,240.0,2.3562,INLAND,2,58100.0,75041.48149679658
-122.43,37.64,34.0,8400.0,1812.0,4101.0,1717.0,4.1033,NEAR OCEAN,3,301000.0,274792.51019515435
-121.11,37.43,42.0,412.0,75.0,227.0,75.0,2.5,INLAND,2,74200.0,118557.60907137566
-117.65,33.42,25.0,2174.0,428.0,603.0,352.0,3.3967,NEAR OCEAN,3,249400.0,252671.10111265146
-117.83,33.99,14.0,17527.0,2751.0,8380.0,2676.0,6.2734,<1H OCEAN,5,267000.0,275039.1543083329
-117.33,34.17,5.0,4718.0,1140.0,2564.0,1056.0,2.9877,INLAND,2,119900.0,127387.59364152889
-116.9,34.52,20.0,3481.0,840.0,1694.0,587.0,1.4,INLAND,1,77700.0,83194.63939127795
-124.14,41.06,32.0,1020.0,215.0,421.0,198.0,3.0208,NEAR OCEAN,3,143400.0,108296.60121474329
-121.58,39.12,26.0,2796.0,629.0,2017.0,632.0,1.8355,INLAND,2,61200.0,66437.5514220268
-119.13,34.19,16.0,6389.0,1330.0,6242.0,1340.0,4.0222,NEAR OCEAN,3,206800.0,258107.81778871032
-117.07,33.03,15.0,1095.0,158.0,361.0,176.0,6.8099,<1H OCEAN,5,328200.0,287332.1735048316
-118.46,33.99,37.0,1828.0,460.0,1075.0,453.0,4.337,<1H OCEAN,3,360600.0,329058.6048890847
-122.36,37.96,30.0,950.0,317.0,1073.0,280.0,1.8664,NEAR BAY,2,107800.0,101505.05031218326
-119.32,36.62,15.0,1070.0,256.0,1070.0,243.0,1.5642,INLAND,2,51500.0,45087.48552454076
-117.04,32.54,7.0,938.0,297.0,1187.0,282.0,1.2667,NEAR OCEAN,1,67500.0,94718.37387089868
-117.08,32.77,25.0,3911.0,849.0,1580.0,767.0,2.7778,NEAR OCEAN,2,184100.0,184851.32699980272
-118.19,33.77,52.0,1562.0,616.0,692.0,512.0,1.4048,NEAR OCEAN,1,200000.0,192431.0919035047
-117.32,33.12,25.0,2670.0,527.0,936.0,461.0,2.7717,NEAR OCEAN,2,354000.0,216221.64964609666
-118.45,34.04,19.0,3330.0,1010.0,1837.0,915.0,3.0173,<1H OCEAN,3,393800.0,291534.7291699481
-117.04,32.58,20.0,2029.0,357.0,1497.0,353.0,4.0089,NEAR OCEAN,3,132100.0,146247.62009125954
-117.95,33.71,20.0,2781.0,407.0,1242.0,408.0,6.1092,<1H OCEAN,5,306500.0,280236.1263671674
-118.19,34.04,45.0,963.0,234.0,1194.0,239.0,2.1806,<1H OCEAN,2,134900.0,138941.25209105696
-118.51,34.29,29.0,1287.0,194.0,525.0,187.0,6.4171,<1H OCEAN,5,319300.0,363914.06728470256
-118.44,33.99,43.0,1432.0,308.0,782.0,303.0,4.3333,<1H OCEAN,3,303900.0,342427.1680906277
-117.91,33.84,26.0,1156.0,393.0,1880.0,400.0,2.2716,<1H OCEAN,2,350000.0,135067.07920651292
-118.34,34.19,47.0,1721.0,343.0,834.0,334.0,4.1923,<1H OCEAN,3,231200.0,264329.42132543895
-122.34,37.98,33.0,2014.0,410.0,1354.0,427.0,3.9773,NEAR BAY,3,131300.0,173825.68102845523
-117.01,32.7,25.0,2321.0,398.0,1434.0,386.0,3.5341,NEAR OCEAN,3,120800.0,145626.97014890832
-117.16,34.26,27.0,9285.0,1621.0,1135.0,410.0,2.5446,INLAND,2,135200.0,136062.1625887773
-118.16,35.05,44.0,1297.0,307.0,776.0,278.0,2.5875,INLAND,2,68900.0,96263.27398213632
-120.05,34.47,21.0,1241.0,248.0,746.0,211.0,3.8056,NEAR OCEAN,3,425000.0,241923.39697876218
-119.3,34.29,26.0,3665.0,932.0,2775.0,870.0,1.9286,NEAR OCEAN,2,160500.0,205884.99482614046
-122.21,37.8,39.0,2018.0,447.0,1221.0,446.0,3.0757,NEAR BAY,3,151000.0,179523.6553963392
-117.8,33.77,29.0,5436.0,707.0,2046.0,685.0,8.7496,<1H OCEAN,5,349500.0,431939.016813941
-119.76,36.77,38.0,3804.0,814.0,2142.0,816.0,2.1439,INLAND,2,60200.0,77422.45625413152
-119.25,34.3,34.0,1189.0,220.0,445.0,203.0,4.8824,NEAR OCEAN,4,396400.0,275488.6841688303
-118.61,34.17,31.0,1689.0,362.0,705.0,360.0,4.0,<1H OCEAN,3,278500.0,292363.3343189923
-116.36,33.78,6.0,24121.0,4522.0,4176.0,2221.0,3.3799,INLAND,3,239300.0,112945.32776794433
-118.58,34.19,35.0,2329.0,399.0,966.0,336.0,3.8839,<1H OCEAN,3,224900.0,248282.83085971375
-118.25,33.94,43.0,1113.0,378.0,1305.0,334.0,1.1434,<1H OCEAN,1,91300.0,120911.29768303764
-116.97,32.8,15.0,3927.0,1018.0,2204.0,977.0,2.4367,<1H OCEAN,2,111400.0,144362.53605522434
-122.27,37.85,50.0,1279.0,300.0,675.0,255.0,1.9028,NEAR BAY,2,150800.0,156155.21526870233
-119.73,36.74,14.0,6202.0,1551.0,5561.0,1435.0,1.6073,INLAND,2,64700.0,76963.70570893976
-122.03,37.92,23.0,3318.0,408.0,1124.0,393.0,6.5847,NEAR BAY,5,358800.0,296780.29490758345
-118.29,33.88,32.0,2307.0,493.0,1754.0,528.0,4.317,<1H OCEAN,3,232800.0,212571.92907739073
-118.42,37.36,18.0,2281.0,520.0,1425.0,465.0,1.7388,INLAND,2,54400.0,63003.00517072272
-117.3,34.46,8.0,6246.0,1273.0,3883.0,1264.0,2.7917,INLAND,2,98200.0,97313.9261538322
-117.92,33.73,14.0,5147.0,1182.0,3171.0,1126.0,3.9929,<1H OCEAN,3,225800.0,211992.71202451707
-117.79,34.07,34.0,975.0,192.0,870.0,183.0,3.7933,INLAND,3,116100.0,136404.19063647094
-122.04,36.96,42.0,538.0,107.0,200.0,104.0,2.1667,NEAR OCEAN,2,196400.0,200883.89823224247
-122.76,40.4,22.0,2153.0,461.0,903.0,314.0,2.125,INLAND,2,123200.0,85629.17673371281
-118.33,33.97,47.0,1830.0,369.0,922.0,377.0,4.1635,<1H OCEAN,3,156400.0,257446.1404676104
-118.08,33.92,34.0,2118.0,437.0,1414.0,442.0,3.7238,<1H OCEAN,3,166800.0,184858.78580959482
-122.66,38.44,17.0,5815.0,898.0,2614.0,887.0,4.3657,<1H OCEAN,3,215900.0,227549.64167710455
-116.97,32.83,17.0,6659.0,1402.0,3183.0,1378.0,2.949,<1H OCEAN,2,117300.0,161303.8318866358
-118.14,34.04,37.0,1129.0,212.0,509.0,202.0,2.6146,<1H OCEAN,2,243200.0,173623.3055220974
-119.06,36.09,11.0,2572.0,454.0,1402.0,415.0,3.6786,INLAND,3,72900.0,105080.30227490548
-122.28,37.87,52.0,1813.0,353.0,828.0,339.0,3.5625,NEAR BAY,3,191700.0,236002.4003483951
-122.29,37.82,2.0,158.0,43.0,94.0,57.0,2.5625,NEAR BAY,2,60000.0,168473.8053595949
-117.94,34.08,32.0,2704.0,514.0,1669.0,497.0,4.4653,<1H OCEAN,3,195400.0,216421.02908098712
-118.3,34.0,52.0,1296.0,246.0,853.0,238.0,3.05,<1H OCEAN,3,111600.0,200207.8659444482
-118.29,33.73,30.0,2835.0,711.0,1669.0,652.0,3.3616,NEAR OCEAN,3,268500.0,249728.86196967345
-122.44,37.72,52.0,1380.0,272.0,847.0,284.0,3.7143,NEAR BAY,3,260000.0,295047.61156586447
-116.95,33.74,20.0,2233.0,431.0,1024.0,399.0,2.4554,INLAND,2,89400.0,93268.43606400452
-117.35,33.96,25.0,2396.0,316.0,951.0,314.0,8.2405,INLAND,5,235200.0,328804.41152961116
-118.42,34.16,25.0,2769.0,566.0,1201.0,545.0,3.6641,<1H OCEAN,3,386100.0,320454.8164335509
-118.27,34.02,40.0,561.0,284.0,662.0,205.0,0.9234,<1H OCEAN,1,187500.0,166781.43336692732
-117.8,33.66,16.0,2542.0,498.0,1022.0,494.0,4.0,<1H OCEAN,3,223400.0,228435.32419500503
-118.07,33.89,35.0,1145.0,274.0,1651.0,265.0,3.125,<1H OCEAN,3,120300.0,147023.95381708565
-121.37,38.57,16.0,3895.0,896.0,1762.0,855.0,2.6635,INLAND,2,135800.0,122057.28248982773
-118.14,33.77,49.0,2792.0,690.0,1301.0,648.0,3.2917,NEAR OCEAN,3,307400.0,248875.84851305635
-120.37,34.9,17.0,2649.0,386.0,1057.0,362.0,4.7813,<1H OCEAN,4,326800.0,231051.72161471745
-117.34,34.13,29.0,331.0,85.0,341.0,107.0,0.7069,INLAND,1,70300.0,94079.59214816155
-120.23,37.96,52.0,1230.0,262.0,609.0,243.0,2.0057,INLAND,2,68200.0,86199.64732872309
-119.56,37.29,14.0,2391.0,451.0,798.0,308.0,3.0924,INLAND,3,114600.0,128458.82144357791
-122.02,37.55,33.0,1325.0,274.0,909.0,267.0,4.5687,NEAR BAY,4,177200.0,224472.7817152896
-121.43,38.53,36.0,2430.0,426.0,1199.0,437.0,3.1667,INLAND,3,81900.0,115026.67081453402
-121.29,37.99,41.0,930.0,191.0,463.0,185.0,3.4141,INLAND,3,90600.0,116725.51987183072
-121.28,37.94,44.0,1406.0,357.0,1489.0,386.0,1.4688,INLAND,1,56800.0,61058.82568211265
-122.49,37.75,52.0,2226.0,385.0,1177.0,416.0,4.8516,NEAR OCEAN,4,323800.0,345823.4349657443
-117.13,33.89,4.0,1611.0,239.0,275.0,84.0,3.5781,INLAND,3,244400.0,119337.75316099392
-118.42,34.28,34.0,1999.0,427.0,2391.0,439.0,2.8,<1H OCEAN,2,144300.0,177924.40174095036
-118.02,34.08,31.0,2402.0,632.0,2830.0,603.0,2.3333,INLAND,2,164200.0,131322.22043914892
-118.03,33.79,26.0,5321.0,889.0,2932.0,896.0,5.8914,<1H OCEAN,4,237600.0,278046.10850410996
-122.08,37.95,24.0,3173.0,548.0,1351.0,536.0,5.0672,NEAR BAY,4,243000.0,229352.17797235714
-119.19,35.64,29.0,1476.0,220.0,902.0,205.0,2.6726,INLAND,2,83300.0,70704.71508298363
-116.5,33.82,16.0,343.0,85.0,29.0,14.0,2.1042,INLAND,2,87500.0,85075.13656191052
-121.43,38.56,41.0,1105.0,227.0,443.0,210.0,3.1827,INLAND,3,131700.0,119362.55335734841
-121.55,39.1,27.0,1783.0,441.0,1163.0,409.0,1.2857,INLAND,1,47000.0,70556.33311665752
-122.02,36.97,29.0,2568.0,747.0,1743.0,659.0,1.9286,NEAR OCEAN,2,195300.0,214754.6492080295
-122.68,38.36,8.0,7520.0,1336.0,3833.0,1287.0,4.3278,<1H OCEAN,3,184100.0,235652.0015495527
-122.45,41.28,15.0,2740.0,503.0,1188.0,445.0,3.4519,INLAND,3,128800.0,131558.69523171274
-120.69,39.12,19.0,1048.0,262.0,493.0,184.0,2.2917,INLAND,2,118200.0,99053.76267245172
-117.9,34.15,21.0,2056.0,461.0,1332.0,429.0,3.3942,INLAND,3,212800.0,137209.69987094408
-120.71,38.73,17.0,2146.0,396.0,862.0,351.0,2.9219,INLAND,2,141300.0,128231.67526851394
-118.31,34.08,26.0,1609.0,534.0,1868.0,497.0,2.7038,<1H OCEAN,2,227100.0,200814.21494398126
-122.23,37.78,52.0,862.0,215.0,994.0,213.0,3.0257,NEAR BAY,3,80800.0,172895.15518295232
-116.89,33.73,15.0,2094.0,316.0,937.0,277.0,5.3623,INLAND,4,201300.0,170415.0626913513
-117.22,32.8,23.0,1906.0,525.0,1029.0,491.0,2.93,NEAR OCEAN,2,183300.0,209512.41541118387
-118.18,33.9,25.0,1709.0,442.0,1177.0,410.0,2.4333,<1H OCEAN,2,155000.0,148595.36465217522
-118.23,34.07,40.0,506.0,119.0,397.0,114.0,3.1944,<1H OCEAN,3,143800.0,207414.8831124991
-122.01,37.4,14.0,4841.0,1130.0,813.0,517.0,3.7614,<1H OCEAN,3,137500.0,279881.2896375891
-117.87,33.81,15.0,3082.0,536.0,1268.0,531.0,3.7604,<1H OCEAN,3,280100.0,220978.5133473263
-120.68,35.14,34.0,3100.0,617.0,1155.0,542.0,3.0938,NEAR OCEAN,3,245900.0,245825.8387855549
-118.36,34.05,48.0,1835.0,380.0,956.0,370.0,3.2813,<1H OCEAN,3,243600.0,257437.2384697848
-117.53,34.1,5.0,2185.0,488.0,1379.0,458.0,3.7917,INLAND,3,103000.0,141054.6305409558
-117.34,34.1,14.0,11827.0,2445.0,6640.0,2299.0,2.4878,INLAND,2,103800.0,113974.30368795928
-121.96,37.53,18.0,2375.0,652.0,1252.0,586.0,2.6198,<1H OCEAN,2,235900.0,208414.36326201216
-123.17,39.15,30.0,1904.0,331.0,816.0,325.0,4.425,<1H OCEAN,3,161900.0,195632.44556244425
-118.39,34.15,29.0,3110.0,650.0,1212.0,642.0,4.2031,<1H OCEAN,3,394400.0,343947.0161414147
-123.84,39.83,19.0,1461.0,340.0,515.0,227.0,1.5278,NEAR OCEAN,2,145800.0,109837.88984633886
-121.97,37.96,28.0,1433.0,290.0,877.0,313.0,4.7891,INLAND,4,184800.0,159097.52198114982
-118.31,33.88,32.0,2421.0,671.0,1491.0,587.0,3.5644,<1H OCEAN,3,242300.0,253862.62960365746
-118.42,34.18,31.0,2887.0,646.0,1626.0,637.0,3.6745,<1H OCEAN,3,335500.0,258994.41942853646
-117.17,34.25,15.0,4236.0,753.0,703.0,255.0,3.5625,INLAND,3,165500.0,151180.4277111217
-117.35,33.95,28.0,1650.0,210.0,557.0,211.0,7.6632,INLAND,5,204800.0,341813.78823871
-121.87,39.82,11.0,5103.0,825.0,2456.0,810.0,4.5032,INLAND,4,159700.0,143985.93318628654
-117.39,33.98,37.0,2337.0,452.0,948.0,437.0,3.145,INLAND,3,169100.0,143785.5689908033
-122.53,37.86,38.0,1183.0,196.0,628.0,205.0,3.75,NEAR BAY,3,478600.0,296272.9145693376
-117.21,33.12,4.0,3261.0,689.0,926.0,561.0,4.3672,NEAR OCEAN,3,258900.0,259663.09466641062
-118.37,33.86,28.0,2685.0,581.0,1243.0,529.0,4.119,<1H OCEAN,3,324000.0,299379.4115734352
-124.15,41.81,17.0,3276.0,628.0,3546.0,585.0,2.2868,NEAR OCEAN,2,103100.0,72083.59626595204
-121.0,37.66,43.0,2369.0,413.0,944.0,422.0,3.2632,INLAND,3,138100.0,140804.19514725712
-118.27,33.94,30.0,1041.0,275.0,877.0,270.0,1.5268,<1H OCEAN,2,91600.0,129361.50767908091
-116.97,32.76,33.0,3071.0,466.0,1348.0,513.0,6.1768,<1H OCEAN,5,228900.0,284171.1724872868
-116.96,32.79,17.0,5236.0,1325.0,3308.0,1233.0,2.3221,<1H OCEAN,2,138800.0,138102.4062633169
-118.05,34.1,30.0,2143.0,427.0,1107.0,416.0,4.2321,INLAND,3,252200.0,213163.58236071304
-122.4,37.6,52.0,1380.0,203.0,530.0,210.0,6.221,NEAR OCEAN,5,420300.0,428260.3553830665
-118.44,34.19,37.0,1516.0,344.0,983.0,347.0,5.0,<1H OCEAN,4,243600.0,249280.61337117714
-121.95,38.34,9.0,4999.0,874.0,2687.0,817.0,4.2324,INLAND,3,142100.0,153500.83400002128
-119.01,35.38,52.0,114.0,26.0,158.0,26.0,1.075,INLAND,1,67500.0,78647.65419855516
-122.23,38.1,47.0,1303.0,278.0,694.0,269.0,2.5969,NEAR BAY,2,92800.0,133113.66652332045
-117.9,33.7,12.0,4695.0,1110.0,2153.0,989.0,4.6483,<1H OCEAN,4,190800.0,241560.70878109278
-118.14,33.93,31.0,3205.0,727.0,1647.0,664.0,3.3681,<1H OCEAN,3,223900.0,216947.99611274424
-117.97,34.09,31.0,2779.0,639.0,2259.0,670.0,3.4032,INLAND,3,143400.0,136526.41062334084
-121.06,39.23,10.0,2229.0,537.0,982.0,512.0,2.186,INLAND,2,132700.0,99379.20217594736
-118.23,33.95,42.0,705.0,173.0,739.0,140.0,0.9166,<1H OCEAN,1,99000.0,125677.11650306334
-117.25,34.11,30.0,2173.0,560.0,1509.0,486.0,1.4079,INLAND,1,67700.0,83083.08903034007
-117.94,33.81,34.0,1290.0,203.0,664.0,204.0,5.8461,<1H OCEAN,4,227400.0,311131.81465433165
-118.13,33.82,44.0,1785.0,307.0,779.0,291.0,4.3056,<1H OCEAN,3,228600.0,239782.47534570444
-117.9,34.53,8.0,3484.0,647.0,2169.0,619.0,3.9766,INLAND,3,135800.0,127470.29160591241
-122.12,37.42,35.0,2445.0,533.0,1187.0,519.0,5.2803,NEAR BAY,4,362100.0,297893.0671255397
-122.42,37.74,52.0,1674.0,346.0,734.0,335.0,3.8864,NEAR BAY,3,281300.0,316859.7302344984
-118.46,33.77,28.0,3065.0,406.0,1101.0,391.0,10.5536,NEAR OCEAN,5,500001.0,530191.9348556129
-118.28,33.93,43.0,269.0,74.0,295.0,79.0,2.2969,<1H OCEAN,2,90600.0,155138.01953079997
-120.68,37.47,33.0,1028.0,226.0,658.0,197.0,2.3043,INLAND,2,66300.0,97550.39807562632
-117.61,34.04,8.0,4116.0,766.0,1785.0,745.0,3.1672,INLAND,3,150200.0,138904.86005784734
-118.1,34.07,36.0,1240.0,349.0,1383.0,338.0,2.4931,<1H OCEAN,2,170300.0,151647.51413897553
-120.02,39.24,24.0,1602.0,426.0,751.0,257.0,1.7609,INLAND,2,99300.0,90496.81500157296
-118.39,34.02,38.0,2521.0,647.0,1091.0,597.0,4.1296,<1H OCEAN,3,322900.0,347609.04953316046
-120.1,39.19,17.0,1480.0,241.0,202.0,80.0,3.9375,INLAND,3,213200.0,133783.55032597753
-118.2,34.14,51.0,1941.0,378.0,1012.0,371.0,3.9375,<1H OCEAN,3,217000.0,233719.29890709044
-117.38,33.89,12.0,3964.0,524.0,1707.0,549.0,5.1624,INLAND,4,267900.0,173412.6214889502
-122.41,37.75,9.0,1282.0,334.0,1176.0,305.0,2.6538,NEAR BAY,2,206300.0,183463.1425564465
-118.05,34.16,36.0,3908.0,732.0,1688.0,725.0,4.5625,INLAND,4,376800.0,243699.18495710852
-121.49,38.56,42.0,900.0,239.0,506.0,231.0,1.2813,INLAND,1,87500.0,81467.75382148895
-122.82,38.44,23.0,1551.0,236.0,555.0,243.0,4.6792,<1H OCEAN,4,304700.0,226878.80828730707
-122.18,37.45,43.0,2061.0,437.0,817.0,385.0,4.4688,NEAR BAY,3,460200.0,296191.4387656825
-121.81,38.01,52.0,1124.0,245.0,528.0,226.0,2.2639,INLAND,2,128500.0,101798.15367435238
-122.08,37.4,23.0,806.0,158.0,373.0,156.0,5.9291,NEAR BAY,4,284600.0,300866.0588012284
-118.29,34.03,27.0,1084.0,287.0,1085.0,279.0,2.135,<1H OCEAN,2,119600.0,153317.81444349812
-118.27,33.84,24.0,6303.0,1277.0,3728.0,1252.0,3.9227,<1H OCEAN,3,208600.0,220427.9298459833
-122.42,37.79,6.0,670.0,301.0,655.0,284.0,3.4423,NEAR BAY,3,117500.0,304957.50571450515
-119.28,36.32,29.0,2274.0,514.0,1234.0,521.0,1.9138,INLAND,2,66900.0,63579.36173641885
-118.2,33.82,34.0,2807.0,768.0,2217.0,744.0,2.4286,NEAR OCEAN,2,204800.0,177652.6377514418
-119.73,36.8,15.0,2376.0,538.0,1197.0,510.0,3.1417,INLAND,3,74600.0,106857.10383841477
-117.1,32.67,26.0,2629.0,763.0,2721.0,767.0,2.0982,NEAR OCEAN,2,109100.0,121741.8326904407
-118.21,34.05,47.0,722.0,235.0,930.0,226.0,2.5455,<1H OCEAN,2,114300.0,155928.2124241792
-118.39,34.04,49.0,1230.0,279.0,669.0,269.0,3.9038,<1H OCEAN,3,308300.0,324863.98345340946
-118.91,35.4,10.0,3587.0,774.0,1398.0,763.0,2.569,INLAND,2,113000.0,108236.37174811676
-117.66,35.6,14.0,1740.0,391.0,850.0,317.0,2.5812,INLAND,2,91700.0,84362.95339289856
-122.92,38.97,20.0,2067.0,384.0,904.0,333.0,2.9934,<1H OCEAN,2,134200.0,165742.58138142817
-118.51,33.98,40.0,1901.0,679.0,865.0,587.0,2.3417,<1H OCEAN,2,425000.0,287617.934000276
-120.02,36.95,25.0,2115.0,482.0,1976.0,474.0,1.8431,INLAND,2,53900.0,64359.73047199276
-122.05,37.89,37.0,1677.0,269.0,689.0,283.0,4.2625,NEAR BAY,3,310600.0,223994.88075778924
-118.25,34.09,52.0,104.0,20.0,32.0,17.0,3.75,<1H OCEAN,3,241700.0,245400.86676738976
-122.02,37.4,33.0,2015.0,484.0,1285.0,419.0,4.0655,<1H OCEAN,3,226800.0,242962.0660109019
-119.78,36.27,29.0,1871.0,315.0,1066.0,309.0,4.5714,INLAND,4,100800.0,132179.07608671003
-122.4,37.71,40.0,1883.0,397.0,1411.0,438.0,3.0469,NEAR BAY,3,238000.0,207244.02146849304
-117.33,33.16,29.0,3559.0,552.0,1533.0,545.0,4.0585,NEAR OCEAN,3,245500.0,219500.81211506765
-117.95,34.05,35.0,1309.0,276.0,1113.0,253.0,4.375,<1H OCEAN,3,156500.0,197275.6099450178
-120.32,38.71,13.0,1115.0,255.0,86.0,32.0,3.5667,INLAND,3,115600.0,130886.84570266404
-119.7,36.8,31.0,1746.0,321.0,1186.0,360.0,2.6932,INLAND,2,66400.0,72427.32488582247
-119.79,36.78,38.0,1912.0,456.0,1131.0,408.0,2.03,INLAND,2,58800.0,63129.08048580617
-117.4,33.85,9.0,7538.0,1125.0,3450.0,1077.0,5.4625,INLAND,4,223600.0,192992.9611161309
-119.15,34.2,25.0,3445.0,898.0,5558.0,894.0,3.0972,NEAR OCEAN,3,169300.0,218271.31829039584
-117.91,34.14,42.0,2225.0,485.0,1544.0,464.0,2.2442,INLAND,2,166700.0,107560.61761186304
-117.82,33.73,24.0,845.0,190.0,482.0,190.0,4.7039,<1H OCEAN,4,225000.0,223519.57872746213
-117.25,34.12,17.0,3107.0,752.0,2160.0,643.0,1.8463,INLAND,2,72600.0,96312.1032044952
-116.96,32.86,14.0,3064.0,496.0,1681.0,503.0,4.4347,<1H OCEAN,3,160300.0,166080.91974401448
-117.09,32.64,24.0,3613.0,973.0,2002.0,931.0,1.947,NEAR OCEAN,2,147500.0,146706.65300083926
-117.33,33.22,21.0,2868.0,602.0,855.0,559.0,2.7846,NEAR OCEAN,2,91200.0,220720.01956934977
-122.02,37.95,25.0,1205.0,260.0,608.0,272.0,2.4519,NEAR BAY,2,208300.0,129353.26289899302
-122.48,37.78,44.0,3371.0,794.0,1738.0,753.0,3.1653,NEAR BAY,3,335300.0,317146.1370689764
-121.59,39.78,18.0,945.0,205.0,385.0,207.0,2.1838,INLAND,2,58000.0,78116.9344905652
-118.14,34.18,47.0,3457.0,622.0,1700.0,579.0,3.5164,<1H OCEAN,3,226500.0,201587.32329014715
-117.22,32.74,52.0,1260.0,202.0,555.0,209.0,7.2758,NEAR OCEAN,5,345200.0,424871.041179186
-119.35,36.22,29.0,2051.0,351.0,915.0,343.0,3.1944,INLAND,3,106800.0,101025.68398829954
-118.08,34.15,28.0,238.0,58.0,142.0,31.0,0.4999,INLAND,1,500001.0,144933.0355863965
-122.41,37.79,52.0,6016.0,2509.0,3436.0,2119.0,2.5166,NEAR BAY,2,275000.0,273418.90722608427
-122.91,39.03,14.0,2374.0,557.0,723.0,427.0,1.3532,INLAND,1,95800.0,96892.303525394
-118.27,34.02,21.0,1314.0,375.0,1505.0,366.0,2.319,<1H OCEAN,2,97200.0,149537.6701379718
-116.96,32.71,18.0,2413.0,533.0,1129.0,551.0,2.4567,<1H OCEAN,2,155000.0,140482.36860976246
-122.49,38.0,26.0,48.0,8.0,19.0,8.0,7.7197,NEAR BAY,5,400000.0,375921.3255543863
-118.36,34.1,36.0,2963.0,838.0,1129.0,745.0,2.5588,<1H OCEAN,2,500001.0,266272.13154538296
-122.47,37.67,20.0,5689.0,992.0,3752.0,1002.0,5.5845,NEAR OCEAN,4,304300.0,301510.86190049263
-117.82,33.77,27.0,2578.0,314.0,976.0,340.0,7.1882,<1H OCEAN,5,359200.0,357379.74872420717
-117.04,32.77,16.0,7963.0,1881.0,3769.0,1804.0,2.9624,<1H OCEAN,2,144700.0,159512.99905069606
-122.31,37.54,42.0,1159.0,261.0,465.0,247.0,3.1842,NEAR OCEAN,3,352800.0,264785.82492503495
-122.14,37.84,24.0,2131.0,343.0,874.0,373.0,5.6349,NEAR BAY,4,355600.0,263406.15895056154
-121.32,38.02,26.0,2851.0,533.0,1544.0,499.0,3.5379,INLAND,3,99100.0,122804.93612064865
-118.13,34.16,52.0,1872.0,357.0,984.0,364.0,4.0,<1H OCEAN,3,250400.0,244496.78815160022
-117.34,34.12,26.0,1008.0,164.0,568.0,196.0,3.3516,INLAND,3,105600.0,122266.08654292767
-122.08,37.36,28.0,2181.0,284.0,728.0,238.0,8.2266,NEAR BAY,5,500001.0,444473.4202620761
-118.2,34.12,41.0,1908.0,503.0,1557.0,453.0,2.9194,<1H OCEAN,2,162000.0,179270.89432305493
-117.86,33.88,20.0,3977.0,540.0,1886.0,541.0,6.5843,<1H OCEAN,5,272200.0,301766.9477532262
-118.34,33.89,36.0,2392.0,444.0,1346.0,445.0,6.0088,<1H OCEAN,5,245900.0,330260.7534892892
-118.27,34.07,33.0,1177.0,468.0,1533.0,430.0,2.3981,<1H OCEAN,2,183300.0,160238.77694341895
-117.09,33.03,17.0,2786.0,396.0,1228.0,396.0,6.4211,<1H OCEAN,5,220700.0,283799.1108476258
-122.32,37.97,29.0,2347.0,464.0,1135.0,490.0,3.9722,NEAR BAY,3,161000.0,200114.5051118275
-117.68,33.6,19.0,3913.0,460.0,1646.0,454.0,7.2147,<1H OCEAN,5,303900.0,336777.8973547365
-116.95,32.76,13.0,5543.0,857.0,2074.0,737.0,4.9528,<1H OCEAN,4,266200.0,207355.4250732803
-117.13,32.69,36.0,1469.0,400.0,1271.0,340.0,1.043,NEAR OCEAN,1,90100.0,98021.91623210056
-115.57,32.78,15.0,1413.0,279.0,803.0,277.0,4.3021,INLAND,3,87500.0,132615.480328692
-121.63,38.03,17.0,2549.0,596.0,1169.0,500.0,3.6694,INLAND,3,209400.0,150008.38377426806
-121.25,38.8,14.0,5094.0,729.0,1974.0,705.0,5.5205,INLAND,4,188700.0,198461.1938766039
-118.27,33.97,39.0,2569.0,688.0,2601.0,630.0,2.0754,<1H OCEAN,2,101400.0,134409.4813213355
-121.83,37.21,14.0,2714.0,361.0,1259.0,375.0,7.7738,<1H OCEAN,5,387500.0,378134.7284030062
-119.27,34.26,23.0,3578.0,753.0,1455.0,649.0,4.1898,NEAR OCEAN,3,359100.0,296118.96613545617
-118.46,34.03,27.0,1965.0,631.0,1042.0,596.0,2.75,<1H OCEAN,2,327300.0,286042.2069820479
-119.71,34.43,47.0,1572.0,417.0,790.0,384.0,2.6429,<1H OCEAN,2,279200.0,212547.55350015563
-122.2,37.48,41.0,733.0,155.0,652.0,140.0,5.1654,NEAR BAY,4,233600.0,297247.19583048316
-122.2,37.78,45.0,1766.0,332.0,869.0,327.0,4.5893,NEAR BAY,4,163500.0,254466.26783935467
-117.12,32.78,4.0,2782.0,817.0,1309.0,787.0,4.2621,NEAR OCEAN,3,124200.0,196883.89547181022
-118.48,34.0,25.0,4149.0,1067.0,1749.0,1000.0,3.9722,<1H OCEAN,3,450000.0,346058.6875599563
-117.42,34.11,25.0,4261.0,893.0,2319.0,702.0,3.3958,INLAND,3,111900.0,130529.54369384715
-116.83,34.25,15.0,8948.0,1985.0,1316.0,514.0,2.7375,INLAND,2,90800.0,102733.99662039468
-120.45,34.94,26.0,1058.0,232.0,891.0,243.0,3.6422,<1H OCEAN,3,120600.0,190812.7333320325
-118.38,34.14,40.0,1965.0,354.0,666.0,357.0,6.0876,<1H OCEAN,5,483800.0,432572.6649278517
-117.93,33.61,27.0,1806.0,465.0,791.0,358.0,3.8125,<1H OCEAN,3,366700.0,290969.3278108344
-122.39,37.74,42.0,4110.0,846.0,2147.0,674.0,2.5694,NEAR BAY,2,201000.0,207523.9228283675
-122.47,37.74,52.0,1538.0,305.0,819.0,319.0,4.0846,NEAR BAY,3,333600.0,320467.1895400183
-117.22,32.81,24.0,730.0,196.0,335.0,203.0,3.5078,NEAR OCEAN,3,362500.0,205283.48467209106
-117.89,33.75,34.0,2753.0,654.0,3117.0,631.0,3.1713,<1H OCEAN,3,170100.0,171885.268758591
-122.41,37.66,32.0,1385.0,356.0,1096.0,353.0,4.475,NEAR OCEAN,3,246700.0,263345.76603590936
-117.03,32.77,34.0,1796.0,428.0,918.0,424.0,2.875,<1H OCEAN,2,161200.0,169881.09726921518
-121.87,39.74,7.0,1737.0,290.0,747.0,265.0,3.9,INLAND,3,147000.0,124856.64354652767
-121.23,37.79,21.0,1922.0,373.0,1130.0,372.0,4.0815,INLAND,3,117900.0,139242.324420605
-121.32,38.89,9.0,5927.0,1269.0,3369.0,1176.0,2.8194,INLAND,2,111300.0,118329.93075960573
-122.43,37.71,52.0,1508.0,278.0,1138.0,304.0,4.0234,NEAR BAY,3,266500.0,286445.290368889
-118.12,34.69,27.0,3019.0,501.0,1580.0,523.0,3.7804,INLAND,3,113500.0,107477.19677448396
-122.49,37.78,47.0,2695.0,643.0,1505.0,644.0,3.0877,NEAR BAY,3,329100.0,297930.07402841805
-122.44,37.8,52.0,1724.0,412.0,540.0,319.0,4.2857,NEAR BAY,3,500001.0,411524.75384249014
-118.08,33.86,26.0,778.0,173.0,539.0,186.0,3.2679,<1H OCEAN,3,236500.0,183464.2451642958
-117.28,34.17,26.0,3106.0,603.0,1396.0,576.0,3.1736,INLAND,3,122200.0,128147.93588452728
-120.9,39.93,23.0,2679.0,546.0,1424.0,529.0,2.8812,INLAND,2,81900.0,98502.01785426945
-122.34,37.59,44.0,1395.0,269.0,736.0,288.0,5.6206,NEAR OCEAN,4,386400.0,381999.60509046406
-121.83,37.38,31.0,3633.0,843.0,2677.0,797.0,3.2222,<1H OCEAN,3,184800.0,218384.85971493262
-120.42,34.96,20.0,1678.0,307.0,840.0,316.0,4.4342,<1H OCEAN,3,160700.0,214601.92507695945
-121.48,38.53,38.0,1451.0,315.0,786.0,340.0,2.3487,INLAND,2,101600.0,89811.17761321117
-118.41,34.15,46.0,1628.0,259.0,500.0,258.0,6.083,<1H OCEAN,5,424000.0,425832.8208050656
-121.95,37.28,52.0,777.0,148.0,362.0,144.0,4.0208,<1H OCEAN,3,262500.0,260975.94800350736
-118.07,34.16,35.0,2459.0,438.0,970.0,437.0,4.2143,INLAND,3,369400.0,236508.95247285886
-118.18,34.05,41.0,616.0,196.0,814.0,180.0,3.3333,<1H OCEAN,3,115100.0,198379.978065641
-118.3,34.07,36.0,2657.0,738.0,2274.0,723.0,3.425,<1H OCEAN,3,281700.0,224424.5604561525
-117.02,32.59,19.0,1902.0,335.0,1102.0,313.0,3.0365,NEAR OCEAN,3,98100.0,131419.12058747472
-122.72,38.43,31.0,2020.0,476.0,1408.0,437.0,2.5735,<1H OCEAN,2,131100.0,150904.80116536384
-122.49,38.22,33.0,1486.0,290.0,781.0,274.0,3.5647,NEAR BAY,3,251800.0,237466.5200922945
-119.16,34.28,11.0,5330.0,1056.0,2801.0,1028.0,4.763,NEAR OCEAN,4,232700.0,278470.9898475443
-121.3,38.73,9.0,5558.0,1099.0,2717.0,1043.0,3.6455,INLAND,3,139200.0,144621.38786251008
-123.5,39.67,22.0,2124.0,450.0,1122.0,446.0,2.1793,INLAND,2,71500.0,51201.28582780896
-118.58,34.18,28.0,908.0,142.0,368.0,143.0,5.6159,<1H OCEAN,4,340500.0,311654.78894744173
-122.53,37.97,52.0,1560.0,451.0,700.0,419.0,2.5125,NEAR BAY,2,270800.0,261008.15072997057
-117.88,34.13,25.0,2559.0,654.0,1674.0,623.0,2.8547,<1H OCEAN,2,155600.0,203616.5954991545
-119.32,36.3,14.0,1680.0,343.0,931.0,350.0,2.7336,INLAND,2,89200.0,78850.49562984752
-118.27,33.86,33.0,1685.0,333.0,1484.0,318.0,4.3527,<1H OCEAN,3,167000.0,187798.42736941308
-117.34,34.51,6.0,5667.0,1385.0,2447.0,1199.0,2.3617,INLAND,2,103100.0,92984.5280727016
-119.19,34.19,35.0,2599.0,552.0,2726.0,543.0,3.2212,NEAR OCEAN,3,180500.0,217855.507887769
-118.85,35.2,17.0,2783.0,678.0,2566.0,641.0,1.9907,INLAND,2,51200.0,57798.119802720576
-118.45,34.25,36.0,1453.0,270.0,808.0,275.0,4.3839,<1H OCEAN,3,204600.0,230635.46247435323
-122.07,37.88,11.0,1077.0,318.0,590.0,264.0,3.5536,NEAR BAY,3,387200.0,224684.1867982146
-122.24,38.07,13.0,5451.0,1194.0,2957.0,1081.0,2.6098,NEAR BAY,2,162500.0,145491.16679970638
-122.02,38.26,20.0,3899.0,763.0,2198.0,779.0,3.2061,INLAND,3,120400.0,120135.08090803302
-121.34,38.64,17.0,2761.0,501.0,1128.0,482.0,3.7562,INLAND,3,139700.0,142685.9321424181
-121.27,38.13,40.0,2402.0,509.0,1197.0,486.0,2.1771,INLAND,2,98200.0,84806.58877221681
-121.98,37.27,25.0,3075.0,564.0,1633.0,543.0,5.2528,<1H OCEAN,4,269400.0,269208.28965158283
-121.98,37.28,26.0,1182.0,309.0,620.0,306.0,3.3922,<1H OCEAN,3,269100.0,236165.18675110748
-118.58,34.17,18.0,6476.0,1082.0,2413.0,958.0,5.6327,<1H OCEAN,4,500001.0,326717.83355765825
-123.22,40.54,27.0,1573.0,361.0,847.0,330.0,1.9034,INLAND,2,49600.0,38875.312187889846
-121.54,39.08,26.0,2276.0,460.0,1455.0,474.0,2.4695,INLAND,2,58000.0,80674.12453741017
-121.25,37.94,30.0,1509.0,308.0,967.0,278.0,1.7798,INLAND,2,65900.0,71632.54816955134
-117.6,34.03,16.0,1499.0,232.0,918.0,239.0,5.5677,INLAND,4,175400.0,187192.92895162228
-122.26,37.88,52.0,2551.0,417.0,894.0,404.0,6.2425,NEAR BAY,5,391800.0,358641.89447120746
-118.02,34.15,44.0,2419.0,437.0,1045.0,432.0,3.875,INLAND,3,280800.0,199613.7813169561
-120.96,37.64,41.0,1467.0,328.0,673.0,310.0,2.7917,INLAND,2,90700.0,125115.2353134938
-122.33,37.56,50.0,1975.0,245.0,644.0,251.0,10.0743,NEAR OCEAN,5,500001.0,524577.0529493734
-122.19,37.77,42.0,932.0,254.0,900.0,263.0,1.8039,NEAR BAY,2,92300.0,133094.19822996447
-118.48,34.28,35.0,2132.0,368.0,1128.0,341.0,5.3107,<1H OCEAN,4,227100.0,266892.5866830424
-117.13,32.76,29.0,2568.0,682.0,1191.0,642.0,2.1094,NEAR OCEAN,2,162500.0,153471.95316530226
-121.96,37.31,31.0,3890.0,711.0,1898.0,717.0,5.2534,<1H OCEAN,4,290900.0,291035.58989307407
-118.05,34.07,32.0,4492.0,1075.0,4119.0,1035.0,3.2373,<1H OCEAN,3,183100.0,210123.65832739437
-119.19,34.3,25.0,2197.0,320.0,934.0,330.0,6.311,NEAR OCEAN,5,283200.0,327491.91158257733
-117.04,32.83,8.0,2205.0,348.0,777.0,341.0,6.0266,<1H OCEAN,5,177400.0,262778.6706879462
-117.08,33.01,5.0,5659.0,931.0,2565.0,902.0,6.1949,<1H OCEAN,5,238700.0,262560.2545100524
-122.49,37.74,52.0,2189.0,433.0,1147.0,420.0,3.4583,NEAR OCEAN,3,321300.0,293225.920145145
-122.86,38.1,44.0,2602.0,509.0,691.0,343.0,4.3125,NEAR OCEAN,3,261500.0,295859.90469239635
-118.3,33.94,36.0,2041.0,531.0,1390.0,464.0,2.0114,<1H OCEAN,2,99300.0,148031.70130628202
-118.0,34.03,25.0,6909.0,1154.0,3912.0,1121.0,5.257,<1H OCEAN,4,226100.0,269347.082882245
-119.1,36.4,31.0,1533.0,361.0,1518.0,386.0,1.5608,INLAND,2,51700.0,45089.84793221113
-117.07,32.63,37.0,2303.0,379.0,1026.0,357.0,3.455,NEAR OCEAN,3,156900.0,158458.57754976585
-117.08,33.14,11.0,1430.0,292.0,921.0,294.0,4.2357,<1H OCEAN,3,160900.0,166462.9312608978
-118.39,34.17,40.0,1696.0,372.0,835.0,385.0,3.6563,<1H OCEAN,3,222400.0,278260.23280033644
-117.9,33.71,15.0,539.0,71.0,287.0,66.0,6.3427,<1H OCEAN,5,305200.0,295297.0946886538
-118.2,33.92,42.0,1411.0,314.0,1432.0,322.0,3.0871,<1H OCEAN,3,138800.0,145728.34986018133
-121.99,37.39,25.0,3495.0,834.0,2484.0,797.0,4.8145,<1H OCEAN,4,230700.0,252573.92825220144
-121.48,38.56,50.0,1587.0,448.0,877.0,380.0,2.0833,INLAND,2,94300.0,98133.2956639868
-122.35,37.96,29.0,1899.0,524.0,1357.0,443.0,1.875,NEAR BAY,2,97200.0,113386.71230347773
-117.27,32.99,21.0,3318.0,578.0,1273.0,538.0,5.5922,NEAR OCEAN,4,382100.0,319680.9904403973
-122.0,37.98,31.0,2030.0,337.0,867.0,341.0,5.0915,INLAND,4,193200.0,181968.34464765838
-122.47,38.3,15.0,4885.0,988.0,2175.0,924.0,3.4031,<1H OCEAN,3,209500.0,231381.42658216704
-121.82,37.32,10.0,2506.0,623.0,2634.0,622.0,3.135,<1H OCEAN,3,231400.0,199500.3414841641
-122.17,37.76,33.0,1280.0,307.0,999.0,286.0,2.5625,NEAR BAY,2,89300.0,148311.43609867478
-118.0,33.83,26.0,1718.0,385.0,1022.0,368.0,3.9333,<1H OCEAN,3,196100.0,193867.61411923333
-117.58,33.87,42.0,765.0,171.0,590.0,177.0,1.6875,INLAND,2,113500.0,80129.54682442568
-121.86,37.29,14.0,6160.0,1222.0,2472.0,1204.0,4.1444,<1H OCEAN,3,178400.0,263941.7713739749
-122.47,37.76,52.0,2941.0,783.0,1545.0,726.0,2.9899,NEAR BAY,2,406500.0,342110.7535274086
-119.82,34.44,28.0,1992.0,531.0,1622.0,509.0,2.7689,NEAR OCEAN,2,228200.0,202026.7606098834
-118.32,33.85,42.0,3146.0,770.0,1859.0,740.0,3.5073,<1H OCEAN,3,234800.0,234967.02354958805
-117.96,33.8,33.0,1984.0,420.0,1119.0,387.0,3.4821,<1H OCEAN,3,231300.0,193013.29478011027
-118.38,33.75,23.0,8277.0,1290.0,3176.0,1159.0,7.6986,NEAR OCEAN,5,500001.0,462347.46373843873
-117.18,32.83,23.0,2105.0,525.0,1218.0,484.0,3.375,NEAR OCEAN,3,184100.0,225278.96576854185
-118.02,33.91,35.0,1337.0,234.0,692.0,235.0,5.1155,<1H OCEAN,4,213700.0,232314.06187906457
-122.03,37.27,32.0,4350.0,645.0,1551.0,609.0,7.8279,<1H OCEAN,5,500001.0,458972.90919327945
-118.25,34.08,47.0,2133.0,689.0,2104.0,662.0,2.6136,<1H OCEAN,2,169200.0,181757.96935593305
-117.85,33.83,26.0,1904.0,292.0,945.0,303.0,5.6784,<1H OCEAN,4,232400.0,247075.98763771346
-118.43,33.98,19.0,8324.0,1590.0,2927.0,1538.0,7.5426,<1H OCEAN,5,351700.0,409846.7771351072
-118.1,34.1,29.0,1937.0,448.0,1352.0,433.0,3.81,<1H OCEAN,3,234600.0,208733.2522193128
-122.4,37.78,52.0,464.0,202.0,286.0,148.0,1.6125,NEAR BAY,2,112500.0,241733.37364744933
-120.96,37.66,15.0,2485.0,434.0,1296.0,434.0,3.8542,INLAND,3,145200.0,130007.83826228527
-120.85,37.78,30.0,1120.0,248.0,609.0,237.0,2.2386,INLAND,2,87200.0,97657.30848475877
-119.78,36.82,22.0,4241.0,1147.0,1929.0,971.0,1.7708,INLAND,2,53500.0,105666.58316597111
-119.82,36.74,52.0,610.0,128.0,406.0,122.0,1.8967,INLAND,2,43800.0,67525.59034898489
-122.73,41.76,19.0,2200.0,414.0,950.0,367.0,2.5357,INLAND,2,94200.0,99514.80308216087
-118.19,33.78,21.0,2741.0,1029.0,2924.0,969.0,1.3274,NEAR OCEAN,1,218800.0,173875.20900362544
-121.98,38.39,3.0,9488.0,1417.0,4095.0,1335.0,5.1781,INLAND,4,191900.0,191506.27201722006
-119.79,36.81,33.0,1461.0,261.0,494.0,254.0,4.25,INLAND,3,132200.0,145520.66436895818
-118.97,35.38,32.0,1361.0,363.0,1483.0,297.0,1.625,INLAND,2,46800.0,45089.84793221113
-118.19,33.85,49.0,1073.0,260.0,725.0,272.0,3.8026,NEAR OCEAN,3,149700.0,225515.89426770742
-122.05,38.26,21.0,7195.0,1416.0,3927.0,1377.0,3.0912,INLAND,3,126300.0,125876.81582227368
-118.34,33.87,34.0,1069.0,217.0,601.0,212.0,4.6406,<1H OCEAN,4,255900.0,247713.99450832038
-118.25,33.94,37.0,1002.0,270.0,1092.0,273.0,1.6333,<1H OCEAN,2,94500.0,116562.5016391033
-117.69,33.8,5.0,3178.0,631.0,1467.0,581.0,5.2541,<1H OCEAN,4,237100.0,249381.735611892
-122.42,37.8,52.0,4079.0,1112.0,1466.0,1024.0,4.5913,NEAR BAY,4,500001.0,454159.50226323574
-117.15,32.71,52.0,402.0,183.0,557.0,172.0,1.3125,NEAR OCEAN,1,87500.0,138987.5339671144
-121.87,39.75,22.0,1707.0,296.0,822.0,297.0,3.6625,INLAND,3,126600.0,118134.28424502065
-118.04,33.8,33.0,2685.0,466.0,1359.0,476.0,5.0261,<1H OCEAN,4,245100.0,230625.09589202044
-122.15,37.72,29.0,4169.0,1047.0,2024.0,962.0,2.8125,NEAR BAY,2,157400.0,219353.3594044092
-124.1,40.95,17.0,1485.0,345.0,823.0,316.0,1.8993,NEAR OCEAN,2,78400.0,75249.00458185021
-118.3,33.89,37.0,2132.0,565.0,1369.0,565.0,3.285,<1H OCEAN,3,218100.0,197924.49097272856
-122.25,37.81,52.0,2155.0,701.0,895.0,613.0,2.5795,NEAR BAY,2,350000.0,212997.60351771847
-121.92,37.32,28.0,2089.0,641.0,1666.0,587.0,2.3633,<1H OCEAN,2,198400.0,185829.45317517204
-117.97,34.1,33.0,1558.0,316.0,1600.0,338.0,2.9712,INLAND,2,143900.0,116096.06803660876
-118.38,33.87,23.0,2387.0,418.0,1008.0,415.0,5.8518,<1H OCEAN,4,337900.0,354058.7981462767
-116.96,33.75,35.0,3269.0,757.0,2328.0,705.0,2.5898,INLAND,2,76300.0,93712.98440901864
-117.05,32.63,31.0,4911.0,861.0,2334.0,843.0,4.1958,NEAR OCEAN,3,160100.0,177719.65296875595
-118.19,33.79,43.0,1823.0,600.0,2339.0,560.0,1.6792,NEAR OCEAN,2,130600.0,151429.1571915492
-116.97,32.79,19.0,4108.0,1101.0,2971.0,1006.0,1.9893,<1H OCEAN,2,112500.0,133672.74679336758
-118.53,34.27,32.0,1931.0,298.0,948.0,314.0,5.3847,<1H OCEAN,4,329200.0,262215.3705388531
-121.91,36.98,16.0,1957.0,408.0,865.0,369.0,2.6875,NEAR OCEAN,2,233300.0,222546.3239968959
-117.1,32.75,20.0,2355.0,722.0,1848.0,576.0,2.0036,NEAR OCEAN,2,99200.0,131143.55241441893
-117.9,33.78,25.0,10336.0,2596.0,7111.0,2419.0,3.3627,<1H OCEAN,3,197900.0,208532.94588711832
-121.88,37.43,31.0,2573.0,474.0,1898.0,475.0,5.6651,<1H OCEAN,4,204100.0,298542.5234066093
-122.05,37.39,25.0,347.0,82.0,148.0,77.0,4.4531,<1H OCEAN,3,350000.0,259457.47491827986
-119.23,35.79,31.0,2862.0,606.0,2467.0,600.0,2.3125,INLAND,2,62100.0,63684.98919242623
-122.38,37.73,18.0,4037.0,990.0,2722.0,834.0,1.4282,NEAR BAY,1,140400.0,196729.94443791657
-117.96,33.68,24.0,6517.0,1279.0,3441.0,1198.0,4.25,<1H OCEAN,3,152100.0,221887.91129251217
-120.66,39.72,15.0,3763.0,784.0,717.0,348.0,2.2019,INLAND,2,130500.0,113042.15817617667
-117.07,32.8,23.0,2698.0,410.0,1094.0,411.0,5.1782,<1H OCEAN,4,195100.0,224939.93194075022
-119.2,34.26,13.0,3009.0,588.0,1439.0,607.0,4.1845,NEAR OCEAN,3,199500.0,268420.75451445987
-117.15,32.71,52.0,217.0,82.0,531.0,93.0,1.6607,NEAR OCEAN,2,137500.0,138987.5339671144
-117.83,33.67,17.0,2634.0,641.0,1454.0,560.0,3.7976,<1H OCEAN,3,275000.0,211063.55990862875
-122.96,38.42,50.0,2530.0,524.0,940.0,361.0,2.9375,<1H OCEAN,2,122900.0,181211.62578512152
-117.69,35.63,5.0,3151.0,482.0,1335.0,428.0,5.5773,INLAND,4,109000.0,157969.29273095774
-117.43,34.08,13.0,4563.0,1187.0,2475.0,1019.0,2.1189,INLAND,2,121700.0,114248.83584639369
-117.69,33.65,15.0,5394.0,748.0,2383.0,706.0,7.5619,<1H OCEAN,5,302000.0,338288.3416145092
-118.17,33.77,37.0,1127.0,327.0,492.0,331.0,2.675,NEAR OCEAN,2,241700.0,206151.96821151607
-116.98,32.86,19.0,2121.0,341.0,1236.0,353.0,4.7717,<1H OCEAN,4,153200.0,181323.67174200527
-119.8,36.8,43.0,1951.0,288.0,725.0,308.0,6.3359,INLAND,5,169300.0,303063.93929810013
-118.84,34.15,17.0,3785.0,494.0,1527.0,507.0,8.4443,<1H OCEAN,5,358500.0,449287.71843530814
-121.48,38.55,52.0,1684.0,309.0,675.0,296.0,4.1467,INLAND,3,175000.0,209446.23277286673
-117.07,33.72,16.0,4928.0,960.0,2132.0,853.0,2.7983,INLAND,2,112500.0,110616.743108698
-122.26,37.54,16.0,2118.0,333.0,770.0,318.0,7.2477,NEAR BAY,5,376000.0,357648.1295559036
-120.35,38.04,16.0,1499.0,326.0,733.0,286.0,2.5729,INLAND,2,118800.0,105766.84388125928
-118.0,33.95,35.0,1431.0,210.0,505.0,213.0,6.8109,<1H OCEAN,5,401000.0,363051.9123826453
-121.46,38.49,15.0,10211.0,1995.0,5656.0,1752.0,2.575,INLAND,2,107900.0,114515.98810095366
-118.41,33.93,22.0,2514.0,605.0,1225.0,568.0,4.1818,<1H OCEAN,3,339700.0,350789.8480469715
-118.08,33.93,39.0,1478.0,324.0,1127.0,320.0,3.525,<1H OCEAN,3,158000.0,166726.4055166628
-118.34,34.11,51.0,937.0,348.0,527.0,333.0,4.3571,<1H OCEAN,3,468800.0,330372.1560747368
-121.45,38.62,38.0,2419.0,605.0,1696.0,503.0,1.4861,INLAND,1,63100.0,80408.63864510038
-118.43,34.22,34.0,1588.0,360.0,1080.0,340.0,3.66,<1H OCEAN,3,184600.0,215139.52885036785
-121.67,36.66,19.0,9371.0,1980.0,4259.0,1882.0,3.6875,<1H OCEAN,3,189700.0,239351.6082247007
-117.7,33.59,11.0,8039.0,1717.0,3445.0,1571.0,4.1678,<1H OCEAN,3,190900.0,219550.8351387744
-117.09,32.63,27.0,2920.0,770.0,1935.0,746.0,2.4148,NEAR OCEAN,2,67500.0,138515.10647579105
-122.28,37.82,52.0,1489.0,335.0,728.0,244.0,0.8172,NEAR BAY,1,85300.0,155460.21738103806
-118.01,34.08,35.0,1852.0,358.0,1414.0,347.0,4.275,INLAND,3,173600.0,179621.84601786704
-117.09,32.62,34.0,1576.0,364.0,1153.0,381.0,2.1955,NEAR OCEAN,2,129700.0,105230.75708656288
-117.07,32.8,31.0,2550.0,395.0,1017.0,405.0,5.1488,<1H OCEAN,4,181000.0,231782.45102586556
-121.94,36.57,28.0,3153.0,409.0,569.0,271.0,14.4113,NEAR OCEAN,5,500001.0,531085.1979664777
-118.08,33.79,34.0,2840.0,395.0,1127.0,396.0,7.6144,<1H OCEAN,5,376200.0,404213.43808726146
-117.11,32.84,16.0,4608.0,629.0,2020.0,636.0,6.04,<1H OCEAN,5,243000.0,244633.34299801823
-117.08,33.82,6.0,1771.0,293.0,935.0,279.0,4.065,INLAND,3,148200.0,122340.71843308203
-119.03,34.24,25.0,3655.0,545.0,1776.0,544.0,5.687,<1H OCEAN,4,238100.0,263078.7164046977
-122.45,37.76,52.0,1457.0,292.0,621.0,315.0,4.6477,NEAR BAY,4,450000.0,390859.939416699
-121.98,37.35,36.0,1054.0,193.0,546.0,187.0,4.5625,<1H OCEAN,4,240000.0,249523.7057047063
-122.25,37.87,52.0,609.0,236.0,1349.0,250.0,1.1696,NEAR BAY,1,500001.0,124399.03622442072
-121.88,37.29,44.0,2026.0,396.0,908.0,383.0,4.1406,<1H OCEAN,3,274100.0,274751.7381382355
-120.41,34.96,9.0,2712.0,428.0,1116.0,415.0,4.5536,<1H OCEAN,4,190100.0,231410.77199473183
-122.44,37.67,35.0,1814.0,365.0,1025.0,384.0,4.425,NEAR OCEAN,3,268400.0,257871.62509852377
-118.31,34.16,38.0,2347.0,665.0,1317.0,547.0,3.2112,<1H OCEAN,3,349300.0,256075.37202420965
-122.5,37.74,44.0,2374.0,496.0,1087.0,426.0,3.5,NEAR OCEAN,3,275700.0,262779.4945622287
-117.59,33.65,4.0,1793.0,390.0,897.0,386.0,4.2463,<1H OCEAN,3,182800.0,213779.22703095517
-117.79,33.75,26.0,2893.0,345.0,983.0,326.0,13.466,<1H OCEAN,5,500001.0,429272.1210345428
-118.13,33.84,35.0,3008.0,674.0,1584.0,671.0,3.5465,<1H OCEAN,3,213200.0,215948.56019641328
-121.82,37.28,31.0,1340.0,235.0,1336.0,270.0,4.2361,<1H OCEAN,3,179500.0,216801.81218338845
-118.21,34.09,39.0,1287.0,353.0,1171.0,345.0,1.6118,<1H OCEAN,2,138500.0,152808.08437643453
-118.15,33.78,17.0,1584.0,435.0,904.0,406.0,2.0875,NEAR OCEAN,2,181300.0,175505.52723337835
-118.47,34.0,42.0,1271.0,301.0,574.0,312.0,3.1304,<1H OCEAN,3,340500.0,296366.221949091
-122.07,37.44,21.0,4599.0,986.0,2756.0,943.0,2.9817,NEAR BAY,2,225000.0,217742.38641892993
-121.63,39.14,39.0,1874.0,411.0,822.0,377.0,2.5038,INLAND,2,68300.0,102858.18594835412
-122.47,37.71,44.0,2547.0,511.0,1577.0,516.0,4.1939,NEAR OCEAN,3,237900.0,281721.61459866277
-118.22,34.09,42.0,1706.0,488.0,1941.0,447.0,2.5213,<1H OCEAN,2,149700.0,165930.64591445492
-118.31,33.97,47.0,2066.0,422.0,1156.0,380.0,2.7917,<1H OCEAN,2,125800.0,191723.748101134
-119.8,36.77,52.0,2964.0,512.0,1114.0,486.0,3.8105,INLAND,3,87600.0,147565.5754431132
-118.2,34.04,44.0,1582.0,544.0,1998.0,515.0,1.6888,<1H OCEAN,2,125000.0,149743.91847484565
-121.49,38.58,52.0,1000.0,324.0,456.0,250.0,1.4375,INLAND,1,168800.0,101506.24207961054
-117.07,32.69,20.0,2192.0,406.0,1766.0,393.0,4.0921,NEAR OCEAN,3,135000.0,149451.42222905843
-118.24,33.93,37.0,1027.0,258.0,824.0,248.0,1.5132,<1H OCEAN,2,86300.0,125679.87461128352
-121.42,38.62,41.0,1087.0,272.0,462.0,219.0,2.0224,INLAND,2,64900.0,100942.60878613644
-121.2,37.78,4.0,58.0,29.0,79.0,29.0,3.375,INLAND,3,106300.0,125952.4969429209
-118.02,33.7,23.0,5069.0,770.0,2473.0,769.0,6.3047,<1H OCEAN,5,285700.0,282955.7254797155
-122.53,37.66,25.0,7778.0,1493.0,4674.0,1451.0,5.4694,NEAR OCEAN,4,272400.0,309140.05375164043
-118.72,34.28,18.0,2229.0,371.0,1283.0,379.0,5.5955,<1H OCEAN,4,217700.0,259682.88984403902
-122.17,37.75,37.0,1379.0,287.0,835.0,259.0,2.4962,NEAR BAY,2,91800.0,146343.689137935
-117.94,34.04,34.0,1403.0,274.0,977.0,257.0,3.8409,<1H OCEAN,3,163000.0,191779.16932986624
-117.62,34.02,9.0,4265.0,587.0,2280.0,589.0,5.5632,INLAND,4,195100.0,198106.3920783582
-121.52,38.58,24.0,938.0,275.0,508.0,253.0,1.642,INLAND,2,32500.0,88676.64697051985
-118.53,34.24,24.0,2718.0,719.0,3018.0,644.0,2.9076,<1H OCEAN,2,275300.0,185701.9975811223
-119.53,36.78,20.0,2822.0,479.0,1372.0,455.0,4.5625,INLAND,4,136900.0,139278.79149477527
-119.12,34.25,31.0,737.0,146.0,1436.0,168.0,3.5625,NEAR OCEAN,3,194100.0,214233.39006203524
-117.91,33.91,32.0,1530.0,301.0,666.0,276.0,4.125,<1H OCEAN,3,230200.0,214370.95719208586
-121.32,38.66,21.0,1276.0,208.0,501.0,205.0,3.95,INLAND,3,143600.0,137201.307615642
-119.79,36.74,35.0,853.0,296.0,1228.0,289.0,1.0513,INLAND,1,39600.0,44946.99910541929
-122.29,40.43,21.0,2842.0,640.0,1658.0,608.0,1.9943,INLAND,2,59800.0,66444.6647044212
-118.02,33.91,34.0,2518.0,429.0,1309.0,421.0,4.7861,<1H OCEAN,4,210700.0,219068.9369435506
-120.9,37.76,20.0,570.0,112.0,304.0,108.0,2.2024,INLAND,2,156300.0,91963.94474857136
-118.16,33.85,36.0,2668.0,473.0,1315.0,478.0,4.0714,<1H OCEAN,3,215600.0,207042.13617378043
-118.29,33.91,28.0,1501.0,446.0,1028.0,418.0,2.3043,<1H OCEAN,2,177500.0,163185.0700155606
-122.14,37.72,39.0,786.0,132.0,288.0,132.0,3.5156,NEAR BAY,3,218900.0,201731.29871667904
-117.7,34.07,33.0,1552.0,288.0,1326.0,303.0,3.7969,INLAND,3,128400.0,125662.75356271217
-117.23,32.8,22.0,2981.0,873.0,1751.0,745.0,2.3482,NEAR OCEAN,2,190600.0,186465.26814855103
-118.48,34.01,40.0,2198.0,611.0,1023.0,567.0,3.755,<1H OCEAN,3,398300.0,340252.43777646334
-117.27,33.06,7.0,3686.0,733.0,1612.0,672.0,3.197,NEAR OCEAN,3,367100.0,213764.75141508985
-119.87,36.83,4.0,4833.0,784.0,2088.0,789.0,5.1781,INLAND,4,122500.0,174397.22374767883
-118.32,33.84,42.0,1486.0,420.0,897.0,377.0,1.6228,<1H OCEAN,2,376100.0,174103.6233162874
-117.97,34.05,33.0,2028.0,422.0,1727.0,371.0,2.8438,<1H OCEAN,2,157600.0,174254.99563283165
-121.23,38.12,22.0,393.0,58.0,134.0,57.0,3.95,INLAND,3,178100.0,139277.68829603502
-117.33,34.13,18.0,3009.0,740.0,2317.0,659.0,1.6375,INLAND,2,72400.0,95394.56560080154
-122.01,37.54,32.0,2572.0,406.0,1128.0,395.0,5.0,NEAR BAY,4,287600.0,243754.76082347773
-120.33,39.3,16.0,868.0,178.0,44.0,21.0,3.0,INLAND,2,175000.0,111584.26714125554
-117.22,32.86,4.0,16289.0,4585.0,7604.0,4176.0,3.6287,NEAR OCEAN,3,280800.0,215353.19389462084
-117.97,34.09,27.0,3569.0,761.0,3339.0,762.0,4.1304,INLAND,3,160500.0,174645.91558038193
-117.08,32.62,28.0,2468.0,506.0,1353.0,522.0,3.0771,NEAR OCEAN,3,158600.0,139509.78395191798
-121.3,38.65,26.0,3192.0,447.0,1132.0,418.0,4.5278,INLAND,4,144300.0,163188.89127468553
-118.3,33.96,39.0,2802.0,618.0,1524.0,529.0,2.6518,<1H OCEAN,2,136300.0,170718.00991132334
-118.29,33.89,32.0,2355.0,583.0,1605.0,571.0,4.2171,<1H OCEAN,3,218200.0,224426.481534001
-117.76,33.54,28.0,2250.0,329.0,826.0,323.0,6.9257,<1H OCEAN,5,466400.0,419734.59486007306
-117.76,33.72,11.0,4508.0,618.0,1993.0,573.0,10.4498,<1H OCEAN,5,386100.0,432822.96588271816
-118.07,34.13,27.0,3787.0,913.0,1992.0,853.0,3.301,INLAND,3,251200.0,195066.39862604346
-121.77,36.93,20.0,2587.0,547.0,1534.0,540.0,2.4375,<1H OCEAN,2,190400.0,178913.2047532621
-118.11,33.83,37.0,1249.0,202.0,517.0,189.0,4.4196,<1H OCEAN,3,223100.0,213282.9391667939
-118.23,34.22,36.0,2288.0,439.0,1079.0,434.0,4.5486,<1H OCEAN,4,361000.0,240291.01607753077
-120.92,37.65,23.0,505.0,124.0,163.0,129.0,1.3696,INLAND,1,275000.0,96966.55898413528
-121.53,39.06,20.0,561.0,109.0,308.0,114.0,3.3021,INLAND,3,70800.0,119534.50522780263
-122.55,37.91,48.0,1283.0,278.0,567.0,255.0,3.2794,NEAR BAY,3,460000.0,296368.07086632156
-121.0,37.64,43.0,311.0,95.0,293.0,94.0,1.2902,INLAND,1,67500.0,93857.52920262207
-121.5,38.61,5.0,1395.0,373.0,638.0,322.0,2.6745,INLAND,2,225000.0,123574.89413891653
-123.59,38.8,17.0,5202.0,1037.0,1742.0,803.0,3.1201,NEAR OCEAN,3,176100.0,179621.54348855562
-117.68,35.62,30.0,2994.0,741.0,1481.0,581.0,2.1458,INLAND,2,52400.0,90729.91258802543
-121.82,37.36,33.0,1624.0,337.0,1412.0,323.0,4.0385,<1H OCEAN,3,167600.0,215810.0126004972
-121.62,39.09,21.0,2693.0,481.0,1337.0,435.0,3.8534,INLAND,3,99700.0,125595.40876128612
-117.1,32.68,20.0,1012.0,269.0,837.0,240.0,2.0488,NEAR OCEAN,2,88900.0,110382.92860270884
-122.4,37.71,47.0,1649.0,328.0,1183.0,356.0,3.3625,NEAR BAY,3,223700.0,221956.98113010317
-118.61,34.21,41.0,1058.0,228.0,778.0,245.0,3.3534,<1H OCEAN,3,180500.0,205594.87588526084
-118.29,33.95,39.0,1701.0,428.0,1468.0,411.0,1.9702,<1H OCEAN,2,93200.0,134119.27444824093
-118.12,34.0,31.0,3281.0,768.0,2385.0,733.0,2.7308,<1H OCEAN,2,173800.0,180563.9205373437
-117.92,33.63,39.0,1469.0,226.0,553.0,225.0,7.8496,<1H OCEAN,5,490800.0,490481.2906616451
-118.26,34.0,41.0,1733.0,492.0,1776.0,453.0,1.6221,<1H OCEAN,2,104200.0,142574.12418994762
-118.41,33.99,36.0,1089.0,234.0,632.0,215.0,3.6538,<1H OCEAN,3,276100.0,295583.9409271315
-122.41,37.75,52.0,2524.0,559.0,1430.0,476.0,3.4073,NEAR BAY,3,254700.0,282263.08411528636
-118.45,34.25,34.0,2094.0,380.0,1207.0,380.0,5.2801,<1H OCEAN,4,212300.0,260053.60137558644
-120.27,36.29,11.0,1337.0,412.0,1376.0,318.0,2.4398,INLAND,2,87500.0,69190.18842610881
-119.57,36.44,30.0,1860.0,337.0,1123.0,347.0,3.4926,INLAND,3,94200.0,91743.48742563002
-121.87,37.38,16.0,1050.0,245.0,722.0,228.0,4.5187,<1H OCEAN,4,163500.0,234384.56983520518
-117.8,33.52,50.0,1152.0,341.0,519.0,225.0,3.053,<1H OCEAN,3,500001.0,284765.91559226584
-118.13,34.15,28.0,1119.0,334.0,739.0,323.0,2.5903,<1H OCEAN,2,125000.0,185761.67132886703
-122.28,37.87,52.0,1233.0,300.0,571.0,292.0,2.2788,NEAR BAY,2,182300.0,181728.41219661635
-118.3,34.01,35.0,1147.0,290.0,818.0,281.0,1.7961,<1H OCEAN,2,111700.0,160288.78556363253
-118.15,33.88,24.0,4232.0,1092.0,2688.0,1035.0,2.52,<1H OCEAN,2,146000.0,176060.24843343956
-118.51,34.25,24.0,4338.0,558.0,1514.0,549.0,8.8612,<1H OCEAN,5,500001.0,431156.7776775467
-118.53,34.27,33.0,1927.0,305.0,896.0,293.0,5.634,<1H OCEAN,4,320500.0,285549.71511287225
-118.97,35.38,42.0,1185.0,358.0,1038.0,299.0,0.9951,INLAND,1,48000.0,49138.087051879564
-122.09,37.63,36.0,1570.0,274.0,992.0,249.0,5.3644,NEAR BAY,4,168800.0,243872.01191618913
-116.19,33.67,16.0,1859.0,476.0,1994.0,477.0,1.7297,INLAND,2,67500.0,53264.05576381174
-118.04,34.07,39.0,2451.0,649.0,2536.0,648.0,2.3098,<1H OCEAN,2,173100.0,166342.47262025997
-120.65,37.09,22.0,886.0,173.0,595.0,161.0,2.4398,INLAND,2,150000.0,104230.1384089217
-122.48,37.75,49.0,2203.0,407.0,1052.0,405.0,4.4375,NEAR BAY,3,329200.0,322176.6580274384
-122.74,38.42,42.0,2050.0,434.0,1073.0,416.0,2.375,<1H OCEAN,2,141000.0,164359.3804744546
-118.36,34.26,34.0,3677.0,573.0,1598.0,568.0,6.838,<1H OCEAN,5,378000.0,381311.36937448994
-119.16,36.31,7.0,2946.0,664.0,1608.0,622.0,1.6829,INLAND,2,80200.0,69168.86380427261
-118.3,33.79,9.0,2782.0,884.0,1790.0,748.0,2.9154,<1H OCEAN,2,203300.0,197970.69033057799
-122.09,37.21,15.0,1969.0,332.0,822.0,324.0,7.8774,<1H OCEAN,5,394900.0,402420.08986497065
-119.87,36.78,4.0,6102.0,1114.0,3406.0,1115.0,3.4213,INLAND,3,84500.0,109720.66587624566
-118.41,34.03,26.0,4376.0,1394.0,2435.0,1250.0,2.8418,<1H OCEAN,2,327300.0,290636.86510677676
-117.95,33.74,16.0,2768.0,600.0,1182.0,563.0,3.7162,<1H OCEAN,3,201200.0,226507.85315703234
-122.39,37.76,52.0,157.0,28.0,88.0,27.0,3.675,NEAR BAY,3,162500.0,292568.42336345656
-117.67,33.6,25.0,3164.0,449.0,1517.0,453.0,6.7921,<1H OCEAN,5,266000.0,319766.8008898042
-119.25,34.27,46.0,679.0,159.0,382.0,143.0,3.5,NEAR OCEAN,3,221200.0,236218.16720876168
-118.3,34.26,43.0,1510.0,310.0,809.0,277.0,3.599,<1H OCEAN,3,176500.0,206289.2446596201
-122.27,37.86,52.0,834.0,186.0,494.0,175.0,3.15,NEAR BAY,3,206300.0,198544.77524480075
-118.44,33.98,21.0,18132.0,5419.0,7431.0,4930.0,5.3359,<1H OCEAN,4,500001.0,356553.51938921993
-117.88,34.14,32.0,1764.0,365.0,924.0,329.0,3.875,INLAND,3,186700.0,162407.16421876036
-120.45,34.64,17.0,1226.0,277.0,484.0,224.0,3.2167,NEAR OCEAN,3,112500.0,221479.76370935855
-117.34,34.07,46.0,1851.0,425.0,1100.0,377.0,2.0461,INLAND,2,90500.0,88690.15770038287
-117.93,33.79,36.0,2363.0,403.0,1240.0,391.0,4.0909,<1H OCEAN,3,190800.0,202406.00824749013
-117.55,33.9,21.0,1839.0,324.0,871.0,307.0,3.4459,INLAND,3,198800.0,122629.8038554174
-124.05,40.94,14.0,1452.0,217.0,516.0,181.0,5.0329,NEAR OCEAN,4,165600.0,197482.7294484522
-118.34,33.78,25.0,11016.0,1626.0,4168.0,1584.0,8.1782,NEAR OCEAN,5,500001.0,451537.4888970359
-118.08,33.89,33.0,2131.0,435.0,2045.0,426.0,4.0,<1H OCEAN,3,145700.0,185048.7154353671
-121.3,38.89,45.0,1529.0,317.0,793.0,281.0,2.9866,INLAND,2,91300.0,104064.12538089116
-118.34,33.99,48.0,2225.0,433.0,1170.0,401.0,2.9643,<1H OCEAN,2,140400.0,200767.16781074015
-117.5,34.12,2.0,11965.0,1802.0,4436.0,1296.0,5.285,INLAND,4,191700.0,194502.649350833
-115.57,32.84,29.0,1207.0,301.0,804.0,288.0,1.9531,INLAND,2,61100.0,60947.04354204597
-117.08,32.59,8.0,2888.0,662.0,2441.0,683.0,2.7048,NEAR OCEAN,2,153000.0,123354.23430584943
-119.65,36.35,38.0,3148.0,568.0,1378.0,537.0,2.8788,INLAND,2,85500.0,85947.3633928791
-121.03,39.14,10.0,3138.0,524.0,1275.0,511.0,4.0775,INLAND,3,164500.0,159300.56003684917
-117.85,34.08,23.0,1160.0,166.0,467.0,178.0,8.105,<1H OCEAN,5,386200.0,398873.48615465086
-122.25,37.85,52.0,1274.0,235.0,558.0,219.0,5.6431,NEAR BAY,4,341300.0,335660.1974336047
-118.61,34.19,28.0,3824.0,749.0,1790.0,701.0,4.1154,<1H OCEAN,3,246400.0,259532.63204474832
-117.7,34.09,25.0,1719.0,331.0,1098.0,324.0,3.625,INLAND,3,121800.0,138023.9163604377
-117.14,32.92,6.0,3069.0,750.0,1541.0,736.0,3.814,<1H OCEAN,3,132500.0,186567.57445374047
-118.27,33.95,34.0,987.0,248.0,902.0,221.0,2.3365,<1H OCEAN,2,98000.0,130932.13093635434
-118.54,34.23,29.0,1753.0,342.0,1318.0,333.0,4.125,<1H OCEAN,3,241400.0,215956.8493768142
-118.2,34.11,52.0,678.0,173.0,791.0,186.0,4.0625,<1H OCEAN,3,171300.0,229166.6490718081
-121.94,38.37,17.0,7973.0,1591.0,2899.0,1502.0,2.8357,INLAND,2,120100.0,120428.73206965184
-118.46,34.07,49.0,2418.0,301.0,850.0,318.0,14.2867,<1H OCEAN,5,500001.0,513824.91667079413
-118.33,33.91,8.0,10731.0,3335.0,7211.0,3028.0,2.455,<1H OCEAN,2,192700.0,185077.43952744422
-122.2,37.47,37.0,1403.0,369.0,1587.0,331.0,2.8258,NEAR BAY,2,232800.0,177928.69316527087
-122.69,38.35,16.0,1689.0,254.0,921.0,270.0,4.4444,<1H OCEAN,3,191800.0,213873.84783783654
-121.82,37.37,40.0,802.0,149.0,445.0,143.0,4.0446,<1H OCEAN,3,196300.0,238525.22911725944
-118.2,34.14,52.0,3800.0,646.0,1842.0,620.0,5.5524,<1H OCEAN,4,293900.0,332416.01600662345
-122.18,37.75,43.0,1036.0,233.0,652.0,213.0,2.069,NEAR BAY,2,84600.0,142238.62674452685
-118.43,34.07,38.0,3251.0,656.0,1251.0,593.0,7.7382,<1H OCEAN,5,500001.0,498267.6280879914
-118.47,34.14,34.0,3646.0,610.0,1390.0,607.0,7.629,<1H OCEAN,5,500001.0,470152.9684966412
-122.24,38.11,52.0,2050.0,492.0,1277.0,463.0,3.0507,NEAR BAY,3,107300.0,159886.68243470477
-122.73,38.42,26.0,1446.0,296.0,884.0,295.0,4.3523,<1H OCEAN,3,150000.0,216411.63181638406
-121.92,37.34,35.0,357.0,120.0,377.0,99.0,3.0139,<1H OCEAN,3,204200.0,206014.85820462272
-119.89,34.44,25.0,2786.0,470.0,1669.0,462.0,5.5184,NEAR OCEAN,4,268300.0,286972.29579097097
-117.04,34.02,24.0,4663.0,1213.0,1851.0,1116.0,1.4418,INLAND,1,103500.0,112749.68332530525
-118.21,33.98,35.0,1705.0,562.0,2212.0,539.0,2.325,<1H OCEAN,2,161500.0,137456.28319648872
-118.22,34.63,4.0,14348.0,2145.0,5839.0,1806.0,5.3799,INLAND,4,222400.0,194900.98095929925
-117.9,33.82,32.0,1187.0,302.0,1003.0,275.0,2.4931,<1H OCEAN,2,166900.0,134460.81521391642
-117.84,33.78,26.0,2577.0,434.0,1086.0,432.0,4.6125,<1H OCEAN,4,229200.0,235375.14085448996
-118.45,34.24,7.0,3299.0,794.0,2343.0,647.0,3.0865,<1H OCEAN,3,205900.0,200483.10873220177
-119.03,36.13,24.0,2259.0,408.0,1169.0,395.0,1.7106,INLAND,2,95500.0,54607.657663542755
-118.21,33.82,43.0,1005.0,199.0,723.0,191.0,4.3424,NEAR OCEAN,3,162500.0,235759.34342108405
-118.12,33.79,41.0,1762.0,314.0,738.0,300.0,4.1687,<1H OCEAN,3,240700.0,242094.16987493614
-120.04,36.79,48.0,1341.0,239.0,671.0,208.0,2.7917,INLAND,2,82800.0,96501.95706003981
-116.57,33.84,18.0,7962.0,1652.0,2009.0,921.0,3.3897,INLAND,3,230200.0,126179.16244472802
-118.26,34.07,52.0,1802.0,613.0,2382.0,587.0,1.8438,<1H OCEAN,2,185900.0,161403.82874945857
-118.31,34.02,44.0,1555.0,324.0,931.0,265.0,1.4712,<1H OCEAN,1,105800.0,170650.39317639658
-122.26,37.84,49.0,713.0,202.0,462.0,189.0,1.025,NEAR BAY,1,118800.0,146055.7550796125
-122.31,38.27,34.0,1748.0,284.0,783.0,303.0,4.3585,NEAR BAY,3,194400.0,202546.75478690045
-122.73,38.37,40.0,1389.0,309.0,841.0,288.0,3.1094,<1H OCEAN,3,183300.0,185527.64348377864
-122.07,37.91,33.0,1550.0,277.0,638.0,254.0,3.6833,NEAR BAY,3,292500.0,215658.0543091294
-118.21,34.09,39.0,1561.0,445.0,1780.0,391.0,2.4632,<1H OCEAN,2,144200.0,159725.7612672636
-118.48,34.04,40.0,1395.0,285.0,610.0,262.0,3.9659,<1H OCEAN,3,500001.0,323694.05129464477
-118.29,33.97,48.0,3139.0,587.0,1319.0,506.0,3.5208,<1H OCEAN,3,134200.0,224686.9448141457
-119.74,36.76,36.0,912.0,216.0,842.0,219.0,1.4766,INLAND,1,52800.0,50570.79188005025
-118.0,33.89,35.0,1011.0,183.0,578.0,171.0,3.9861,<1H OCEAN,3,188700.0,192504.07634172338
-117.64,33.66,6.0,5221.0,1217.0,2597.0,1119.0,4.6076,<1H OCEAN,4,204000.0,240762.39555917002
-122.08,37.64,23.0,1897.0,440.0,1109.0,418.0,3.142,NEAR BAY,3,179500.0,191506.32489653988
-121.42,38.55,35.0,182.0,39.0,115.0,43.0,2.6417,INLAND,2,98900.0,111752.44188668042
-118.31,33.82,35.0,3462.0,814.0,1902.0,700.0,3.402,<1H OCEAN,3,279900.0,230709.19324373206
-122.09,37.39,43.0,2065.0,535.0,1029.0,500.0,3.7318,NEAR BAY,3,327700.0,266632.10861987795
-118.12,34.09,25.0,3603.0,1003.0,2719.0,913.0,2.6981,<1H OCEAN,2,208000.0,195261.57750562488
-122.16,38.05,34.0,2434.0,428.0,926.0,423.0,4.6776,NEAR BAY,4,208300.0,234573.91059962733
-122.65,38.92,30.0,70.0,38.0,20.0,13.0,4.125,INLAND,3,112500.0,140782.07481366588
-117.06,32.81,17.0,3939.0,550.0,1694.0,553.0,6.7927,<1H OCEAN,5,234700.0,282547.7572915473
-116.76,32.74,14.0,4085.0,751.0,2129.0,688.0,4.7367,<1H OCEAN,4,214500.0,195773.298686642
-118.6,34.16,32.0,3999.0,667.0,1628.0,631.0,6.0794,<1H OCEAN,5,338500.0,395446.8263523572
-122.21,37.46,40.0,1777.0,207.0,577.0,207.0,15.0001,NEAR OCEAN,5,500001.0,513383.91516998684
-117.64,33.45,27.0,334.0,56.0,130.0,46.0,4.875,NEAR OCEAN,4,284100.0,271227.235247995
-122.56,37.91,52.0,1972.0,327.0,755.0,345.0,7.1924,NEAR BAY,5,500001.0,465060.7724287777
-118.39,34.2,19.0,2012.0,732.0,3483.0,731.0,2.2234,<1H OCEAN,2,181300.0,178182.08846293783
-122.04,38.25,52.0,582.0,131.0,241.0,106.0,2.4,INLAND,2,125000.0,111478.71436036998
-118.43,34.01,27.0,3133.0,1021.0,2242.0,1002.0,2.697,<1H OCEAN,2,412500.0,279331.00050036743
-119.71,36.82,12.0,2144.0,568.0,1320.0,566.0,2.3381,INLAND,2,112500.0,69771.55371593813
-121.64,40.9,24.0,2237.0,434.0,834.0,318.0,1.7538,INLAND,2,90300.0,77869.58806054488
-123.37,39.43,32.0,2780.0,470.0,1281.0,479.0,3.588,<1H OCEAN,3,96000.0,154222.2368383506
-122.26,37.83,50.0,1125.0,322.0,616.0,304.0,2.026,NEAR BAY,2,142500.0,165010.72388760163
-118.76,34.28,21.0,2786.0,342.0,1114.0,322.0,5.8578,<1H OCEAN,4,266300.0,283159.59829612065
-118.32,34.04,39.0,1294.0,330.0,1140.0,313.0,2.2554,<1H OCEAN,2,165000.0,171268.70200007962
-117.64,34.08,35.0,1254.0,241.0,729.0,253.0,3.495,INLAND,3,118000.0,137274.6963362731
-118.29,33.91,41.0,2475.0,532.0,1416.0,470.0,3.8372,<1H OCEAN,3,156400.0,211839.65375631524
-122.46,37.73,52.0,3547.0,506.0,1276.0,491.0,8.0069,NEAR BAY,5,426800.0,474720.15900415776
-122.15,37.46,30.0,4198.0,1244.0,2678.0,1147.0,3.6712,NEAR BAY,3,308600.0,267641.0223028574
-121.21,38.76,16.0,1608.0,296.0,792.0,286.0,3.1583,INLAND,3,239200.0,113876.6773255432
-119.75,36.83,15.0,2793.0,436.0,1411.0,441.0,4.9292,INLAND,4,109400.0,141798.82646349596
-117.32,34.14,32.0,1691.0,353.0,1457.0,329.0,1.8438,INLAND,2,66600.0,73264.62776221748
-117.71,33.47,14.0,3894.0,672.0,1490.0,629.0,6.5206,<1H OCEAN,5,368500.0,324070.134564951
-121.98,37.33,30.0,2645.0,462.0,1506.0,480.0,6.3716,<1H OCEAN,5,330500.0,364225.35850872536
-122.41,37.61,46.0,2975.0,643.0,1479.0,577.0,3.8214,NEAR OCEAN,3,273600.0,276133.9473898399
-118.33,33.77,33.0,4244.0,595.0,1534.0,557.0,9.8214,NEAR OCEAN,5,500001.0,509352.54613591905
-121.88,36.96,18.0,6355.0,1100.0,2304.0,972.0,6.0281,NEAR OCEAN,5,321100.0,356083.05033985694
-122.67,38.45,24.0,2622.0,525.0,1027.0,510.0,2.9222,<1H OCEAN,2,242600.0,193539.25997215795
-119.25,34.28,36.0,1530.0,341.0,703.0,317.0,3.5819,NEAR OCEAN,3,231900.0,257149.6737344648
-120.42,34.96,31.0,3518.0,608.0,1386.0,572.0,3.6212,<1H OCEAN,3,151400.0,226304.22751390148
-116.94,32.89,24.0,2541.0,381.0,1078.0,372.0,5.2542,<1H OCEAN,4,227800.0,221175.97023205782
-118.09,33.75,32.0,6239.0,974.0,2615.0,950.0,6.6188,NEAR OCEAN,5,380000.0,416320.87952760275
-119.06,35.36,9.0,1228.0,234.0,409.0,212.0,4.3482,INLAND,3,95200.0,137738.2917214268
-117.96,33.76,22.0,2520.0,556.0,2126.0,527.0,3.7734,<1H OCEAN,3,193900.0,190915.68288183815
-121.62,37.09,37.0,1593.0,303.0,1030.0,287.0,3.9306,<1H OCEAN,3,260700.0,219840.9312292973
-118.12,33.99,26.0,2296.0,534.0,1777.0,507.0,2.5395,<1H OCEAN,2,191000.0,144332.50386035582
-117.31,34.11,52.0,851.0,190.0,731.0,190.0,1.9044,INLAND,2,64900.0,83020.07002657722
-117.06,32.61,34.0,4325.0,1015.0,2609.0,979.0,2.8489,NEAR OCEAN,2,128300.0,152652.3145223035
-118.33,33.96,24.0,6513.0,1290.0,2636.0,1271.0,4.2099,<1H OCEAN,3,189800.0,259015.01150451862
-118.46,34.29,24.0,3668.0,890.0,3151.0,810.0,3.0526,<1H OCEAN,3,183300.0,198206.35884100615
-121.25,39.17,9.0,999.0,189.0,411.0,176.0,2.125,INLAND,2,151800.0,83921.06292165136
-117.24,33.34,17.0,2866.0,442.0,1354.0,431.0,4.5764,<1H OCEAN,4,257300.0,217387.02305382906
-117.9,36.95,19.0,99.0,26.0,51.0,22.0,1.7292,INLAND,2,137500.0,85386.422167817
-121.02,37.66,28.0,1437.0,400.0,806.0,338.0,1.6078,INLAND,2,125000.0,89414.70803261593
-122.07,37.68,36.0,1815.0,426.0,1280.0,431.0,3.25,NEAR BAY,3,218100.0,183460.67408715535
-122.07,37.63,35.0,1931.0,376.0,1175.0,337.0,3.7292,NEAR BAY,3,168100.0,196649.1704943808
-118.99,37.63,10.0,7744.0,1573.0,483.0,224.0,3.2917,INLAND,3,231800.0,158798.59725631465
-119.19,35.41,12.0,2835.0,471.0,1399.0,413.0,4.4125,INLAND,3,149000.0,126783.75456553296
-117.91,33.79,22.0,4417.0,1054.0,2759.0,983.0,4.25,<1H OCEAN,3,170300.0,219853.05365934095
-121.92,37.34,52.0,2584.0,491.0,1087.0,433.0,4.4,<1H OCEAN,3,391300.0,304214.7781324598
-118.37,34.16,40.0,1973.0,382.0,774.0,352.0,4.4122,<1H OCEAN,3,282300.0,341839.31485627906
-117.25,32.86,27.0,2530.0,469.0,594.0,326.0,7.2821,NEAR OCEAN,5,500001.0,448273.20060577325
-118.2,34.04,18.0,796.0,227.0,547.0,218.0,1.0333,<1H OCEAN,1,135400.0,157537.99629833252
-122.49,37.78,42.0,2723.0,579.0,1419.0,519.0,3.6429,NEAR BAY,3,328400.0,317210.4623173596
-118.29,34.05,11.0,677.0,370.0,1143.0,341.0,2.3864,<1H OCEAN,2,350000.0,170234.84499379346
-117.93,33.78,28.0,4380.0,820.0,2187.0,835.0,3.9018,<1H OCEAN,3,182300.0,220484.750610961
-118.32,33.75,37.0,1080.0,135.0,366.0,142.0,11.6677,NEAR OCEAN,5,500001.0,503495.1258947411
-118.13,34.02,41.0,734.0,190.0,565.0,191.0,2.2813,<1H OCEAN,2,192000.0,160759.28490776062
-118.22,34.12,37.0,1298.0,242.0,750.0,255.0,5.2049,<1H OCEAN,4,240800.0,283902.1970940383
-118.28,34.09,38.0,790.0,275.0,664.0,194.0,3.0357,<1H OCEAN,3,175000.0,204876.04066446677
-118.26,34.02,40.0,1259.0,362.0,1499.0,327.0,1.8382,<1H OCEAN,2,126400.0,135654.07616911136
-117.06,32.75,34.0,2516.0,611.0,1317.0,594.0,2.2308,NEAR OCEAN,2,125900.0,132005.0325699896
-117.94,33.86,36.0,2824.0,493.0,1394.0,507.0,4.6477,<1H OCEAN,4,194700.0,215296.1709435952
-122.13,37.73,33.0,1996.0,268.0,686.0,270.0,6.9096,NEAR BAY,5,341800.0,375276.3161578753
-116.93,32.87,17.0,3722.0,670.0,1561.0,604.0,3.6027,<1H OCEAN,3,211900.0,178400.98325502945
-116.14,34.45,12.0,8796.0,1721.0,11139.0,1680.0,2.2612,INLAND,2,137500.0,76856.77374981526
-117.25,32.8,37.0,1096.0,260.0,490.0,267.0,3.2663,NEAR OCEAN,3,270600.0,231535.77058349372
-117.2,32.82,35.0,2772.0,537.0,1392.0,521.0,3.337,NEAR OCEAN,3,172300.0,204812.4809373795
-117.21,32.75,27.0,2072.0,534.0,1118.0,510.0,2.8043,NEAR OCEAN,2,262100.0,200280.82870157275
-118.2,33.85,33.0,2557.0,731.0,2286.0,700.0,2.3041,<1H OCEAN,2,149100.0,157536.0673656669
-118.39,34.0,35.0,1465.0,386.0,1104.0,345.0,4.056,<1H OCEAN,3,339100.0,291190.8663786783
-118.33,33.86,38.0,1059.0,218.0,561.0,205.0,4.0,<1H OCEAN,3,248600.0,237409.09430306085
-121.42,37.75,33.0,1329.0,266.0,683.0,233.0,4.3687,INLAND,3,128700.0,159480.53273864905
-118.06,33.83,21.0,3941.0,655.0,1897.0,670.0,4.88,<1H OCEAN,4,343900.0,234015.52777445526
-118.2,33.78,46.0,1889.0,651.0,1545.0,587.0,1.7064,NEAR OCEAN,2,175000.0,173210.1083457672
-118.47,34.0,38.0,1235.0,390.0,891.0,376.0,2.7143,<1H OCEAN,2,287500.0,257561.43747683664
-120.61,35.1,17.0,2799.0,637.0,2015.0,592.0,3.0536,<1H OCEAN,3,143600.0,173464.06147154508
-118.32,33.81,28.0,2142.0,445.0,1140.0,422.0,4.8438,<1H OCEAN,4,346200.0,264169.5621677785
-118.13,33.82,44.0,1619.0,280.0,815.0,284.0,5.5449,<1H OCEAN,4,232200.0,290143.2163422847
-117.11,33.12,46.0,52.0,13.0,59.0,13.0,3.875,<1H OCEAN,3,200000.0,200514.045187373
-117.07,33.0,4.0,9153.0,1866.0,3775.0,1698.0,4.955,<1H OCEAN,4,241500.0,206449.32092882576
-121.47,38.61,35.0,1372.0,360.0,850.0,328.0,1.6331,INLAND,2,67500.0,81910.04440798824
-121.0,39.23,15.0,2809.0,450.0,1267.0,408.0,4.0426,INLAND,3,191700.0,141424.42095787326
-122.7,38.44,45.0,883.0,202.0,401.0,194.0,3.2845,<1H OCEAN,3,178300.0,181038.733941823
-122.02,38.0,28.0,2965.0,533.0,1591.0,472.0,4.6375,NEAR BAY,4,178200.0,205402.1404769963
-117.37,34.13,18.0,5877.0,1043.0,3114.0,1002.0,4.0294,INLAND,3,133200.0,143320.58759049265
-117.95,34.16,17.0,7116.0,1089.0,3538.0,1083.0,6.2654,INLAND,5,273800.0,252151.8347337244
-121.09,38.03,21.0,2064.0,342.0,1021.0,359.0,4.517,INLAND,4,152200.0,146641.4506649928
-121.98,38.29,4.0,8778.0,1291.0,4010.0,1188.0,5.4399,INLAND,4,187100.0,198564.60864587224
-117.86,33.75,13.0,1632.0,598.0,3356.0,659.0,1.5054,<1H OCEAN,2,137500.0,128721.94971128015
-117.67,34.06,26.0,1592.0,429.0,1182.0,365.0,2.4583,INLAND,2,110400.0,112893.98337175635
-118.31,34.09,30.0,3165.0,1263.0,3678.0,1141.0,2.0,<1H OCEAN,2,240600.0,218225.41595204655
-118.19,33.78,29.0,1013.0,392.0,1083.0,316.0,1.8438,NEAR OCEAN,2,162500.0,152270.01576145028
-121.28,38.75,52.0,493.0,89.0,189.0,94.0,2.108,INLAND,2,83800.0,93739.60930581026
-118.05,33.86,16.0,2851.0,626.0,1985.0,603.0,5.4089,<1H OCEAN,4,265600.0,246999.78089847325
-118.02,33.77,33.0,2683.0,436.0,1520.0,456.0,5.0091,<1H OCEAN,4,211500.0,220798.90837401588
-117.2,34.04,24.0,1587.0,222.0,676.0,234.0,6.0715,INLAND,5,173400.0,212070.77242723483
-118.48,34.03,19.0,902.0,284.0,414.0,272.0,1.3333,<1H OCEAN,1,310000.0,251980.12865932815
-118.95,35.41,21.0,3999.0,727.0,1889.0,688.0,3.875,INLAND,3,99500.0,128853.44649881475
-117.95,33.76,24.0,3956.0,812.0,3196.0,795.0,4.3512,<1H OCEAN,3,191400.0,199197.73639085892
-118.07,33.87,28.0,2399.0,436.0,1613.0,429.0,3.6339,<1H OCEAN,3,220100.0,193884.66141087186
-118.07,34.0,37.0,2976.0,636.0,2117.0,598.0,4.1058,<1H OCEAN,3,167300.0,208898.38086530604
-119.4,36.53,28.0,2201.0,429.0,1524.0,412.0,2.75,INLAND,2,65000.0,76135.06089770947
-117.07,32.72,18.0,1758.0,286.0,987.0,277.0,4.6875,NEAR OCEAN,4,141800.0,172515.23943167238
-118.53,34.16,32.0,3554.0,762.0,1623.0,750.0,3.6141,<1H OCEAN,3,290600.0,334841.9680416343
-122.47,37.5,25.0,950.0,259.0,404.0,195.0,3.1937,NEAR OCEAN,3,319200.0,275945.83413250436
-122.0,38.36,34.0,2735.0,539.0,1390.0,491.0,2.7262,INLAND,2,118800.0,102347.20099165564
-118.23,34.21,32.0,1464.0,406.0,693.0,380.0,2.5463,<1H OCEAN,2,200000.0,186577.73712981454
-118.24,34.14,20.0,3196.0,994.0,2929.0,983.0,3.0206,<1H OCEAN,3,219500.0,203307.724175887
-120.11,34.66,18.0,1348.0,238.0,631.0,247.0,5.3154,NEAR OCEAN,4,289400.0,281250.1543494495
-118.3,34.0,52.0,1686.0,377.0,982.0,356.0,2.0958,<1H OCEAN,2,116400.0,174336.18291049547
-118.17,33.91,37.0,1499.0,288.0,1237.0,344.0,3.9333,<1H OCEAN,3,162300.0,175438.25438292787
-121.37,38.61,39.0,823.0,146.0,329.0,144.0,3.0833,INLAND,3,114100.0,116558.12043092359
-119.73,36.76,30.0,1548.0,282.0,886.0,311.0,3.1,INLAND,3,71300.0,89922.73030886061
-118.14,33.92,35.0,2378.0,559.0,1799.0,546.0,3.9327,<1H OCEAN,3,190500.0,190007.82967489833
-122.15,37.69,36.0,1501.0,287.0,703.0,276.0,3.8864,NEAR BAY,3,197300.0,211966.00895910864
-121.52,39.51,30.0,3085.0,610.0,1688.0,575.0,2.334,INLAND,2,72200.0,82837.31525925317
-118.32,33.98,46.0,1611.0,339.0,921.0,314.0,3.0833,<1H OCEAN,3,103300.0,183608.4157956841
-124.05,40.85,31.0,2414.0,428.0,1005.0,401.0,3.5156,NEAR OCEAN,3,143000.0,137598.8419218841
-117.27,33.15,4.0,23915.0,4135.0,10877.0,3958.0,4.6357,NEAR OCEAN,4,244900.0,248280.24654694033
-118.32,33.77,37.0,627.0,95.0,259.0,106.0,6.887,<1H OCEAN,5,500001.0,402400.7074578469
-118.23,33.98,25.0,986.0,310.0,1439.0,251.0,2.39,<1H OCEAN,2,183300.0,126846.48841463895
-120.64,34.97,5.0,2090.0,469.0,1911.0,482.0,2.4318,NEAR OCEAN,2,86100.0,180424.17881644974
-122.29,37.88,52.0,2159.0,424.0,824.0,388.0,3.8897,NEAR BAY,3,218400.0,253979.40676871347
-118.27,34.0,43.0,1638.0,434.0,1213.0,390.0,1.3403,<1H OCEAN,1,110800.0,149919.22368239582
-117.89,33.99,22.0,3272.0,618.0,1784.0,591.0,4.0324,<1H OCEAN,3,211300.0,189899.91691696967
-118.04,33.76,16.0,2070.0,263.0,878.0,297.0,7.0879,<1H OCEAN,5,338800.0,328328.6622680707
-121.03,39.21,28.0,2843.0,535.0,1310.0,525.0,3.2337,INLAND,3,123100.0,129977.68093115302
-120.79,37.82,17.0,4227.0,729.0,1809.0,679.0,3.2667,INLAND,3,269500.0,129791.92634951505
-118.47,33.99,34.0,1875.0,501.0,1491.0,526.0,2.8417,<1H OCEAN,2,321400.0,258601.36775672034
-117.98,35.13,5.0,4849.0,920.0,2504.0,847.0,3.5391,INLAND,3,81900.0,115900.21399195131
-118.46,34.07,42.0,2564.0,460.0,913.0,414.0,9.2225,<1H OCEAN,5,500001.0,541347.7755407997
-118.27,34.1,50.0,2113.0,398.0,793.0,418.0,4.7132,<1H OCEAN,4,304600.0,323603.347042228
-121.5,38.34,36.0,1212.0,255.0,569.0,256.0,2.0048,INLAND,2,72900.0,91460.50129888262
-118.19,33.98,40.0,973.0,272.0,1257.0,258.0,2.8214,<1H OCEAN,2,158000.0,138228.89120794093
-121.25,37.95,46.0,2001.0,428.0,1384.0,401.0,1.9402,INLAND,2,62200.0,65897.49947261857
-120.17,39.33,10.0,614.0,141.0,195.0,95.0,0.9283,INLAND,1,116300.0,87482.33945549466
-117.4,33.9,32.0,1263.0,178.0,508.0,180.0,3.6667,INLAND,3,314100.0,131515.15065693654
-117.92,33.98,10.0,16414.0,2919.0,8907.0,2714.0,6.1552,<1H OCEAN,5,362500.0,275039.1543083329
-117.26,32.85,30.0,3652.0,499.0,978.0,462.0,8.2374,NEAR OCEAN,5,500001.0,500349.4905223294
-122.19,37.76,45.0,995.0,238.0,630.0,237.0,1.925,NEAR BAY,2,74100.0,140896.85223209398
-118.17,34.04,39.0,563.0,138.0,682.0,137.0,2.75,<1H OCEAN,2,150000.0,169470.92743390528
-122.44,37.73,52.0,2381.0,492.0,1485.0,447.0,4.3898,NEAR BAY,3,270000.0,330673.9170132047
-121.21,37.8,44.0,300.0,72.0,160.0,73.0,2.1786,INLAND,2,120800.0,95295.8871211774
-122.05,37.97,16.0,60.0,10.0,65.0,19.0,6.1359,NEAR BAY,5,250000.0,254542.18904592303
-124.18,40.78,33.0,1076.0,222.0,656.0,236.0,2.5096,NEAR OCEAN,2,72200.0,78633.93911301723
-122.06,37.39,26.0,18.0,4.0,8.0,4.0,3.75,NEAR BAY,3,375000.0,238015.18539402253
-122.12,37.09,36.0,1397.0,289.0,661.0,243.0,4.125,NEAR OCEAN,3,239600.0,269964.32398114953
-117.7,33.56,3.0,2443.0,637.0,1033.0,548.0,4.1379,<1H OCEAN,3,183300.0,248016.0171513135
-118.08,33.97,35.0,825.0,155.0,590.0,144.0,4.6333,<1H OCEAN,4,161200.0,214875.51574996253
-122.45,37.71,34.0,3131.0,669.0,2204.0,600.0,3.5536,NEAR OCEAN,3,251000.0,250838.96012039622
-118.91,35.24,29.0,2888.0,753.0,2949.0,699.0,1.7716,INLAND,2,45500.0,59967.46690560955
-122.41,37.75,52.0,2164.0,606.0,2034.0,513.0,2.0325,NEAR BAY,2,178100.0,203183.45117197794
-122.33,38.31,14.0,6778.0,947.0,2768.0,1014.0,6.1953,NEAR BAY,5,258900.0,260385.51432875404
-122.16,37.77,39.0,1583.0,349.0,857.0,316.0,3.0958,NEAR BAY,3,145800.0,177416.92968617537
-121.32,39.43,18.0,1860.0,409.0,741.0,349.0,1.8672,INLAND,2,84700.0,83689.93164042954
-117.99,33.71,17.0,1600.0,458.0,1803.0,432.0,2.7865,<1H OCEAN,2,216700.0,160085.26237633143
-121.4,38.63,30.0,3626.0,834.0,1577.0,806.0,2.517,INLAND,2,130400.0,138738.30934395926
-122.0,38.35,24.0,745.0,116.0,300.0,115.0,3.6176,INLAND,3,158500.0,132256.24905551947
-121.33,38.7,15.0,2226.0,421.0,1004.0,417.0,2.7868,INLAND,2,117800.0,111465.48553915246
-118.74,34.27,23.0,2493.0,522.0,1488.0,505.0,4.18,<1H OCEAN,3,215000.0,244562.13350955019
-121.99,37.55,28.0,2414.0,415.0,1106.0,453.0,4.8403,<1H OCEAN,4,268600.0,256271.21776628814
-119.63,36.18,23.0,207.0,45.0,171.0,50.0,2.4286,INLAND,2,100000.0,90513.75346882024
-118.02,33.98,23.0,1995.0,306.0,707.0,293.0,8.6677,<1H OCEAN,5,332700.0,396982.6470781084
-117.9,33.98,20.0,9893.0,2283.0,7228.0,2159.0,3.253,<1H OCEAN,3,186700.0,192515.0841542527
-119.77,36.73,44.0,1960.0,393.0,1286.0,381.0,2.1518,INLAND,2,53000.0,50025.08471413717
-122.3,37.97,35.0,1811.0,377.0,911.0,340.0,3.375,NEAR BAY,3,149700.0,166943.7490664121
-118.45,34.0,43.0,1606.0,408.0,862.0,354.0,3.962,<1H OCEAN,3,345800.0,313948.88318590744
-121.32,38.69,11.0,13796.0,2372.0,6000.0,2250.0,3.8776,INLAND,3,124500.0,136787.2841472465
-121.88,37.64,20.0,1309.0,184.0,514.0,172.0,10.9506,INLAND,5,475800.0,386146.47166608454
-122.46,37.75,52.0,1590.0,236.0,622.0,232.0,5.8151,NEAR BAY,4,500001.0,409264.4778068549
-122.13,37.39,27.0,3385.0,427.0,1248.0,409.0,12.0372,NEAR BAY,5,500001.0,473947.42184529966
-117.86,33.74,32.0,691.0,151.0,926.0,148.0,4.125,<1H OCEAN,3,175900.0,182373.31713760036
-122.17,37.73,52.0,1555.0,289.0,620.0,292.0,3.7159,NEAR BAY,3,183300.0,247570.30663485412
-117.89,33.66,32.0,2736.0,550.0,1279.0,534.0,5.5422,<1H OCEAN,4,253100.0,292905.5990515001
-117.73,34.09,36.0,1543.0,297.0,1355.0,303.0,3.5313,INLAND,3,117800.0,117209.59198166437
-117.16,33.92,12.0,3236.0,502.0,1610.0,502.0,4.7568,INLAND,4,143500.0,150823.82551322665
-122.44,37.77,52.0,3225.0,667.0,1494.0,619.0,4.4875,NEAR BAY,3,500001.0,398526.3062519054
-121.46,39.54,14.0,5549.0,1000.0,1822.0,919.0,2.9562,INLAND,2,142300.0,120289.99632830806
-118.21,33.93,36.0,1337.0,382.0,1769.0,393.0,2.6953,<1H OCEAN,2,121000.0,138248.24234550208
-122.53,37.97,37.0,1340.0,322.0,621.0,314.0,3.5588,NEAR BAY,3,268800.0,256439.928075825
-122.1,37.72,30.0,2599.0,366.0,922.0,350.0,5.8382,NEAR BAY,4,330200.0,319686.5136407831
-118.2,34.05,50.0,1407.0,401.0,1526.0,385.0,2.29,<1H OCEAN,2,121800.0,154945.7566623722
-118.03,34.11,38.0,2076.0,361.0,988.0,332.0,5.9175,INLAND,4,416900.0,336447.9979864904
-117.88,33.83,25.0,1785.0,248.0,750.0,251.0,6.8407,<1H OCEAN,5,266700.0,310841.06836943387
-118.1,34.02,37.0,1022.0,232.0,653.0,238.0,3.0625,<1H OCEAN,3,189400.0,181708.4737568746
-118.54,34.17,34.0,2458.0,433.0,1034.0,373.0,5.6738,<1H OCEAN,4,443600.0,348872.6272645356
-118.09,33.96,20.0,1911.0,472.0,1407.0,465.0,2.7647,<1H OCEAN,2,163000.0,147033.1649855162
-117.99,34.0,26.0,2988.0,397.0,1371.0,415.0,6.6988,<1H OCEAN,5,382500.0,323647.42654573394
-117.07,32.6,13.0,1607.0,435.0,983.0,400.0,2.2903,NEAR OCEAN,2,106300.0,134991.69278015158
-121.67,40.89,17.0,2548.0,537.0,1118.0,461.0,2.267,INLAND,2,57800.0,86260.81580580225
-121.18,41.31,22.0,2124.0,432.0,829.0,313.0,2.4519,INLAND,2,57500.0,102062.19399639544
-117.23,32.79,23.0,2578.0,665.0,989.0,622.0,3.5484,NEAR OCEAN,3,238000.0,259152.5380139112
-118.11,33.84,36.0,1523.0,263.0,717.0,278.0,4.875,<1H OCEAN,4,218900.0,227168.19539226702
-118.32,33.98,49.0,1412.0,333.0,901.0,328.0,1.7067,<1H OCEAN,2,118600.0,153981.456775868
-118.13,34.18,52.0,1464.0,211.0,603.0,226.0,5.8309,INLAND,4,309100.0,332205.8570330021
-122.02,37.59,18.0,1165.0,333.0,855.0,319.0,3.6923,NEAR BAY,3,213200.0,216668.71289799063
-117.98,33.78,22.0,4255.0,971.0,2901.0,920.0,3.2636,<1H OCEAN,3,180200.0,191403.29909016727
-118.47,34.01,44.0,2175.0,475.0,1019.0,448.0,4.793,<1H OCEAN,4,470800.0,355829.71274801315
-117.02,33.6,7.0,1972.0,352.0,964.0,317.0,3.244,INLAND,3,337200.0,103852.38137170681
-117.35,34.01,23.0,3707.0,769.0,1938.0,658.0,2.725,INLAND,2,95300.0,120001.86836469306
-121.89,38.01,28.0,3639.0,751.0,2362.0,641.0,3.0042,INLAND,3,103900.0,110592.20910513186
-119.04,34.28,21.0,1856.0,276.0,863.0,255.0,4.5833,<1H OCEAN,4,500001.0,240159.9758406928
-117.17,32.73,52.0,1578.0,487.0,879.0,446.0,2.4069,NEAR OCEAN,2,215000.0,207728.5378798844
-118.45,34.32,23.0,3481.0,641.0,1952.0,682.0,4.26,<1H OCEAN,3,189400.0,238030.5044157573
-118.34,34.04,42.0,1681.0,360.0,987.0,337.0,2.6,<1H OCEAN,2,171400.0,197466.268428225
-122.47,37.75,51.0,2413.0,431.0,1095.0,437.0,4.0089,NEAR BAY,3,357000.0,303297.2008760249
-122.14,37.67,36.0,1487.0,249.0,641.0,243.0,4.0682,NEAR BAY,3,196200.0,223317.58008498905
-118.25,33.99,42.0,2261.0,574.0,2496.0,527.0,1.5556,<1H OCEAN,2,98500.0,124628.37114515287
-118.59,34.21,26.0,2335.0,669.0,1986.0,645.0,2.9974,<1H OCEAN,2,178800.0,202375.3547072757
-117.9,33.91,26.0,2885.0,476.0,1227.0,439.0,4.9524,<1H OCEAN,4,226600.0,229758.0708834378
-118.14,33.87,21.0,6618.0,1773.0,4396.0,1649.0,3.0989,<1H OCEAN,3,171400.0,188939.64261453392
-122.27,37.88,52.0,2803.0,930.0,1372.0,876.0,2.1907,NEAR BAY,2,271400.0,215010.16966243082
-121.53,38.5,17.0,3087.0,477.0,1365.0,495.0,6.4667,INLAND,5,216800.0,258500.48077889433
-122.68,38.76,29.0,994.0,226.0,302.0,117.0,2.3125,INLAND,2,67900.0,98393.50102902915
-117.44,33.99,12.0,9966.0,1517.0,5008.0,1492.0,4.5625,INLAND,4,171300.0,166222.7022565523
-118.35,34.03,44.0,865.0,208.0,537.0,183.0,1.9,<1H OCEAN,2,110900.0,182800.701066746
-118.51,34.26,29.0,2472.0,354.0,1109.0,397.0,5.5433,<1H OCEAN,4,332500.0,267614.6698234091
-117.13,32.75,28.0,2279.0,671.0,1166.0,623.0,1.95,NEAR OCEAN,2,150000.0,149194.18622225005
-122.0,38.38,16.0,2509.0,366.0,1043.0,339.0,6.0704,INLAND,5,173400.0,219171.16056698604
-122.04,36.97,40.0,1193.0,227.0,570.0,204.0,4.4659,NEAR OCEAN,3,237500.0,289282.10684973863
-119.02,35.33,35.0,2053.0,412.0,1193.0,387.0,2.75,INLAND,2,65800.0,80509.08733584789
-118.45,34.31,28.0,1532.0,287.0,977.0,275.0,4.4773,<1H OCEAN,3,173100.0,223038.46386281302
-122.49,37.75,48.0,2387.0,424.0,1041.0,408.0,3.7562,NEAR OCEAN,3,321200.0,290480.598460799
-121.91,37.3,31.0,616.0,131.0,185.0,107.0,3.625,<1H OCEAN,3,265000.0,236707.41745334282
-121.41,39.72,17.0,1583.0,331.0,730.0,306.0,2.3895,INLAND,2,87500.0,94327.98381880172
-118.46,34.26,33.0,1358.0,247.0,738.0,235.0,5.0947,<1H OCEAN,4,210300.0,255013.74279901022
-121.96,37.34,37.0,663.0,127.0,293.0,132.0,3.7813,<1H OCEAN,3,247800.0,236276.6978990755
-118.19,34.16,49.0,1788.0,267.0,735.0,266.0,6.6009,<1H OCEAN,5,375700.0,403204.0318521495
-120.37,38.25,13.0,4495.0,856.0,1149.0,459.0,2.5352,INLAND,2,113700.0,125075.13937957199
-122.23,37.42,16.0,1945.0,320.0,512.0,300.0,7.4542,NEAR OCEAN,5,500001.0,411304.6349182267
-118.99,35.35,32.0,1293.0,317.0,1109.0,286.0,1.1786,INLAND,1,45600.0,48008.2404285259
-120.48,37.32,13.0,3641.0,897.0,1737.0,788.0,2.1418,INLAND,2,130600.0,95882.56908971748
-118.15,33.78,12.0,4436.0,1133.0,2176.0,1002.0,3.5812,NEAR OCEAN,3,198600.0,239857.91095092997
-118.49,34.03,31.0,4949.0,1293.0,1985.0,1244.0,4.252,<1H OCEAN,3,436700.0,352869.6313127918
-121.46,38.65,14.0,3167.0,551.0,1787.0,533.0,3.8125,INLAND,3,92600.0,118614.67780040551
-122.26,37.83,51.0,936.0,311.0,517.0,249.0,1.2852,NEAR BAY,1,150000.0,165642.1777074502
-118.36,33.81,26.0,1575.0,300.0,881.0,309.0,5.1778,<1H OCEAN,4,359900.0,268851.37892720976
-117.25,32.83,17.0,2075.0,262.0,704.0,241.0,10.9529,NEAR OCEAN,5,500001.0,470497.464197355
-119.81,37.67,24.0,172.0,42.0,79.0,30.0,3.8333,INLAND,3,93800.0,125072.14094116123
-121.59,38.69,32.0,541.0,82.0,229.0,98.0,8.0379,INLAND,5,383300.0,365729.49220238917
-121.29,38.36,17.0,2193.0,386.0,1148.0,372.0,4.5272,INLAND,4,191700.0,146187.0609525636
-121.91,37.26,25.0,4258.0,719.0,2290.0,743.0,5.1461,<1H OCEAN,4,267200.0,274356.86151323974
-120.56,35.07,14.0,6788.0,1216.0,2866.0,1036.0,3.3603,<1H OCEAN,3,280200.0,209503.14725012338
-119.75,36.73,39.0,2290.0,539.0,1685.0,536.0,1.6325,INLAND,2,52100.0,54885.93158414623
-121.58,39.76,19.0,2487.0,485.0,1110.0,453.0,3.1061,INLAND,3,110200.0,116485.48294224517
-119.69,36.86,20.0,1676.0,263.0,786.0,240.0,4.0,INLAND,3,164600.0,119620.68202849026
-122.56,38.03,34.0,1887.0,290.0,815.0,283.0,6.5249,NEAR BAY,5,324800.0,387081.54152808065
-121.33,38.69,15.0,3137.0,509.0,1635.0,544.0,4.6923,INLAND,4,122700.0,156627.91240084945
-117.25,32.75,37.0,1189.0,377.0,645.0,377.0,2.4672,NEAR OCEAN,2,216700.0,211325.3476656815
-124.11,40.93,25.0,2392.0,474.0,1298.0,461.0,3.5076,NEAR OCEAN,3,73600.0,122101.08639423295
-122.49,37.63,34.0,696.0,145.0,398.0,162.0,3.525,NEAR OCEAN,3,254100.0,248247.1242433394
-118.16,33.96,24.0,1635.0,507.0,2480.0,481.0,2.4432,<1H OCEAN,2,187500.0,133993.98053516223
-121.92,38.01,7.0,1632.0,248.0,879.0,262.0,6.1237,INLAND,5,166000.0,211810.92683225995
-121.24,37.82,9.0,6169.0,959.0,3378.0,945.0,5.1047,INLAND,4,157900.0,186139.7415202343
-118.34,33.92,6.0,1047.0,271.0,740.0,248.0,3.425,<1H OCEAN,3,193800.0,208241.03755029503
-119.74,36.85,3.0,10425.0,2121.0,4432.0,1778.0,3.9032,INLAND,3,140800.0,128144.37397386647
-122.05,39.6,34.0,2051.0,342.0,958.0,322.0,2.8466,INLAND,2,95300.0,86339.05660829532
-118.7,34.3,27.0,1527.0,220.0,756.0,226.0,6.1825,<1H OCEAN,5,227000.0,295029.5481234212
-122.24,37.49,38.0,4105.0,950.0,2561.0,909.0,3.8684,NEAR OCEAN,3,265600.0,273703.05162547156
-120.45,34.95,32.0,1574.0,447.0,1772.0,463.0,1.8625,<1H OCEAN,2,90200.0,136467.08818875495
-118.09,34.07,45.0,726.0,146.0,568.0,160.0,3.0347,<1H OCEAN,3,183200.0,192525.98852657177
-116.92,32.82,16.0,2784.0,468.0,1458.0,465.0,4.0048,<1H OCEAN,3,184600.0,162161.27409170318
-122.27,37.8,16.0,994.0,392.0,800.0,362.0,2.0938,NEAR BAY,2,162500.0,153501.58117239512
-121.5,38.58,20.0,4018.0,1220.0,1570.0,1122.0,2.5821,INLAND,2,125000.0,156943.1924731089
-122.27,37.83,49.0,1215.0,282.0,570.0,264.0,1.4861,NEAR BAY,1,97200.0,165642.1777074502
-118.36,34.09,38.0,2158.0,582.0,1061.0,577.0,2.9643,<1H OCEAN,2,355300.0,266086.4767767717
-122.27,38.28,37.0,1170.0,303.0,766.0,302.0,2.6618,NEAR BAY,2,136200.0,139455.07472657412
-118.29,34.04,32.0,432.0,182.0,702.0,186.0,2.1471,<1H OCEAN,2,125000.0,159451.75308337118
-121.87,37.27,16.0,3298.0,451.0,1542.0,423.0,6.7064,<1H OCEAN,5,305600.0,324137.91509977326
-118.16,33.97,39.0,1444.0,447.0,1890.0,416.0,2.1181,<1H OCEAN,2,176600.0,128501.4144265382
-118.39,33.84,16.0,2472.0,572.0,965.0,529.0,5.137,<1H OCEAN,4,348600.0,370507.3204218192
-122.04,37.66,10.0,2031.0,357.0,867.0,352.0,5.3169,NEAR BAY,4,299200.0,257905.80376015938
-119.86,36.81,4.0,4530.0,1070.0,1804.0,837.0,3.3942,INLAND,3,72100.0,121626.64275665158
-118.25,33.91,35.0,1479.0,272.0,963.0,292.0,3.4917,<1H OCEAN,3,109500.0,169018.0542780233
-118.08,34.14,42.0,2690.0,589.0,1149.0,535.0,3.88,INLAND,3,281100.0,217532.8840024732
-118.12,33.87,21.0,3764.0,1081.0,1919.0,977.0,2.5057,<1H OCEAN,2,156300.0,190321.35389296792
-117.81,33.73,23.0,3056.0,556.0,1508.0,555.0,4.7273,<1H OCEAN,4,234200.0,231677.45327302368
-119.66,36.34,32.0,1338.0,276.0,859.0,286.0,2.6397,INLAND,2,59700.0,79429.87446178202
-116.99,32.81,18.0,10968.0,1521.0,4439.0,1501.0,6.2787,<1H OCEAN,5,250000.0,256987.03519168057
-118.3,34.1,36.0,2284.0,899.0,1964.0,839.0,1.9297,<1H OCEAN,2,203300.0,211165.42494614184
-118.13,34.15,9.0,2099.0,625.0,1252.0,554.0,3.1875,<1H OCEAN,3,173100.0,228766.8857896477
-116.91,32.73,8.0,4630.0,624.0,2048.0,575.0,6.4745,<1H OCEAN,5,300300.0,269121.3706690934
-118.31,33.88,35.0,1939.0,412.0,1036.0,400.0,3.5556,<1H OCEAN,3,238000.0,226703.0389109618
-121.83,37.32,21.0,4559.0,1163.0,5124.0,1124.0,3.2052,<1H OCEAN,3,179000.0,227355.1836333075
-118.1,33.9,43.0,1237.0,243.0,776.0,246.0,4.325,<1H OCEAN,3,166000.0,211171.06110480588
-117.92,34.1,35.0,2994.0,603.0,1933.0,561.0,4.0052,<1H OCEAN,3,160700.0,211064.43011314614
-117.24,33.2,25.0,1631.0,415.0,1045.0,386.0,2.4505,<1H OCEAN,2,147500.0,151776.8075581771
-117.85,34.12,30.0,4367.0,1033.0,2524.0,954.0,3.0448,INLAND,3,192100.0,154872.6830952499
-119.78,36.75,31.0,1404.0,379.0,1515.0,387.0,1.2813,INLAND,1,56400.0,46173.28373421092
-118.36,34.08,52.0,1965.0,480.0,794.0,451.0,3.2824,<1H OCEAN,3,304800.0,300809.1188670974
-118.57,34.18,36.0,2981.0,441.0,1243.0,413.0,6.5304,<1H OCEAN,5,439800.0,390098.0394514457
-122.95,39.13,17.0,380.0,69.0,225.0,72.0,3.25,INLAND,3,137500.0,107571.00042065424
-117.07,33.13,33.0,555.0,165.0,612.0,176.0,2.1786,<1H OCEAN,2,137500.0,123323.24732598699
-118.34,34.04,42.0,2010.0,494.0,1203.0,427.0,1.9408,<1H OCEAN,2,134600.0,189946.52670148213
-122.42,37.75,52.0,1207.0,302.0,1008.0,269.0,3.3816,NEAR BAY,3,262500.0,282750.89188361994
-121.37,38.68,36.0,1775.0,296.0,937.0,305.0,3.1786,INLAND,3,83400.0,98436.65574105653
-115.59,32.96,17.0,841.0,146.0,473.0,154.0,3.1979,INLAND,3,113500.0,99118.80076759495
-119.63,36.34,26.0,1463.0,261.0,699.0,219.0,3.5536,INLAND,3,71400.0,107677.11200626357
-122.6,38.24,16.0,1410.0,209.0,741.0,229.0,4.725,<1H OCEAN,4,204500.0,226319.07677908812
-117.98,33.95,35.0,4055.0,652.0,1758.0,639.0,6.1898,<1H OCEAN,5,282400.0,315244.5808511366
-118.19,33.93,44.0,1613.0,345.0,1227.0,342.0,3.1667,<1H OCEAN,3,145700.0,156225.6084965219
-122.09,37.4,36.0,1575.0,379.0,1036.0,382.0,5.1408,NEAR BAY,4,264700.0,267608.100700268
-122.42,37.63,46.0,66.0,11.0,30.0,12.0,2.375,NEAR OCEAN,2,275000.0,210418.12693918482
-117.09,33.11,32.0,1713.0,321.0,891.0,286.0,3.1429,<1H OCEAN,3,171600.0,157058.8870656927
-117.54,33.82,6.0,202.0,29.0,75.0,28.0,4.125,INLAND,3,216700.0,157923.77361781805
-118.06,33.91,21.0,2863.0,701.0,1489.0,621.0,3.2031,<1H OCEAN,3,180700.0,210549.8106578211
-119.94,38.96,20.0,1451.0,386.0,467.0,255.0,1.5536,INLAND,2,212500.0,89228.77747016535
-119.84,36.82,17.0,2807.0,376.0,996.0,353.0,5.5357,INLAND,4,167700.0,180916.22041723735
-119.0,35.36,39.0,896.0,217.0,805.0,197.0,1.25,INLAND,1,42500.0,50570.79188005025
-117.19,32.79,35.0,1788.0,378.0,777.0,374.0,3.3713,NEAR OCEAN,3,238400.0,229375.8739460613
-121.29,38.68,20.0,1881.0,378.0,921.0,360.0,1.8589,INLAND,2,144000.0,80849.83148106045
-119.0,35.36,40.0,850.0,227.0,764.0,186.0,0.9407,INLAND,1,43600.0,53099.10007788708
-117.63,33.45,5.0,3549.0,604.0,1571.0,534.0,5.3705,NEAR OCEAN,4,363500.0,277255.8704878445
-122.13,37.72,45.0,2315.0,451.0,1006.0,444.0,3.524,NEAR BAY,3,186200.0,211476.5457240964
-115.38,32.81,35.0,1263.0,262.0,950.0,241.0,1.8958,INLAND,2,67500.0,52232.22558602814
-118.05,33.82,25.0,1548.0,279.0,732.0,265.0,5.123,<1H OCEAN,4,159600.0,246622.7234424657
-118.45,34.21,30.0,2331.0,733.0,2172.0,707.0,2.1888,<1H OCEAN,2,195600.0,184233.80723358967
-117.05,32.76,37.0,4879.0,906.0,2076.0,871.0,3.6625,NEAR OCEAN,3,154800.0,191472.36766158766
-118.58,34.15,21.0,3856.0,547.0,1422.0,535.0,8.4196,<1H OCEAN,5,450700.0,457954.0160749515
-121.45,38.53,38.0,1746.0,388.0,1142.0,315.0,1.7714,INLAND,2,69900.0,68005.29635091343
-117.01,32.7,7.0,2327.0,490.0,1304.0,445.0,3.3553,NEAR OCEAN,3,132200.0,159673.91510972907
-117.8,33.69,15.0,2099.0,322.0,873.0,307.0,7.9887,<1H OCEAN,5,328000.0,379001.5787966252
-122.5,37.74,44.0,2792.0,615.0,1640.0,579.0,4.0625,NEAR OCEAN,3,272800.0,265784.95062080165
-116.71,33.94,12.0,549.0,109.0,209.0,90.0,3.0208,INLAND,3,66300.0,100217.79770857531
-121.49,38.63,6.0,12197.0,2617.0,5634.0,2329.0,3.7449,INLAND,3,129300.0,137930.35245985418
-119.1,36.19,17.0,1564.0,396.0,713.0,362.0,1.6186,INLAND,2,77100.0,72862.65807328055
-122.27,37.85,52.0,1228.0,293.0,648.0,303.0,2.1202,NEAR BAY,2,155500.0,165915.48399359774
-118.2,34.08,41.0,1807.0,429.0,1699.0,424.0,2.2222,<1H OCEAN,2,126000.0,157943.5344926901
-121.88,37.25,24.0,968.0,240.0,631.0,250.0,2.8636,<1H OCEAN,2,240300.0,195301.20061550985
-118.18,34.05,52.0,1070.0,231.0,925.0,220.0,1.825,<1H OCEAN,2,133000.0,155052.572765506
-121.44,38.69,24.0,3124.0,556.0,1512.0,555.0,3.1942,INLAND,3,94900.0,120940.81183567746
-118.14,33.8,43.0,2506.0,531.0,1230.0,543.0,3.4211,NEAR OCEAN,3,203900.0,232978.37885718074
-115.55,32.8,23.0,666.0,142.0,580.0,160.0,2.1136,INLAND,2,61000.0,63832.56274382281
-117.76,34.08,37.0,2263.0,502.0,1677.0,522.0,2.9388,INLAND,2,139200.0,121752.63572877852
-118.31,34.05,35.0,2007.0,571.0,1513.0,554.0,2.1162,<1H OCEAN,2,229200.0,190431.7972582744
-117.08,32.83,7.0,13703.0,2352.0,4446.0,1856.0,6.4335,<1H OCEAN,5,260600.0,279663.36643836676
-118.31,34.08,27.0,1514.0,510.0,1603.0,518.0,2.8971,<1H OCEAN,2,251100.0,206175.99894412188
-121.91,37.3,43.0,828.0,151.0,446.0,145.0,4.4375,<1H OCEAN,3,327600.0,265597.27159940434
-122.12,37.71,35.0,1037.0,207.0,552.0,210.0,4.0,NEAR BAY,3,167900.0,217811.57090500888
-117.21,32.82,31.0,2035.0,383.0,866.0,360.0,3.8529,NEAR OCEAN,3,212000.0,223628.5561328056
-117.89,33.71,24.0,4365.0,804.0,2663.0,753.0,4.5814,<1H OCEAN,4,233300.0,220039.27394648423
-122.68,38.01,41.0,1865.0,392.0,825.0,369.0,4.2011,NEAR OCEAN,3,255400.0,269271.42967331514
-121.86,38.04,52.0,242.0,59.0,188.0,54.0,1.3958,INLAND,1,67500.0,96122.6299271085
-117.22,32.75,26.0,617.0,112.0,251.0,110.0,3.8036,NEAR OCEAN,3,162000.0,213443.32221195116
-120.64,35.47,8.0,416.0,121.0,936.0,97.0,2.1154,<1H OCEAN,2,117200.0,153077.8823731839
-119.96,38.84,17.0,2722.0,512.0,828.0,289.0,3.5714,INLAND,3,109700.0,151697.48313595544
-121.81,38.84,37.0,352.0,65.0,238.0,67.0,2.8542,INLAND,2,275000.0,108042.97226831804
-121.08,39.21,17.0,3033.0,590.0,1319.0,583.0,2.4811,INLAND,2,111800.0,103429.4463754598
-117.21,32.83,36.0,1475.0,328.0,806.0,327.0,3.5078,NEAR OCEAN,3,166000.0,202953.02169140623
-119.09,36.35,21.0,3146.0,595.0,1580.0,513.0,2.7857,INLAND,2,92700.0,88275.55088752303
-119.18,34.16,27.0,1832.0,415.0,1480.0,414.0,3.9643,NEAR OCEAN,3,186000.0,294656.30417654646
-122.78,38.97,11.0,5175.0,971.0,2144.0,792.0,3.0466,INLAND,3,97300.0,138443.4979036153
-118.24,34.22,36.0,2507.0,517.0,1232.0,470.0,5.529,<1H OCEAN,4,241300.0,287257.1210340722
-121.92,37.25,36.0,3874.0,656.0,1826.0,639.0,4.9662,<1H OCEAN,4,258500.0,256267.4246128284
-122.03,37.98,45.0,2842.0,567.0,1261.0,535.0,3.6042,NEAR BAY,3,138200.0,199912.16201093266
-118.7,34.28,25.0,2377.0,491.0,1200.0,439.0,4.7083,<1H OCEAN,4,196100.0,257000.9895257238
-122.32,37.52,26.0,4042.0,591.0,1611.0,578.0,8.4693,NEAR OCEAN,5,419200.0,480189.1814424635
-122.21,37.79,47.0,1543.0,307.0,859.0,292.0,2.9583,NEAR BAY,2,138800.0,173600.32797151504
-122.44,37.76,50.0,2589.0,569.0,945.0,544.0,5.2519,NEAR BAY,4,376600.0,407410.6561837975
-118.22,33.8,33.0,1984.0,477.0,1764.0,440.0,3.875,NEAR OCEAN,3,165100.0,205763.5445650789
-117.36,33.18,26.0,5550.0,1153.0,2372.0,1058.0,2.5509,NEAR OCEAN,2,181800.0,212540.01530493775
-122.07,37.97,20.0,1705.0,353.0,856.0,341.0,3.7262,NEAR BAY,3,211800.0,181545.615199134
-118.23,33.9,45.0,1285.0,238.0,840.0,211.0,3.4107,<1H OCEAN,3,112500.0,171984.03250346318
-117.05,32.69,21.0,991.0,210.0,695.0,203.0,3.625,NEAR OCEAN,3,144300.0,148840.91272554005
-117.06,32.8,17.0,2247.0,340.0,973.0,318.0,5.5,<1H OCEAN,4,222000.0,216940.4000320841
-115.55,32.79,22.0,565.0,162.0,692.0,141.0,1.2083,INLAND,1,53600.0,54163.38486623042
-122.33,37.97,45.0,1982.0,376.0,1179.0,398.0,3.5463,NEAR BAY,3,130800.0,153283.9401311011
-122.65,38.24,49.0,3273.0,579.0,1431.0,539.0,4.275,<1H OCEAN,3,227600.0,278136.2619849727
-122.43,37.78,2.0,1205.0,468.0,577.0,363.0,3.6437,NEAR BAY,3,275000.0,334894.63812813687
-118.35,33.93,26.0,3156.0,857.0,2394.0,787.0,3.01,<1H OCEAN,3,191900.0,205729.1841848138
-117.31,34.11,41.0,1105.0,257.0,816.0,197.0,1.9375,INLAND,2,64100.0,79529.23793104364
-116.61,33.93,35.0,321.0,71.0,157.0,61.0,2.8056,INLAND,2,68100.0,96420.61960747589
-121.91,37.26,32.0,3983.0,876.0,1989.0,794.0,3.5625,<1H OCEAN,3,255200.0,252489.825828633
-118.7,34.3,23.0,2831.0,406.0,1284.0,393.0,6.1383,<1H OCEAN,5,244100.0,285801.07183636364
-122.0,37.36,25.0,3534.0,949.0,1880.0,849.0,3.4238,<1H OCEAN,3,337000.0,255107.24348365856
-118.28,33.75,21.0,2442.0,719.0,1916.0,646.0,1.2276,NEAR OCEAN,1,208300.0,182685.6368988543
-122.47,37.74,52.0,2055.0,265.0,735.0,252.0,8.1189,NEAR BAY,5,500001.0,467186.6683574171
-121.26,38.73,14.0,3323.0,499.0,1527.0,540.0,5.3451,INLAND,4,172100.0,182633.47651062574
-118.73,36.01,14.0,3263.0,651.0,1910.0,594.0,2.8603,INLAND,2,128900.0,84316.9990750891
-120.69,35.65,14.0,3487.0,889.0,2352.0,796.0,1.6303,<1H OCEAN,2,144900.0,182966.75685110723
-117.01,34.9,34.0,2194.0,519.0,1326.0,515.0,2.1056,INLAND,2,72000.0,44580.75977227632
-122.23,38.13,29.0,5154.0,1084.0,2459.0,1019.0,3.2664,NEAR BAY,3,142900.0,189155.89688267477
-121.97,37.24,35.0,2553.0,533.0,1117.0,498.0,4.4063,<1H OCEAN,3,436100.0,272887.1494865643
-118.14,33.91,32.0,1981.0,472.0,1371.0,431.0,3.1204,<1H OCEAN,3,204200.0,165467.8311705399
-117.95,33.86,36.0,2038.0,343.0,1066.0,346.0,5.197,<1H OCEAN,4,195700.0,237834.69177766528
-121.43,38.48,12.0,4602.0,930.0,2299.0,860.0,3.0625,INLAND,3,90500.0,132558.03185238666
-117.96,33.78,26.0,2136.0,557.0,1528.0,537.0,2.4931,<1H OCEAN,2,236100.0,149687.84146724158
-117.91,34.08,35.0,1443.0,266.0,861.0,262.0,3.5795,<1H OCEAN,3,186900.0,203753.3620265405
-122.3,37.9,30.0,1772.0,471.0,880.0,437.0,2.2672,NEAR BAY,2,162500.0,180245.45701581915
-120.2,37.8,30.0,1189.0,255.0,446.0,165.0,3.4838,INLAND,3,112500.0,127337.34984644875
-118.97,35.37,41.0,2396.0,602.0,1781.0,543.0,1.8819,INLAND,2,58000.0,52780.387507432395
-118.13,33.84,48.0,1895.0,294.0,881.0,293.0,6.3364,<1H OCEAN,5,307400.0,364255.97566945147
-118.48,34.01,31.0,1829.0,458.0,719.0,392.0,4.4,<1H OCEAN,3,353800.0,343671.6846290644
-122.59,38.13,20.0,1589.0,231.0,601.0,224.0,5.3755,<1H OCEAN,4,290900.0,257325.48803668725
-117.28,32.73,44.0,1934.0,325.0,783.0,316.0,4.8684,NEAR OCEAN,4,358600.0,307007.0419883287
-122.29,37.89,52.0,2248.0,422.0,870.0,377.0,3.4732,NEAR BAY,3,246200.0,241832.09550960572
-119.06,36.08,19.0,2554.0,443.0,1301.0,419.0,4.1856,INLAND,3,72100.0,133363.10051995656
-121.83,38.45,32.0,2139.0,440.0,1154.0,411.0,3.2672,INLAND,3,107500.0,122557.0892507708
-117.32,34.09,30.0,1129.0,251.0,1034.0,237.0,2.3917,INLAND,2,78600.0,81247.91483313583
-119.18,34.17,32.0,2388.0,467.0,1746.0,483.0,3.9331,NEAR OCEAN,3,187600.0,276555.84728211095
-120.88,38.45,25.0,1374.0,297.0,657.0,288.0,2.5476,INLAND,2,97900.0,115864.33753795871
-118.17,33.84,45.0,1533.0,331.0,791.0,335.0,3.4605,<1H OCEAN,3,186600.0,190059.29327658212
-118.11,33.91,19.0,3056.0,759.0,1561.0,740.0,3.1369,<1H OCEAN,3,196900.0,214251.85682507648
-119.53,36.55,34.0,2065.0,343.0,1041.0,313.0,3.2917,INLAND,3,111500.0,89523.6606948958
-122.08,37.59,16.0,1816.0,365.0,1367.0,355.0,4.235,NEAR BAY,3,156300.0,226238.90323500786
-118.29,33.81,19.0,7023.0,1538.0,3993.0,1412.0,5.0532,<1H OCEAN,4,218200.0,262293.9269362547
-117.91,33.9,27.0,829.0,114.0,383.0,133.0,9.3125,<1H OCEAN,5,293500.0,441350.1602438706
-121.23,37.95,32.0,2081.0,472.0,1342.0,411.0,2.7958,INLAND,2,59000.0,95924.93644354134
-118.29,33.92,23.0,2503.0,532.0,1735.0,505.0,2.7368,<1H OCEAN,2,162800.0,159994.0050474215
-118.25,34.0,32.0,1218.0,342.0,1292.0,304.0,1.5781,<1H OCEAN,2,102900.0,138879.82629527463
-115.99,33.4,15.0,1945.0,536.0,515.0,273.0,2.0109,INLAND,2,54300.0,95553.66145830484
-117.66,34.09,26.0,1151.0,200.0,593.0,188.0,3.6667,INLAND,3,166300.0,148724.87584996317
-118.27,34.07,32.0,1657.0,579.0,2071.0,598.0,2.1135,<1H OCEAN,2,152500.0,163634.66833376634
-118.43,34.28,30.0,1384.0,308.0,2054.0,301.0,3.0132,<1H OCEAN,3,142600.0,174780.4625341528
-118.23,33.98,35.0,1366.0,496.0,2160.0,497.0,2.2059,<1H OCEAN,2,150000.0,127172.0811916107
-121.42,38.61,34.0,1126.0,256.0,589.0,243.0,2.1776,INLAND,2,84400.0,90771.70101423963
-118.29,34.08,34.0,479.0,182.0,557.0,170.0,1.525,<1H OCEAN,2,210000.0,172129.88665282386
-118.97,37.64,14.0,1847.0,439.0,238.0,98.0,3.6042,INLAND,3,137500.0,149521.16485949242
-122.47,37.72,47.0,1176.0,286.0,564.0,258.0,3.2059,NEAR OCEAN,3,350000.0,262077.2656192498
-120.18,39.14,25.0,2171.0,386.0,248.0,116.0,3.0375,INLAND,3,171900.0,124481.52922130549
-118.43,34.25,35.0,1447.0,335.0,1630.0,306.0,2.9205,<1H OCEAN,2,143100.0,168561.5643740283
-118.11,33.95,34.0,2319.0,334.0,941.0,356.0,6.4319,<1H OCEAN,5,452300.0,358441.47766825545
-117.62,34.03,15.0,3942.0,661.0,2240.0,621.0,4.8311,INLAND,4,176000.0,180455.37713009756
-121.34,38.69,16.0,2686.0,516.0,1553.0,529.0,3.7857,INLAND,3,112700.0,119268.9755097493
-119.78,36.65,27.0,1226.0,240.0,706.0,211.0,2.77,INLAND,2,68400.0,79646.02110665642
-117.97,33.75,26.0,3361.0,722.0,2709.0,648.0,3.9107,<1H OCEAN,3,190700.0,195982.66194174692
-117.06,32.79,17.0,2524.0,332.0,771.0,317.0,8.7604,<1H OCEAN,5,331800.0,378255.0494556384
-121.99,37.98,23.0,2293.0,411.0,969.0,399.0,4.4536,INLAND,3,184000.0,164660.71181389166
-118.97,37.64,13.0,1907.0,544.0,575.0,234.0,3.0685,INLAND,3,162500.0,134407.7677782762
-122.11,38.01,41.0,1345.0,272.0,718.0,283.0,3.3831,NEAR BAY,3,129400.0,166717.02633357747
-122.19,37.79,50.0,954.0,217.0,546.0,201.0,2.6667,NEAR BAY,2,172800.0,175240.5388974481
-117.13,32.92,16.0,1580.0,241.0,917.0,261.0,4.7266,<1H OCEAN,4,191100.0,179001.5925534917
-117.98,33.65,22.0,3592.0,527.0,1598.0,523.0,6.5501,<1H OCEAN,5,294900.0,308467.3844741604
-122.82,38.64,29.0,2176.0,385.0,1117.0,374.0,3.8681,<1H OCEAN,3,188600.0,190245.33767040417
-119.33,36.19,27.0,418.0,163.0,332.0,141.0,1.0714,INLAND,1,63800.0,67652.21240322513
-122.23,37.82,52.0,3051.0,381.0,1005.0,369.0,8.1872,NEAR BAY,5,466100.0,422202.2182801378
-118.21,34.1,47.0,5077.0,1271.0,3348.0,1106.0,3.0377,<1H OCEAN,3,186800.0,214317.20664540472
-117.05,32.61,26.0,1563.0,286.0,1145.0,313.0,3.8615,NEAR OCEAN,3,139300.0,141848.1826677251
-118.32,34.08,52.0,1137.0,304.0,754.0,297.0,3.37,<1H OCEAN,3,330300.0,263917.8298190865
-121.89,37.3,52.0,2071.0,362.0,825.0,364.0,4.2414,<1H OCEAN,3,284800.0,299915.5445116679
-118.14,34.04,40.0,1966.0,391.0,1120.0,362.0,3.7109,<1H OCEAN,3,198800.0,207276.23711707004
-119.52,36.71,21.0,1834.0,321.0,1120.0,314.0,2.59,INLAND,2,69300.0,70517.2318449077
-117.14,32.76,32.0,2587.0,681.0,1246.0,650.0,2.1727,NEAR OCEAN,2,145500.0,153471.95316530226
-118.09,33.92,35.0,1994.0,419.0,1491.0,428.0,3.7383,<1H OCEAN,3,166200.0,179802.37831298175
-117.97,33.68,23.0,1722.0,316.0,865.0,309.0,4.6452,<1H OCEAN,4,273800.0,220304.3871548993
-121.1,37.8,35.0,1853.0,331.0,958.0,340.0,3.3578,INLAND,3,149000.0,114317.93434271666
-121.98,37.37,36.0,1651.0,344.0,1062.0,331.0,4.575,<1H OCEAN,4,215400.0,234306.07836723243
-118.37,33.97,41.0,1833.0,355.0,847.0,348.0,5.726,<1H OCEAN,4,287800.0,377076.8662018853
-118.19,33.83,42.0,1773.0,360.0,815.0,299.0,4.9,NEAR OCEAN,4,406300.0,287945.27836131654
-119.16,34.2,35.0,2183.0,636.0,3504.0,623.0,1.9704,NEAR OCEAN,2,160300.0,176721.63397400329
-117.8,33.67,5.0,2638.0,521.0,1179.0,480.0,5.7759,<1H OCEAN,4,240000.0,285055.0976080006
-121.46,38.61,43.0,705.0,178.0,464.0,159.0,2.4205,INLAND,2,60900.0,99255.8308911953
-118.19,33.99,38.0,1212.0,272.0,1129.0,263.0,2.6673,<1H OCEAN,2,142300.0,132511.03957495728
-122.38,40.09,16.0,2077.0,388.0,1155.0,389.0,3.1361,INLAND,3,84800.0,96780.11462477877
-119.17,34.16,17.0,5276.0,1020.0,4066.0,984.0,4.5828,NEAR OCEAN,4,205400.0,331214.4789565674
-122.43,37.75,52.0,2700.0,595.0,1181.0,575.0,3.575,NEAR BAY,3,396800.0,347071.56068224926
-122.73,38.46,14.0,4042.0,1298.0,2323.0,1158.0,2.0651,<1H OCEAN,2,135400.0,180998.94206097478
-117.42,34.1,18.0,3977.0,809.0,2231.0,742.0,4.1399,INLAND,3,115400.0,165973.7782870975
-118.12,34.23,52.0,433.0,69.0,147.0,53.0,3.9583,INLAND,3,162500.0,162296.65428626086
-118.54,34.17,25.0,3352.0,891.0,1815.0,860.0,2.8528,<1H OCEAN,2,425000.0,266930.9842755857
-117.09,32.66,37.0,1232.0,330.0,1086.0,330.0,1.6389,NEAR OCEAN,2,114300.0,100659.8574890535
-122.16,37.42,34.0,4448.0,610.0,2571.0,581.0,11.0492,NEAR OCEAN,5,500001.0,500808.3919866895
-118.21,34.22,37.0,2260.0,322.0,941.0,303.0,8.3695,<1H OCEAN,5,500001.0,423970.983804218
-119.31,36.06,20.0,2236.0,434.0,1405.0,412.0,1.8827,INLAND,2,48700.0,49802.911671137066
-121.95,37.33,36.0,1683.0,286.0,740.0,324.0,4.7604,<1H OCEAN,4,294700.0,257824.76618960584
-118.1,34.17,44.0,4505.0,894.0,2296.0,899.0,3.4811,INLAND,3,300500.0,184977.04530286344
-117.3,33.08,24.0,2628.0,527.0,1389.0,520.0,4.0,NEAR OCEAN,3,343200.0,223112.1472145988
-117.19,33.14,12.0,3652.0,923.0,1677.0,728.0,2.3267,<1H OCEAN,2,92000.0,170878.54233945228
-121.93,37.27,30.0,2862.0,544.0,1387.0,542.0,5.1104,<1H OCEAN,4,278100.0,276692.065098162
-117.86,34.08,31.0,2524.0,349.0,1003.0,343.0,7.5196,<1H OCEAN,5,380900.0,398342.78661136585
-117.9,33.64,28.0,2466.0,507.0,1081.0,465.0,3.9375,<1H OCEAN,3,339800.0,246434.0086744609
-121.49,38.52,37.0,1902.0,413.0,955.0,384.0,3.1014,INLAND,3,96800.0,120143.69186820697
-118.3,34.06,33.0,2437.0,1283.0,3906.0,1084.0,2.0332,<1H OCEAN,2,270000.0,195900.77261195407
-122.29,37.94,20.0,7578.0,1426.0,3637.0,1362.0,4.4387,NEAR BAY,3,190000.0,212825.4466647113
-117.89,34.09,37.0,1055.0,280.0,538.0,206.0,2.4167,<1H OCEAN,2,181300.0,192666.31385477525
-124.15,40.76,24.0,2858.0,511.0,1388.0,512.0,3.375,NEAR OCEAN,3,100600.0,115961.76705323702
-121.42,36.85,7.0,1626.0,325.0,677.0,304.0,2.3125,INLAND,2,170800.0,112609.06805808531
-122.28,37.85,52.0,2246.0,472.0,1005.0,449.0,2.4167,NEAR BAY,2,152700.0,170420.95866553296
-118.43,34.16,34.0,2459.0,489.0,1139.0,463.0,4.0347,<1H OCEAN,3,353600.0,319801.2871475447
-121.89,37.33,49.0,658.0,318.0,467.0,316.0,0.7068,<1H OCEAN,1,200000.0,192336.4303162891
-118.06,33.82,24.0,3983.0,675.0,1568.0,638.0,4.6458,<1H OCEAN,4,213400.0,245906.5144664614
-123.0,38.51,33.0,1565.0,390.0,759.0,311.0,2.6726,NEAR OCEAN,2,153100.0,160959.48312796315
-118.43,34.16,34.0,2622.0,467.0,1233.0,476.0,4.0474,<1H OCEAN,3,379700.0,310116.0379318755
-117.25,32.79,27.0,848.0,300.0,455.0,298.0,3.0774,NEAR OCEAN,3,275000.0,230322.66258485155
-119.26,35.5,38.0,2536.0,409.0,1133.0,430.0,4.2375,INLAND,3,78600.0,138287.34616274855
-117.89,34.09,36.0,1811.0,320.0,1005.0,332.0,5.5629,<1H OCEAN,4,188300.0,257465.87336304013
-117.43,33.91,15.0,14281.0,2511.0,7540.0,2245.0,4.3222,INLAND,3,138000.0,158013.94320372643
-122.18,37.44,44.0,2237.0,347.0,948.0,346.0,8.2436,NEAR OCEAN,5,500001.0,479871.0688363292
-118.12,33.97,35.0,708.0,145.0,471.0,153.0,3.2,<1H OCEAN,3,197400.0,177757.79362725004
-117.92,33.68,28.0,3397.0,597.0,1397.0,560.0,4.8125,<1H OCEAN,4,244600.0,242303.10788441406
-118.27,33.81,42.0,865.0,208.0,811.0,218.0,3.8621,<1H OCEAN,3,165300.0,186496.28941881895
-121.89,37.67,19.0,2034.0,288.0,852.0,295.0,6.5285,INLAND,5,300400.0,264822.2126438402
-121.37,38.7,26.0,2230.0,410.0,1155.0,377.0,3.4911,INLAND,3,88200.0,116940.7466014502
-117.21,33.03,20.0,3370.0,433.0,1020.0,408.0,11.0911,NEAR OCEAN,5,500001.0,470120.85639835085
-122.29,38.29,52.0,3217.0,742.0,1670.0,671.0,2.4398,NEAR BAY,2,163100.0,166675.14554358198
-121.84,37.29,24.0,3403.0,656.0,2829.0,612.0,4.775,<1H OCEAN,4,191900.0,245665.1722617852
-122.01,37.03,21.0,5904.0,956.0,2616.0,916.0,5.9039,NEAR OCEAN,4,355300.0,344176.1819016168
-122.25,37.56,19.0,7976.0,1406.0,3437.0,1338.0,5.6396,NEAR BAY,4,430300.0,291564.5647843877
-118.98,35.36,15.0,1482.0,338.0,1059.0,279.0,1.2617,INLAND,1,42700.0,47688.816565745416
-122.38,37.59,49.0,1657.0,266.0,613.0,270.0,5.7837,NEAR OCEAN,4,378100.0,420429.44530838844
-117.14,33.12,7.0,6126.0,1032.0,2662.0,923.0,4.9005,<1H OCEAN,4,264000.0,208924.36939537455
-118.26,33.9,38.0,1566.0,318.0,981.0,318.0,4.0234,<1H OCEAN,3,111900.0,185121.83746104842
-119.19,34.21,27.0,1887.0,487.0,1339.0,428.0,2.9185,NEAR OCEAN,2,224500.0,203057.6593732553
-118.19,34.05,37.0,349.0,79.0,276.0,64.0,3.2125,<1H OCEAN,3,125000.0,209029.80142553573
-120.96,40.28,19.0,683.0,139.0,302.0,111.0,2.5,INLAND,2,64100.0,96791.19734840732
-116.44,33.93,17.0,5293.0,1266.0,1201.0,599.0,1.6849,INLAND,2,88400.0,94151.35960641697
-122.54,37.9,41.0,3170.0,622.0,1091.0,528.0,3.7813,NEAR BAY,3,389200.0,339018.1399746348
-121.92,38.57,10.0,1320.0,246.0,898.0,228.0,1.9327,INLAND,2,193800.0,71222.79402724237
-118.35,34.07,45.0,3312.0,880.0,1157.0,809.0,3.5719,<1H OCEAN,3,500001.0,314720.3230139331
-117.17,32.68,16.0,5895.0,1424.0,873.0,522.0,7.3669,NEAR OCEAN,5,187500.0,383658.112587397
-122.14,37.68,35.0,2976.0,518.0,1424.0,538.0,4.267,NEAR BAY,3,210300.0,226797.1805858165
-117.03,33.18,17.0,5391.0,886.0,2732.0,830.0,5.1771,<1H OCEAN,4,212800.0,225229.3703919419
-118.28,34.07,25.0,7522.0,3179.0,7221.0,2902.0,2.0173,<1H OCEAN,2,177500.0,190443.573827183
-117.64,33.99,29.0,1005.0,152.0,513.0,149.0,2.4375,INLAND,2,181300.0,95495.55741025902
-116.91,32.85,21.0,4152.0,703.0,2255.0,697.0,4.5096,<1H OCEAN,4,159500.0,179889.85525763387
-118.36,33.95,42.0,2532.0,627.0,2038.0,591.0,2.875,<1H OCEAN,2,177500.0,190304.7923523269
-117.58,33.88,16.0,1739.0,478.0,1235.0,420.0,2.2969,INLAND,2,116100.0,93474.79479525983
-122.19,37.46,34.0,5419.0,1183.0,2002.0,1138.0,4.1985,NEAR BAY,3,500001.0,293423.9701358593
-117.97,34.07,22.0,1438.0,364.0,1325.0,335.0,2.7802,<1H OCEAN,2,162500.0,166254.47250542947
-118.18,34.08,31.0,1318.0,311.0,1164.0,289.0,2.9939,<1H OCEAN,2,135500.0,176619.51016694625
-117.1,32.68,45.0,1183.0,289.0,900.0,266.0,2.4943,NEAR OCEAN,2,99600.0,115927.18612973372
-121.34,38.67,34.0,1503.0,264.0,731.0,285.0,4.0352,INLAND,3,118500.0,127934.11178209183
-121.52,38.51,23.0,6876.0,1456.0,2942.0,1386.0,3.0963,INLAND,3,156900.0,134636.0818580362
-118.18,33.93,35.0,952.0,271.0,949.0,261.0,2.4297,<1H OCEAN,2,147200.0,129971.92552600379
-121.85,39.74,39.0,1139.0,265.0,623.0,264.0,2.2833,INLAND,2,85800.0,77120.06178101961
-118.35,34.06,52.0,3446.0,1360.0,1768.0,1245.0,2.4722,<1H OCEAN,2,500001.0,265939.8946973561
-117.25,34.49,4.0,2372.0,361.0,1017.0,322.0,5.1112,INLAND,4,170900.0,157614.85059922814
-118.11,33.81,37.0,1694.0,280.0,776.0,271.0,6.2187,<1H OCEAN,5,257900.0,339719.0719932782
-118.09,33.97,35.0,2664.0,541.0,2033.0,491.0,3.7326,<1H OCEAN,3,164300.0,186096.3552069407
-122.44,37.77,52.0,2994.0,736.0,1428.0,700.0,3.0766,NEAR BAY,3,438900.0,361875.7071135469
-117.26,34.16,31.0,3538.0,658.0,1715.0,663.0,3.7125,INLAND,3,98000.0,146078.3329162694
-118.08,33.85,19.0,4261.0,678.0,2621.0,661.0,6.2427,<1H OCEAN,5,288700.0,279822.7824245179
-117.83,33.77,22.0,2956.0,642.0,1342.0,558.0,4.1151,<1H OCEAN,3,203200.0,225188.52808672626
-118.06,34.1,42.0,1576.0,313.0,697.0,282.0,4.3523,<1H OCEAN,3,283600.0,255763.3864520532
-118.44,34.28,46.0,11.0,11.0,24.0,13.0,2.875,<1H OCEAN,2,162500.0,195704.39006826893
-123.69,38.9,17.0,2206.0,478.0,1140.0,428.0,2.1985,NEAR OCEAN,2,95300.0,117960.89439716676
-122.02,37.98,37.0,1474.0,343.0,782.0,331.0,3.4187,NEAR BAY,3,161700.0,174428.0781286239
-118.38,34.2,32.0,993.0,285.0,1044.0,248.0,2.4306,<1H OCEAN,2,187500.0,163387.5015929733
-117.97,34.05,36.0,931.0,160.0,746.0,201.0,3.1667,<1H OCEAN,3,158000.0,186887.34521533275
-118.38,33.88,39.0,1489.0,282.0,743.0,270.0,4.8611,<1H OCEAN,4,456100.0,339822.1376245875
-119.03,35.3,10.0,829.0,146.0,447.0,173.0,4.1484,INLAND,3,102900.0,133744.1113914956
-122.69,38.34,12.0,3876.0,782.0,2146.0,764.0,4.0844,<1H OCEAN,3,165400.0,229344.5362785373
-119.6,36.56,36.0,738.0,168.0,737.0,186.0,1.4415,INLAND,1,54400.0,53099.10007788708
-118.2,34.05,42.0,1703.0,586.0,2490.0,581.0,2.02,<1H OCEAN,2,147200.0,158623.21871886041
-118.28,33.99,49.0,2174.0,481.0,1861.0,484.0,1.7159,<1H OCEAN,2,95000.0,126689.02070766635
-115.55,32.98,33.0,2266.0,365.0,952.0,360.0,5.4349,INLAND,4,143000.0,195207.39516202087
-121.62,39.11,5.0,2320.0,502.0,1245.0,489.0,3.2465,INLAND,3,97200.0,121113.29865307546
-117.38,34.13,13.0,2903.0,510.0,1844.0,510.0,3.7198,INLAND,3,112900.0,124163.18445517473
-117.88,33.89,16.0,959.0,176.0,353.0,185.0,4.5,<1H OCEAN,3,173300.0,202245.24404773733
-121.56,37.08,17.0,6725.0,1051.0,3439.0,1027.0,6.4313,<1H OCEAN,5,393100.0,325790.46796980296
-116.77,33.92,19.0,2307.0,525.0,1266.0,437.0,1.6875,INLAND,2,63000.0,69408.73307438631
-118.04,33.88,17.0,4807.0,838.0,3059.0,853.0,5.7619,<1H OCEAN,4,297300.0,267736.95536055625
-118.3,33.88,35.0,3227.0,749.0,1881.0,696.0,2.8445,<1H OCEAN,2,242100.0,199113.62531099177
-117.01,32.66,11.0,9992.0,1368.0,4495.0,1316.0,6.9664,NEAR OCEAN,5,293900.0,285392.25424781704
-118.25,33.9,36.0,1135.0,231.0,614.0,227.0,2.5521,<1H OCEAN,2,113100.0,145105.9992846364
-118.29,33.93,31.0,3894.0,1017.0,3590.0,962.0,2.0437,<1H OCEAN,2,137200.0,159417.71480721363
-117.87,33.87,16.0,1332.0,368.0,1534.0,295.0,3.0227,<1H OCEAN,3,297100.0,155216.96949340633
-121.93,37.53,27.0,5532.0,973.0,2855.0,960.0,4.7478,<1H OCEAN,4,243500.0,260506.608134825
-121.85,39.72,18.0,7272.0,1559.0,5022.0,1524.0,1.6911,INLAND,2,98800.0,88971.86432519341
-118.11,33.8,36.0,1680.0,291.0,744.0,280.0,4.66,<1H OCEAN,4,244800.0,231578.76106371268
-121.4,38.56,22.0,2623.0,357.0,838.0,368.0,7.143,INLAND,5,327800.0,303761.15168527083
-122.43,37.76,52.0,2332.0,434.0,861.0,406.0,4.4318,NEAR BAY,3,437500.0,393998.6692703543
-122.9,38.28,52.0,1275.0,218.0,627.0,185.0,2.3482,NEAR OCEAN,2,163500.0,195524.35536731596
-118.3,33.98,48.0,1998.0,410.0,1176.0,382.0,3.0455,<1H OCEAN,3,102400.0,179661.3831949991
-121.42,38.68,32.0,2118.0,345.0,1019.0,338.0,3.725,INLAND,3,112200.0,114966.93826961744
-122.0,38.03,4.0,2341.0,408.0,1235.0,431.0,6.0424,INLAND,5,165900.0,220037.3557438344
-118.32,34.17,39.0,1995.0,564.0,1202.0,544.0,3.5875,<1H OCEAN,3,250000.0,261454.66061404088
-118.0,34.13,35.0,1005.0,224.0,742.0,221.0,3.5481,INLAND,3,158100.0,140792.11997276242
-121.83,40.69,14.0,821.0,170.0,477.0,129.0,3.15,INLAND,3,87500.0,101902.32283318049
-117.13,32.75,23.0,3999.0,1182.0,2051.0,1130.0,2.1292,NEAR OCEAN,2,135000.0,156939.9262026332
-119.78,36.85,12.0,782.0,166.0,292.0,164.0,2.8274,INLAND,2,79500.0,101719.41056561527
-121.22,38.0,35.0,1841.0,300.0,783.0,285.0,2.8167,INLAND,2,162100.0,109959.23128238156
-118.13,34.08,40.0,1931.0,449.0,1367.0,446.0,2.575,<1H OCEAN,2,228400.0,164796.5882935879
-120.85,37.05,32.0,2893.0,481.0,1198.0,466.0,3.1719,INLAND,3,140600.0,133976.6306136508
-120.13,35.87,26.0,48.0,8.0,13.0,8.0,2.375,INLAND,2,71300.0,92233.72493743885
-117.89,33.71,16.0,1591.0,225.0,926.0,239.0,6.2452,<1H OCEAN,5,266300.0,258590.58096076446
-122.86,40.56,12.0,1350.0,300.0,423.0,172.0,1.7393,INLAND,2,81300.0,79464.6876908061
-118.52,34.44,26.0,934.0,148.0,519.0,162.0,5.3209,<1H OCEAN,4,185000.0,262294.6542914022
-118.38,33.86,15.0,1778.0,311.0,908.0,330.0,7.674,<1H OCEAN,5,329300.0,402304.4197330534
-118.21,34.07,42.0,902.0,318.0,1312.0,323.0,1.9375,<1H OCEAN,2,168800.0,149673.23179460785
-118.22,33.9,38.0,796.0,159.0,679.0,167.0,3.6607,<1H OCEAN,3,110400.0,188161.05451252166
-118.46,33.99,35.0,1214.0,300.0,478.0,265.0,4.0156,<1H OCEAN,3,500001.0,333673.82459214045
-119.72,36.8,15.0,3045.0,689.0,1340.0,588.0,3.1953,INLAND,3,85700.0,118393.18069675488
-119.43,36.59,15.0,1371.0,306.0,1266.0,309.0,1.767,INLAND,2,63300.0,47148.93032557329
-119.77,34.43,28.0,3318.0,441.0,1604.0,404.0,9.7821,NEAR OCEAN,5,500001.0,499868.45424259466
-118.23,34.12,28.0,1546.0,465.0,974.0,408.0,2.2843,<1H OCEAN,2,183800.0,192877.1958208697
-118.18,34.02,36.0,1138.0,296.0,1484.0,320.0,2.2813,<1H OCEAN,2,150700.0,138573.33847793072
-119.21,34.19,15.0,5614.0,989.0,2754.0,994.0,5.035,NEAR OCEAN,4,242900.0,286006.0083069105
-118.46,34.0,37.0,388.0,83.0,248.0,84.0,5.1664,<1H OCEAN,4,326700.0,349181.1332305347
-118.14,34.07,52.0,695.0,145.0,523.0,170.0,3.665,<1H OCEAN,3,220400.0,241249.0948091517
-121.8,37.35,17.0,2529.0,423.0,1756.0,429.0,5.1017,<1H OCEAN,4,240700.0,261347.79550779445
-122.04,37.29,19.0,3625.0,432.0,1252.0,409.0,12.2145,<1H OCEAN,5,500001.0,467638.5056019858
-122.26,38.11,52.0,1560.0,353.0,670.0,287.0,1.7411,NEAR BAY,2,98400.0,135712.0220996742
-118.0,34.14,39.0,1302.0,303.0,800.0,291.0,3.2723,INLAND,3,166900.0,145186.14802928612
-122.09,37.99,19.0,3073.0,506.0,1773.0,493.0,5.4496,NEAR BAY,4,205400.0,222825.70006901177
-118.27,33.97,34.0,1462.0,394.0,1310.0,351.0,1.1557,<1H OCEAN,1,90100.0,121182.27110849497
-117.36,33.88,15.0,2857.0,421.0,1361.0,382.0,4.6875,INLAND,4,189800.0,160046.32177336488
-117.33,33.97,8.0,152.0,19.0,1275.0,20.0,1.625,INLAND,2,162500.0,57178.53893109326
-118.53,34.37,8.0,3839.0,852.0,1342.0,593.0,3.9118,<1H OCEAN,3,333700.0,259646.23308916963
-124.16,40.6,39.0,1322.0,283.0,642.0,292.0,2.4519,NEAR OCEAN,2,85100.0,95160.2410479859
-118.18,33.91,36.0,1138.0,238.0,878.0,224.0,2.0625,<1H OCEAN,2,134400.0,128450.95284339084
-118.15,33.9,20.0,2850.0,737.0,1855.0,662.0,2.809,<1H OCEAN,2,144600.0,179943.38155476944
-118.13,34.16,52.0,1787.0,427.0,1107.0,410.0,2.5664,<1H OCEAN,2,215000.0,189565.519350701
-122.25,37.79,45.0,1786.0,526.0,1475.0,460.0,1.7772,NEAR BAY,2,97500.0,141461.5208870702
-118.25,34.09,52.0,2050.0,429.0,957.0,418.0,3.5603,<1H OCEAN,3,210000.0,270374.881585692
-118.91,34.22,15.0,5644.0,757.0,2659.0,783.0,6.7559,<1H OCEAN,5,312000.0,312781.50281659793
-119.7,34.43,52.0,977.0,289.0,412.0,272.0,2.125,<1H OCEAN,2,300000.0,214576.3355469924
-117.89,33.71,23.0,1422.0,260.0,1092.0,263.0,4.7422,<1H OCEAN,4,202400.0,204243.70871207808
-121.96,37.34,36.0,844.0,153.0,373.0,160.0,5.791,<1H OCEAN,4,254100.0,318532.2041661569
-117.4,33.94,42.0,943.0,171.0,466.0,203.0,3.1458,INLAND,3,116000.0,118991.83319141247
-118.0,34.13,24.0,2584.0,520.0,1869.0,503.0,3.2841,INLAND,3,167000.0,138846.96669837006
-122.31,37.54,45.0,1222.0,220.0,492.0,205.0,5.539,NEAR OCEAN,4,396900.0,362581.6087019081
-117.24,33.4,16.0,2704.0,463.0,1322.0,424.0,3.7857,<1H OCEAN,3,227000.0,196050.85715094313
-118.47,34.06,26.0,6577.0,1789.0,2937.0,1652.0,4.801,<1H OCEAN,4,500001.0,331297.2911078831
-117.77,33.76,19.0,3532.0,402.0,1200.0,426.0,11.0124,<1H OCEAN,5,500001.0,434826.7465477979
-118.1,34.15,32.0,978.0,227.0,543.0,211.0,3.0096,INLAND,3,199000.0,163114.85123240677
-121.92,36.56,40.0,2124.0,449.0,643.0,341.0,5.5164,NEAR OCEAN,4,369100.0,371070.1732936453
-121.29,37.95,52.0,107.0,79.0,167.0,53.0,0.7917,INLAND,1,22500.0,96122.6299271085
-117.64,34.05,27.0,1407.0,362.0,1684.0,350.0,2.1944,INLAND,2,95700.0,87999.30369691002
-122.19,37.82,32.0,1835.0,264.0,635.0,263.0,8.317,NEAR BAY,5,365900.0,420203.8533400875
-118.12,33.84,37.0,1242.0,221.0,565.0,213.0,4.1094,<1H OCEAN,3,215800.0,211594.21054978296
-118.08,34.07,32.0,4089.0,975.0,3775.0,955.0,3.29,<1H OCEAN,3,205500.0,209868.55319648035
-117.29,32.92,25.0,2355.0,381.0,823.0,358.0,6.8322,NEAR OCEAN,5,500001.0,382871.2924822336
-122.78,38.53,9.0,3659.0,652.0,1889.0,632.0,4.2716,<1H OCEAN,3,250800.0,212937.9738626515
-118.4,33.96,44.0,1877.0,314.0,877.0,320.0,6.8197,<1H OCEAN,5,363600.0,435585.2361670235
-117.62,33.47,4.0,1812.0,255.0,661.0,211.0,6.487,NEAR OCEAN,5,294200.0,346293.11421424727
-120.83,37.58,30.0,1527.0,256.0,757.0,240.0,3.6629,INLAND,3,171400.0,136151.6871630863
-118.35,33.87,37.0,1420.0,286.0,886.0,290.0,4.5833,<1H OCEAN,4,261300.0,248921.27655147994
-117.66,34.06,24.0,4043.0,952.0,2174.0,859.0,2.2244,INLAND,2,114900.0,139202.96230067505
-118.57,34.22,27.0,2795.0,606.0,1702.0,586.0,3.7798,<1H OCEAN,3,258400.0,232036.0720435889
-122.88,39.14,20.0,1125.0,231.0,521.0,196.0,2.2188,INLAND,2,106300.0,90014.16886623781
-118.26,33.92,40.0,1076.0,244.0,705.0,255.0,1.7986,<1H OCEAN,2,98900.0,128208.18280912036
-117.8,33.78,17.0,4138.0,805.0,2442.0,780.0,4.7804,<1H OCEAN,4,242000.0,222742.23799621704
-118.15,33.91,25.0,2053.0,578.0,1721.0,507.0,2.3456,<1H OCEAN,2,146100.0,142793.58229655196
-122.3,38.3,52.0,1128.0,207.0,450.0,197.0,3.3542,NEAR BAY,3,154600.0,188057.56741455605
-121.04,37.7,52.0,349.0,59.0,121.0,40.0,3.3036,INLAND,3,197500.0,147314.10543785724
-122.61,37.99,40.0,7737.0,1488.0,3108.0,1349.0,4.4375,NEAR OCEAN,3,289600.0,277266.8204729092
-117.21,33.34,10.0,5294.0,817.0,2312.0,810.0,5.4563,<1H OCEAN,4,325700.0,252697.75959412596
-119.0,35.31,37.0,1337.0,275.0,767.0,273.0,1.6522,INLAND,2,53300.0,63113.71690443884
-120.46,37.31,35.0,2042.0,378.0,953.0,356.0,2.7344,INLAND,2,87800.0,99026.4562836706
-118.0,34.15,43.0,2583.0,633.0,1544.0,617.0,2.5417,INLAND,2,178300.0,137333.0211771726
-122.07,37.96,34.0,1692.0,290.0,836.0,289.0,5.0172,NEAR BAY,4,197100.0,203503.04525656355
-118.08,33.89,28.0,1035.0,275.0,1545.0,269.0,3.0357,<1H OCEAN,3,123400.0,141954.44510229226
-118.11,34.1,49.0,2812.0,478.0,1329.0,490.0,5.2503,<1H OCEAN,4,292900.0,322276.16469619743
-118.23,33.88,35.0,842.0,201.0,763.0,189.0,2.6719,<1H OCEAN,2,109800.0,151785.14465587388
-118.31,33.97,52.0,1595.0,325.0,823.0,302.0,3.2188,<1H OCEAN,3,124200.0,221738.68717902162
-119.25,35.76,36.0,2332.0,656.0,2175.0,610.0,1.6045,INLAND,2,57300.0,61759.25773841586
-122.04,36.98,35.0,2155.0,355.0,866.0,335.0,5.6188,NEAR OCEAN,4,404700.0,339360.74405388115
-117.61,33.43,33.0,1150.0,383.0,604.0,317.0,2.3545,NEAR OCEAN,2,187500.0,242197.3257664597
-122.2,39.75,18.0,2603.0,576.0,1616.0,588.0,2.0192,INLAND,2,63700.0,62596.87113438542
-119.88,36.93,12.0,3174.0,520.0,1590.0,488.0,4.5347,INLAND,4,101200.0,144573.62527921263
-122.43,37.8,52.0,2696.0,572.0,925.0,552.0,5.0365,NEAR BAY,4,500000.0,435875.3275759821
-121.56,39.1,28.0,2130.0,484.0,1195.0,439.0,1.3631,INLAND,1,45500.0,75180.0747719062
-118.12,33.77,20.0,4534.0,954.0,1941.0,892.0,6.0362,NEAR OCEAN,5,463500.0,355246.8363946663
-116.92,32.76,9.0,1859.0,307.0,947.0,304.0,5.9202,<1H OCEAN,4,181300.0,244109.66662927507
-118.02,34.15,44.0,2267.0,426.0,980.0,372.0,3.6,INLAND,3,307400.0,200717.96890034335
-122.5,37.51,11.0,749.0,137.0,355.0,124.0,8.2364,NEAR OCEAN,5,371800.0,446936.33514304477
-120.22,36.49,14.0,1508.0,347.0,1679.0,345.0,2.4786,INLAND,2,56000.0,64966.03646305344
-118.03,33.86,19.0,1795.0,328.0,1014.0,322.0,4.535,<1H OCEAN,4,289300.0,206623.35837403225
-117.69,34.08,14.0,4136.0,886.0,2026.0,788.0,3.2344,INLAND,3,128200.0,149875.4505406673
-122.87,38.39,34.0,1138.0,205.0,541.0,180.0,4.5147,<1H OCEAN,4,271400.0,227182.7647220549
-118.1,33.89,36.0,769.0,142.0,498.0,137.0,4.7159,<1H OCEAN,4,182100.0,220563.3972691061
-121.82,37.31,15.0,1504.0,294.0,1267.0,291.0,5.5145,<1H OCEAN,4,219400.0,251585.10304957363
-119.8,36.76,52.0,2224.0,418.0,832.0,406.0,2.3952,INLAND,2,78400.0,103253.59826929009
-117.11,33.75,17.0,4174.0,851.0,1845.0,780.0,2.2618,INLAND,2,96100.0,93510.99085867182
-122.25,37.49,44.0,4420.0,743.0,1790.0,735.0,6.142,NEAR OCEAN,5,394700.0,418904.3161322764
-118.1,33.83,36.0,1408.0,250.0,702.0,251.0,4.875,<1H OCEAN,4,222500.0,223605.2955893806
-117.69,35.65,5.0,1131.0,276.0,520.0,232.0,4.0167,INLAND,3,87500.0,118478.25860257706
-117.04,32.67,14.0,3464.0,683.0,2139.0,734.0,4.0668,NEAR OCEAN,3,137500.0,161948.18659734764
-117.78,33.86,16.0,3471.0,708.0,1769.0,691.0,4.1064,<1H OCEAN,3,246100.0,211130.53240137504
-118.37,34.21,34.0,2272.0,558.0,2164.0,484.0,3.7143,<1H OCEAN,3,175700.0,217971.40528163547
-117.97,34.08,30.0,2227.0,474.0,1961.0,481.0,3.3261,INLAND,3,164100.0,135035.24792407246
-117.46,33.93,19.0,4780.0,861.0,3043.0,766.0,3.7431,INLAND,3,132800.0,118407.09503582373
-119.29,36.12,24.0,1248.0,226.0,641.0,200.0,2.4722,INLAND,2,129200.0,76892.61871580343
-118.3,33.9,27.0,3267.0,762.0,2099.0,647.0,3.4,<1H OCEAN,3,224100.0,201168.71733184837
-121.48,38.53,43.0,1378.0,280.0,708.0,280.0,2.3542,INLAND,2,103900.0,91722.50704099711
-117.1,34.57,6.0,5110.0,1044.0,1938.0,724.0,3.1917,INLAND,3,112800.0,105059.90566525527
-118.36,34.09,33.0,3463.0,1170.0,1845.0,1134.0,2.0205,<1H OCEAN,2,243800.0,261674.01368953922
-117.36,34.1,31.0,2587.0,531.0,1227.0,489.0,2.3578,INLAND,2,88600.0,110071.68278849167
-117.06,32.64,30.0,4494.0,667.0,1883.0,680.0,5.766,NEAR OCEAN,4,186100.0,269307.0212285134
-117.24,34.59,4.0,5027.0,797.0,1869.0,686.0,3.5507,INLAND,3,186100.0,115209.58347440962
-120.99,37.7,14.0,9849.0,1887.0,4356.0,1780.0,3.5877,INLAND,3,160900.0,142662.4858819937
-118.16,34.19,42.0,2076.0,462.0,1641.0,436.0,2.2326,<1H OCEAN,2,149200.0,144664.54395920207
-122.29,40.39,17.0,1682.0,332.0,887.0,316.0,1.8438,INLAND,2,76400.0,63806.064027881
-122.32,37.56,49.0,2016.0,299.0,691.0,288.0,5.549,NEAR OCEAN,4,500001.0,383180.1157168729
-121.27,38.62,13.0,2321.0,539.0,1066.0,497.0,2.7652,INLAND,2,95600.0,121215.98575437674
-122.32,37.56,9.0,1150.0,287.0,377.0,243.0,3.8317,NEAR OCEAN,3,237500.0,285035.0977649851
-118.38,33.77,17.0,10950.0,2207.0,4713.0,2043.0,6.3064,NEAR OCEAN,5,418300.0,372318.9357000774
-122.09,37.68,41.0,1382.0,353.0,704.0,314.0,3.5114,NEAR BAY,3,197500.0,214000.31826143287
-115.52,32.98,21.0,1302.0,327.0,1244.0,316.0,2.2054,INLAND,2,66400.0,53788.73766439216
-118.32,33.88,37.0,1402.0,254.0,722.0,251.0,6.4781,<1H OCEAN,5,269000.0,382352.2210846243
-118.51,34.17,31.0,3252.0,834.0,1411.0,760.0,3.1885,<1H OCEAN,3,219000.0,295747.46221050894
-117.61,34.12,17.0,6709.0,1198.0,3954.0,1161.0,4.6997,INLAND,4,156900.0,195787.0595717671
-116.99,32.85,32.0,5211.0,949.0,3025.0,948.0,4.0931,<1H OCEAN,3,134200.0,174463.07162705614
-117.23,32.87,15.0,2290.0,662.0,1034.0,594.0,3.0104,NEAR OCEAN,3,204200.0,219661.7090992865
-118.17,33.77,45.0,2151.0,643.0,1047.0,579.0,3.1149,NEAR OCEAN,3,218800.0,236648.6627978687
-117.97,33.89,17.0,1851.0,344.0,764.0,339.0,5.1315,<1H OCEAN,4,181800.0,252929.59154823315
-118.09,34.04,18.0,5580.0,1369.0,3842.0,1276.0,3.6512,<1H OCEAN,3,168500.0,222604.76309853434
-122.25,37.84,52.0,2535.0,489.0,1094.0,514.0,3.6591,NEAR BAY,3,299200.0,247646.97075431107
-118.16,34.02,41.0,1256.0,391.0,1511.0,381.0,1.7981,<1H OCEAN,2,166000.0,139476.3022105163
-116.99,32.64,15.0,4331.0,699.0,2046.0,627.0,3.9519,NEAR OCEAN,3,193500.0,164359.99505252333
-122.42,37.76,46.0,2150.0,817.0,2075.0,807.0,1.3824,NEAR BAY,1,212500.0,240777.66219300474
-121.69,37.14,12.0,4077.0,590.0,1618.0,540.0,5.2951,<1H OCEAN,4,386200.0,271102.3140884558
-118.13,34.05,35.0,3229.0,616.0,1879.0,595.0,3.9531,<1H OCEAN,3,268400.0,218147.4739440367
-118.35,33.97,26.0,1725.0,431.0,1130.0,404.0,3.2708,<1H OCEAN,3,128100.0,212813.46998936395
-119.89,34.44,25.0,3160.0,507.0,1514.0,523.0,5.0767,NEAR OCEAN,4,271200.0,276243.14193472976
-121.39,38.69,30.0,2897.0,506.0,1508.0,478.0,3.865,INLAND,3,88400.0,119495.31461515182
-121.32,38.0,21.0,1795.0,482.0,1114.0,472.0,2.0091,INLAND,2,101500.0,85261.63844606496
-118.48,34.15,31.0,2536.0,429.0,990.0,424.0,5.4591,<1H OCEAN,4,495500.0,374372.11064589786
-117.96,34.06,31.0,2017.0,462.0,1462.0,457.0,2.067,<1H OCEAN,2,167300.0,156234.31151808918
-120.18,39.28,14.0,10098.0,1545.0,701.0,254.0,4.0819,INLAND,3,141300.0,190201.14101170644
-118.51,34.04,38.0,4715.0,691.0,1660.0,637.0,10.1882,<1H OCEAN,5,500001.0,528375.994687777
-118.9,34.26,5.0,25187.0,3521.0,11956.0,3478.0,6.9712,<1H OCEAN,5,321300.0,336126.1407759171
-117.27,34.07,21.0,418.0,132.0,401.0,120.0,1.7206,INLAND,2,82100.0,90890.09944443485
-118.25,33.99,41.0,1486.0,509.0,2312.0,541.0,1.3963,<1H OCEAN,1,92900.0,122600.79999166836
-117.93,33.87,45.0,1006.0,230.0,1237.0,237.0,3.3472,<1H OCEAN,3,168000.0,164539.2020636131
-122.04,38.28,12.0,3861.0,795.0,2129.0,806.0,3.676,INLAND,3,135000.0,131463.98881646787
-119.29,34.44,34.0,4314.0,878.0,2361.0,831.0,3.2279,NEAR OCEAN,3,243100.0,246990.35624191788
-116.99,34.3,29.0,5055.0,1036.0,410.0,191.0,3.5104,INLAND,3,157100.0,163932.5966250848
-119.93,38.72,15.0,2061.0,465.0,573.0,196.0,2.2417,INLAND,2,97900.0,110341.51016344356
-118.27,33.8,38.0,1446.0,327.0,980.0,319.0,3.35,<1H OCEAN,3,177700.0,178151.46951191337
-121.3,38.13,23.0,2864.0,504.0,1298.0,499.0,3.2303,INLAND,3,131800.0,121943.94057538049
-118.47,34.04,21.0,5041.0,1491.0,2719.0,1420.0,3.5335,<1H OCEAN,3,268800.0,305989.5639000972
-119.51,34.4,15.0,1112.0,256.0,411.0,245.0,2.0625,NEAR OCEAN,2,314300.0,213816.5454450902
-122.69,38.32,16.0,3741.0,698.0,1938.0,658.0,4.6324,<1H OCEAN,4,183600.0,231844.2996489704
-116.21,33.68,34.0,584.0,176.0,625.0,166.0,1.5809,INLAND,2,100000.0,64461.27848792716
-118.86,34.22,26.0,1932.0,280.0,886.0,289.0,5.0855,<1H OCEAN,4,232200.0,247232.94344486468
-117.17,34.08,5.0,1473.0,228.0,842.0,257.0,4.875,INLAND,4,138100.0,156576.35629497375
-118.05,34.06,45.0,531.0,164.0,722.0,166.0,2.1406,<1H OCEAN,2,162500.0,157501.01776412624
-118.56,34.18,39.0,1819.0,291.0,770.0,278.0,5.4088,<1H OCEAN,4,457300.0,323771.60047772236
-117.5,33.96,12.0,7923.0,1470.0,4861.0,1385.0,4.2985,INLAND,3,139200.0,153695.48480889268
-118.34,34.16,46.0,1396.0,294.0,608.0,246.0,3.692,<1H OCEAN,3,244500.0,275824.5605939635
-119.58,36.11,21.0,2004.0,385.0,1397.0,398.0,2.2169,INLAND,2,61600.0,54668.356898808524
-118.35,33.9,25.0,3309.0,902.0,2299.0,837.0,3.0417,<1H OCEAN,3,237000.0,214897.60519845886
-121.18,37.79,16.0,1326.0,286.0,509.0,297.0,1.9464,INLAND,2,112500.0,92912.3942609568
-117.18,34.05,29.0,3436.0,731.0,1323.0,676.0,2.4943,INLAND,2,122300.0,136266.7380051097
-118.04,34.12,30.0,2170.0,318.0,984.0,309.0,5.6916,INLAND,4,500001.0,289211.04307107226
-117.2,33.72,8.0,5528.0,1073.0,1674.0,918.0,2.5335,<1H OCEAN,2,110100.0,190472.90042777202
-122.5,37.92,30.0,2270.0,359.0,974.0,351.0,5.5926,NEAR BAY,4,300900.0,346580.49323951884
-117.67,34.05,6.0,2833.0,628.0,1717.0,589.0,3.2062,INLAND,3,167500.0,134550.04447235298
-118.45,34.18,34.0,1843.0,442.0,861.0,417.0,3.6875,<1H OCEAN,3,246400.0,278555.62358862
-121.87,37.27,25.0,1730.0,226.0,721.0,243.0,7.5845,<1H OCEAN,5,279300.0,360855.62384664203
-117.6,33.43,21.0,3951.0,562.0,1392.0,543.0,5.1439,NEAR OCEAN,4,414000.0,284868.8846960802
-119.74,36.76,42.0,2093.0,470.0,1621.0,438.0,1.7994,INLAND,2,58700.0,49372.19211686975
-118.04,33.76,25.0,4061.0,545.0,1623.0,527.0,7.1572,<1H OCEAN,5,294900.0,342549.72558664286
-118.42,33.97,44.0,1462.0,240.0,562.0,237.0,4.9375,<1H OCEAN,4,365200.0,355355.1539385019
-122.0,37.36,19.0,2237.0,433.0,1158.0,426.0,6.7718,<1H OCEAN,5,368300.0,333314.65476746444
-118.54,34.19,22.0,3380.0,790.0,2199.0,737.0,2.5739,<1H OCEAN,2,239200.0,195639.90764602798
-117.84,33.74,22.0,6072.0,1802.0,4715.0,1666.0,3.1353,<1H OCEAN,3,121400.0,195863.18291474896
-117.58,33.66,4.0,3305.0,644.0,1693.0,597.0,5.2497,<1H OCEAN,4,215000.0,242574.50820541882
-117.42,33.94,35.0,1764.0,325.0,1094.0,353.0,4.1528,INLAND,3,113900.0,135637.28209451208
-118.14,34.05,39.0,1880.0,367.0,954.0,349.0,3.875,<1H OCEAN,3,236400.0,222014.1069010504
-117.13,32.77,30.0,2582.0,650.0,1098.0,603.0,2.8281,NEAR OCEAN,2,171700.0,181467.68961387864
-122.23,37.76,52.0,1049.0,185.0,374.0,176.0,4.1458,NEAR BAY,3,248500.0,264366.7047495564
-122.38,40.57,43.0,2251.0,542.0,1479.0,512.0,1.5676,INLAND,2,58200.0,61079.05134618815
-119.35,36.19,6.0,958.0,226.0,734.0,230.0,1.0349,INLAND,1,67800.0,53529.819632154395
-120.64,36.99,23.0,2363.0,449.0,1168.0,410.0,2.2794,INLAND,2,75700.0,101369.50609230173
-117.88,34.12,34.0,912.0,165.0,522.0,150.0,4.0417,<1H OCEAN,3,178000.0,214878.06225320432
-115.54,32.79,23.0,1712.0,403.0,1370.0,377.0,1.275,INLAND,1,60400.0,46167.718231750034
-118.05,33.72,17.0,1875.0,472.0,900.0,406.0,5.2589,<1H OCEAN,4,226100.0,280039.8023808894
-118.14,33.88,30.0,2596.0,580.0,1662.0,539.0,4.0507,<1H OCEAN,3,179500.0,207371.36801378732
-120.43,34.89,28.0,2862.0,478.0,1384.0,463.0,4.6694,<1H OCEAN,4,158200.0,222488.86246990785
-117.05,33.05,6.0,7916.0,1293.0,2741.0,1204.0,5.6436,<1H OCEAN,4,278600.0,249869.31409255177
-122.32,37.52,17.0,6645.0,1034.0,2557.0,1032.0,6.3892,NEAR OCEAN,5,480800.0,391518.1329655554
-118.11,34.06,18.0,2609.0,721.0,2221.0,703.0,2.3224,<1H OCEAN,2,192300.0,179153.92689004884
-121.56,38.44,43.0,1485.0,270.0,653.0,251.0,3.0,INLAND,2,141700.0,119822.45344587836
-121.82,37.38,32.0,3747.0,665.0,1687.0,649.0,5.4949,<1H OCEAN,4,330800.0,294959.55614484014
-117.14,32.71,52.0,979.0,314.0,975.0,297.0,1.2375,NEAR OCEAN,1,100000.0,119256.29166151508
-118.2,33.9,34.0,1552.0,444.0,2093.0,413.0,2.2125,<1H OCEAN,2,103200.0,129284.9833713381
-119.21,36.39,31.0,1465.0,303.0,1013.0,297.0,2.0363,INLAND,2,53500.0,51342.56016199399
-118.2,34.11,36.0,1441.0,534.0,1809.0,500.0,2.1793,<1H OCEAN,2,185700.0,159452.43647119388
-117.93,33.64,24.0,1395.0,396.0,1478.0,404.0,2.5301,<1H OCEAN,2,192900.0,147814.29019721947
-117.94,33.88,46.0,1747.0,312.0,770.0,296.0,5.4217,<1H OCEAN,4,256000.0,296896.43900054484
-118.0,34.07,34.0,1696.0,456.0,1609.0,426.0,2.25,INLAND,2,138500.0,105221.88011514477
-116.56,34.06,15.0,6928.0,1529.0,2568.0,1075.0,2.5405,INLAND,2,69600.0,116078.26574661759
-118.37,34.02,33.0,2263.0,430.0,900.0,382.0,4.4028,<1H OCEAN,3,246800.0,316730.8640603583
-121.98,37.95,16.0,2984.0,406.0,1317.0,397.0,6.7821,INLAND,5,265900.0,262885.1433745032
-118.18,33.79,20.0,1255.0,360.0,1201.0,318.0,1.2206,NEAR OCEAN,1,162500.0,147402.28144666343
-122.45,37.78,43.0,1452.0,397.0,897.0,393.0,4.1319,NEAR BAY,3,322700.0,343330.7210547404
-122.14,37.48,36.0,1210.0,236.0,981.0,239.0,4.0039,NEAR BAY,3,148900.0,217329.93611720594
-118.02,34.13,34.0,1966.0,319.0,980.0,297.0,7.7307,INLAND,5,429000.0,394371.1677032345
-122.13,37.45,37.0,1287.0,197.0,510.0,206.0,7.9029,NEAR BAY,5,500001.0,451049.08104881976
-117.66,34.13,19.0,3995.0,554.0,1523.0,509.0,6.075,INLAND,5,254100.0,241837.92812692976
-122.42,37.74,52.0,1786.0,427.0,856.0,394.0,3.0833,NEAR BAY,3,328100.0,299141.6132730491
-118.28,34.08,40.0,1630.0,543.0,1568.0,510.0,2.7366,<1H OCEAN,2,169100.0,178788.95937349807
-118.11,33.94,32.0,2098.0,378.0,1036.0,385.0,5.0258,<1H OCEAN,4,255400.0,229051.15717686625
-121.53,38.58,33.0,4988.0,1169.0,2414.0,1075.0,1.9728,INLAND,2,76400.0,120846.25724239412
-117.01,32.85,23.0,2592.0,414.0,1401.0,431.0,5.4903,<1H OCEAN,4,151400.0,211616.84701562644
-117.96,33.99,25.0,2799.0,388.0,1348.0,389.0,6.2517,<1H OCEAN,5,311100.0,264996.04728376376
-122.5,37.97,25.0,6526.0,1902.0,5917.0,1812.0,2.7273,NEAR BAY,2,187500.0,224107.28898560023
-118.08,34.1,36.0,2679.0,548.0,1605.0,533.0,3.5313,<1H OCEAN,3,213200.0,209059.96427802715
-118.31,34.04,33.0,2691.0,726.0,2390.0,681.0,2.4048,<1H OCEAN,2,208300.0,195021.27986043377
-117.99,33.9,33.0,2161.0,383.0,1235.0,383.0,5.6454,<1H OCEAN,4,202800.0,269666.42926386616
-119.83,36.8,24.0,3756.0,681.0,1586.0,739.0,3.8571,INLAND,3,90100.0,137882.67452655578
-117.1,32.75,15.0,2422.0,774.0,2120.0,715.0,1.0617,NEAR OCEAN,1,92400.0,122750.30106670572
-121.24,38.78,18.0,549.0,143.0,249.0,136.0,0.8691,INLAND,1,136500.0,95137.75424268536
-119.95,38.95,21.0,2046.0,580.0,952.0,353.0,1.7245,INLAND,2,92200.0,93694.48788273419
-120.24,37.96,34.0,1747.0,395.0,935.0,362.0,1.625,INLAND,2,79400.0,77051.63748637478
-117.09,32.75,20.0,1701.0,503.0,1482.0,465.0,1.6789,NEAR OCEAN,2,95500.0,103459.06469041093
-117.9,33.68,25.0,7060.0,1159.0,3903.0,1139.0,4.8359,<1H OCEAN,4,249200.0,239233.5403060968
-117.63,34.08,38.0,1810.0,371.0,1257.0,354.0,3.8355,INLAND,3,111700.0,138517.8914906301
-118.31,34.05,38.0,1864.0,515.0,1768.0,439.0,1.9336,<1H OCEAN,2,190600.0,180820.57258056026
-121.84,36.6,30.0,2958.0,691.0,1616.0,666.0,3.4643,<1H OCEAN,3,191800.0,236896.84076852034
-118.44,33.81,33.0,3994.0,990.0,1647.0,931.0,5.0106,NEAR OCEAN,4,500001.0,386884.89433566044
-119.46,35.17,40.0,4164.0,812.0,1998.0,773.0,2.8323,INLAND,2,50800.0,99285.40220798325
-121.43,37.78,24.0,807.0,174.0,585.0,166.0,2.6181,INLAND,2,163500.0,108133.62012055634
-122.44,37.75,52.0,2082.0,425.0,801.0,411.0,4.2708,NEAR BAY,3,368900.0,377741.2652504693
-121.7,39.37,32.0,1852.0,373.0,911.0,365.0,1.7885,INLAND,2,57000.0,68912.34142623717
-120.85,37.77,35.0,404.0,96.0,261.0,100.0,2.4583,INLAND,2,75000.0,111464.80934961952
-118.48,34.42,21.0,1375.0,259.0,728.0,258.0,5.0166,<1H OCEAN,4,229000.0,239153.63909221147
-121.6,37.9,5.0,14684.0,2252.0,4276.0,1722.0,6.9051,INLAND,5,340900.0,290290.91262919316
-122.23,37.47,39.0,5264.0,1259.0,3057.0,1265.0,3.623,NEAR OCEAN,3,276600.0,281743.0567060593
-120.95,37.66,16.0,4478.0,647.0,1990.0,672.0,5.1473,INLAND,4,188400.0,187737.48434941258
-121.3,37.92,28.0,3308.0,766.0,3201.0,720.0,1.7694,INLAND,2,73900.0,80391.4019203598
-122.09,37.69,43.0,500.0,110.0,273.0,120.0,3.3125,NEAR BAY,3,150000.0,197325.04158606264
-122.23,38.05,52.0,1736.0,358.0,638.0,297.0,2.5517,NEAR BAY,2,147100.0,165665.79291031553
-117.93,33.83,32.0,1792.0,411.0,1131.0,381.0,2.4942,<1H OCEAN,2,186300.0,148431.82618252383
-118.3,33.87,31.0,1398.0,261.0,823.0,263.0,5.0641,<1H OCEAN,4,234900.0,245802.32588523728
-117.09,32.76,31.0,1235.0,387.0,816.0,397.0,1.5517,NEAR OCEAN,2,122500.0,131023.40896150481
-122.56,37.97,52.0,1833.0,324.0,735.0,306.0,4.6944,NEAR BAY,4,398900.0,347002.3557520321
-122.12,37.75,33.0,1809.0,261.0,808.0,219.0,6.86,NEAR BAY,5,250000.0,356454.5663326012
-117.66,34.05,6.0,5129.0,1119.0,2533.0,949.0,3.625,INLAND,3,113600.0,165294.53951872216
-118.62,34.2,29.0,2421.0,402.0,1120.0,388.0,5.0309,<1H OCEAN,4,244800.0,260924.06394702234
-118.35,34.17,47.0,858.0,170.0,365.0,171.0,2.0385,<1H OCEAN,2,225000.0,182117.25231318444
-118.06,33.98,42.0,1342.0,243.0,615.0,208.0,5.4381,<1H OCEAN,4,186900.0,288035.70874841564
-118.34,33.84,36.0,1561.0,252.0,740.0,253.0,6.2778,<1H OCEAN,5,309700.0,336862.1925063706
-121.4,38.47,4.0,20982.0,3392.0,10329.0,3086.0,4.3658,INLAND,3,130600.0,161454.16883779428
-122.43,37.63,34.0,4135.0,687.0,2154.0,742.0,4.9732,NEAR OCEAN,4,342300.0,283414.70831580204
-120.98,37.64,39.0,2617.0,659.0,2052.0,642.0,1.6952,INLAND,2,65000.0,85179.38911821991
-117.82,33.89,21.0,3079.0,509.0,1431.0,480.0,4.0714,<1H OCEAN,3,278900.0,192983.72023445394
-118.29,34.03,22.0,3313.0,1235.0,2381.0,1063.0,0.7473,<1H OCEAN,1,168800.0,220573.0012903558
-119.7,34.43,37.0,1462.0,306.0,678.0,322.0,5.1545,<1H OCEAN,4,418400.0,307499.88552847574
-117.32,34.19,6.0,1068.0,182.0,999.0,188.0,4.7222,INLAND,4,109000.0,135168.45866437475
-118.44,34.31,22.0,3182.0,822.0,2661.0,746.0,2.7472,<1H OCEAN,2,160100.0,186509.6211571691
-122.25,37.5,45.0,1812.0,336.0,752.0,329.0,4.95,NEAR OCEAN,4,345000.0,329829.5568960823
-118.44,34.01,41.0,1309.0,221.0,534.0,228.0,5.1708,<1H OCEAN,4,418800.0,371583.62311983743
-118.1,33.84,36.0,690.0,109.0,316.0,104.0,3.7813,<1H OCEAN,3,209100.0,198934.67548409043
-121.47,39.51,19.0,3720.0,636.0,1304.0,607.0,2.6921,INLAND,2,97500.0,104818.96844708329
-117.93,33.9,30.0,2629.0,331.0,956.0,319.0,9.9071,<1H OCEAN,5,500001.0,438464.4108768308
-121.51,38.69,28.0,800.0,149.0,450.0,158.0,2.1029,INLAND,2,108600.0,82374.55990441282
-117.96,34.02,33.0,349.0,124.0,460.0,83.0,2.375,<1H OCEAN,2,133300.0,162295.7421873177
-119.01,36.07,44.0,2450.0,575.0,1330.0,508.0,1.6103,INLAND,2,50900.0,60087.54654806635
-122.04,37.37,33.0,2757.0,489.0,1201.0,481.0,5.0453,<1H OCEAN,4,311600.0,286065.3792382647
-118.38,33.86,12.0,4235.0,735.0,1798.0,683.0,6.4242,<1H OCEAN,5,365500.0,365323.7991602445
-122.26,37.87,52.0,1087.0,371.0,3337.0,350.0,1.4012,NEAR BAY,1,175000.0,127060.87901464815
-118.16,33.88,18.0,2287.0,662.0,1804.0,537.0,1.9903,<1H OCEAN,2,170300.0,147656.4320963677
-119.18,34.27,6.0,2307.0,386.0,910.0,364.0,5.215,NEAR OCEAN,4,279500.0,289184.9772386364
-117.23,33.68,10.0,3659.0,650.0,1476.0,515.0,3.8869,<1H OCEAN,3,125900.0,209429.29340083868
-117.6,34.11,18.0,6025.0,1062.0,3360.0,1028.0,4.8889,INLAND,4,155700.0,193378.21934596897
-117.11,32.7,37.0,2045.0,502.0,1920.0,472.0,1.8125,NEAR OCEAN,2,83300.0,103959.38538553921
-122.16,37.77,48.0,977.0,194.0,446.0,180.0,4.7708,NEAR BAY,4,156300.0,274543.6553716505
-117.77,34.08,27.0,5929.0,932.0,2817.0,828.0,6.0434,INLAND,5,214800.0,263946.7955971715
-119.48,36.5,32.0,3451.0,625.0,1968.0,574.0,2.9554,INLAND,2,110300.0,86229.88094013302
-123.73,39.44,32.0,790.0,151.0,380.0,142.0,2.7,<1H OCEAN,2,165000.0,122183.88236389843
-122.45,37.74,52.0,1596.0,276.0,642.0,273.0,4.375,NEAR BAY,3,349500.0,351554.5901093134
-122.44,37.79,52.0,1447.0,186.0,483.0,181.0,15.0001,NEAR BAY,5,500001.0,541086.4002515646
-121.04,39.24,48.0,1188.0,227.0,471.0,219.0,2.3125,INLAND,2,125700.0,96786.23085637558
-117.7,34.0,15.0,4905.0,711.0,2711.0,762.0,5.7021,INLAND,4,193100.0,218395.0619785532
-118.1,34.12,50.0,1835.0,231.0,636.0,211.0,11.6471,<1H OCEAN,5,500001.0,474998.8915360285
-117.87,34.11,23.0,4066.0,819.0,2105.0,737.0,4.6556,<1H OCEAN,4,199600.0,244690.2884643934
-118.34,34.07,52.0,3421.0,598.0,1203.0,564.0,4.1618,<1H OCEAN,3,500001.0,340719.4437921945
-122.3,38.25,18.0,3548.0,880.0,1476.0,699.0,3.7188,NEAR BAY,3,163400.0,205485.58326734454
-118.18,33.96,20.0,427.0,118.0,402.0,105.0,1.4167,<1H OCEAN,1,137500.0,139779.5263640799
-121.22,37.81,20.0,1811.0,352.0,1191.0,327.0,4.0125,INLAND,3,121500.0,124196.12151504321
-118.37,33.82,32.0,2815.0,607.0,1338.0,609.0,4.5687,<1H OCEAN,4,381200.0,299326.62801133015
-122.22,38.1,44.0,3013.0,563.0,1353.0,512.0,3.4559,NEAR BAY,3,111900.0,177777.30992571573
-121.67,39.26,29.0,3041.0,683.0,2106.0,687.0,1.6315,INLAND,2,58000.0,75084.8206241499
-120.43,36.99,16.0,1027.0,199.0,673.0,193.0,2.9688,INLAND,2,63800.0,96025.09568703258
-118.45,33.99,52.0,1010.0,244.0,573.0,242.0,4.1861,<1H OCEAN,3,363200.0,360213.0410977753
-122.04,36.96,42.0,1149.0,264.0,703.0,232.0,2.5865,NEAR OCEAN,2,206400.0,193563.96181728583
-117.65,33.4,17.0,2737.0,654.0,910.0,492.0,3.5729,NEAR OCEAN,3,370800.0,262979.1081793507
-122.63,38.94,18.0,3844.0,969.0,1832.0,845.0,1.125,INLAND,1,81800.0,106913.99625244153
-122.04,37.34,19.0,3694.0,1036.0,2496.0,986.0,3.6991,<1H OCEAN,3,271500.0,254999.10172440144
-121.97,37.53,35.0,2277.0,420.0,1353.0,413.0,4.75,<1H OCEAN,4,197000.0,242324.78377048124
-119.78,36.78,31.0,2164.0,456.0,959.0,463.0,2.3293,INLAND,2,73400.0,94481.20914389209
-118.44,34.15,37.0,1335.0,286.0,539.0,279.0,3.2813,<1H OCEAN,3,301700.0,303727.2469112946
-118.14,34.68,33.0,2815.0,485.0,1447.0,489.0,4.2679,INLAND,3,119600.0,128579.64355773485
-121.86,37.39,17.0,1777.0,328.0,1235.0,329.0,5.4225,<1H OCEAN,4,258100.0,259095.63874659568
-118.33,34.15,39.0,493.0,168.0,259.0,138.0,2.3667,<1H OCEAN,2,17500.0,206000.53655843282
-117.34,33.21,23.0,2062.0,376.0,1302.0,379.0,4.0109,NEAR OCEAN,3,145700.0,203886.94566855626
-122.2,37.77,41.0,1547.0,415.0,1024.0,341.0,2.0562,NEAR BAY,2,102000.0,137238.4194115205
-118.1,33.74,37.0,997.0,262.0,531.0,282.0,4.7773,NEAR OCEAN,4,400000.0,282255.5390938786
-119.05,36.09,9.0,3297.0,568.0,1749.0,568.0,4.0217,INLAND,3,99200.0,107843.9977019076
-121.82,37.81,12.0,4711.0,659.0,2089.0,621.0,8.3209,INLAND,5,485400.0,334308.90282974514
-117.81,33.83,8.0,7326.0,884.0,2569.0,798.0,10.157,<1H OCEAN,5,477100.0,434591.9141137821
-119.04,35.36,36.0,1942.0,414.0,1051.0,411.0,1.8362,INLAND,2,66900.0,52720.234741081986
-117.9,33.88,28.0,2696.0,346.0,947.0,356.0,9.0055,<1H OCEAN,5,375400.0,437722.40150899894
-122.2,37.79,40.0,1060.0,256.0,667.0,235.0,4.1739,NEAR BAY,3,169600.0,237591.50446670435
-118.95,34.17,23.0,2630.0,404.0,1184.0,385.0,5.2955,<1H OCEAN,4,247600.0,306454.6093482411
-117.9,33.83,23.0,2459.0,689.0,2720.0,598.0,2.8072,<1H OCEAN,2,164700.0,164435.8040653373
-118.38,34.16,46.0,2609.0,593.0,1055.0,585.0,3.3177,<1H OCEAN,3,309400.0,320875.40135052445
-117.15,32.93,16.0,2718.0,438.0,1515.0,431.0,5.1433,<1H OCEAN,4,185300.0,221764.9585772576
-118.3,33.86,35.0,2016.0,365.0,1083.0,369.0,5.1727,<1H OCEAN,4,230200.0,261647.17702332544
-118.18,33.98,30.0,1735.0,573.0,2237.0,545.0,2.3444,<1H OCEAN,2,156100.0,138962.28117514055
-118.01,33.73,23.0,4095.0,578.0,1766.0,589.0,6.7418,<1H OCEAN,5,302500.0,314908.9175979179
-116.4,34.09,9.0,4855.0,872.0,2098.0,765.0,3.2723,INLAND,3,97800.0,123435.9212284043
-121.96,37.35,37.0,1755.0,325.0,699.0,321.0,3.925,<1H OCEAN,3,251300.0,250074.93495056152
-122.47,37.7,47.0,737.0,126.0,370.0,136.0,3.775,NEAR OCEAN,3,281300.0,253750.4029289718
-117.11,32.59,18.0,2329.0,580.0,1538.0,567.0,2.1179,NEAR OCEAN,2,153100.0,116099.34950909186
-122.43,37.75,52.0,1970.0,495.0,871.0,474.0,4.0625,NEAR BAY,3,355600.0,353473.9682551283
-120.57,37.35,18.0,704.0,176.0,520.0,154.0,3.003,INLAND,3,101300.0,100306.91278506836
-118.13,33.96,36.0,1933.0,341.0,958.0,335.0,4.4732,<1H OCEAN,3,266000.0,195921.1812799629
-120.79,37.49,44.0,1186.0,225.0,687.0,234.0,3.4167,INLAND,3,160700.0,119481.46613641936
-118.47,34.0,37.0,2586.0,765.0,1801.0,737.0,2.6042,<1H OCEAN,2,305800.0,264920.88194490975
-116.99,33.92,26.0,503.0,69.0,293.0,59.0,3.7083,INLAND,3,147500.0,115034.349722771
-117.96,33.84,31.0,2265.0,537.0,1617.0,507.0,3.4583,<1H OCEAN,3,186300.0,188617.62721608335
-122.16,37.47,33.0,3687.0,852.0,3091.0,852.0,2.6506,NEAR BAY,2,162600.0,192014.8922854458
-118.03,34.16,36.0,1401.0,218.0,667.0,225.0,7.1615,INLAND,5,484700.0,397395.12343619444
-117.22,32.78,22.0,2020.0,466.0,1010.0,429.0,3.4527,NEAR OCEAN,3,175000.0,218589.57669522773
-117.23,33.91,9.0,11654.0,2100.0,7596.0,2127.0,4.0473,INLAND,3,127200.0,137143.45851301777
-117.94,33.88,35.0,2159.0,343.0,833.0,335.0,5.3738,<1H OCEAN,4,365100.0,262359.28477857064
-121.14,38.84,22.0,2750.0,433.0,1161.0,428.0,4.2143,INLAND,3,236500.0,165531.68799340574
-121.93,37.28,10.0,3163.0,832.0,1537.0,797.0,4.1674,<1H OCEAN,3,214000.0,268992.1430905129
-121.94,37.32,46.0,2451.0,472.0,1163.0,448.0,4.8519,<1H OCEAN,4,225800.0,290726.7842305563
-124.17,40.74,17.0,2026.0,338.0,873.0,313.0,4.0357,NEAR OCEAN,3,128900.0,150462.80979495158
-117.11,32.78,16.0,2470.0,830.0,1170.0,724.0,3.5562,NEAR OCEAN,3,73500.0,199539.76758657905
-121.44,36.51,31.0,1636.0,380.0,1468.0,339.0,3.2219,<1H OCEAN,3,114700.0,193358.00934496883
-121.88,37.33,41.0,395.0,164.0,549.0,184.0,2.375,<1H OCEAN,2,175000.0,178750.78676340598
-118.52,34.22,21.0,4617.0,1101.0,2891.0,1031.0,3.2289,<1H OCEAN,3,318100.0,217383.8705450898
-122.49,37.76,52.0,2245.0,425.0,1091.0,409.0,3.5909,NEAR BAY,3,331200.0,336357.48361611215
-119.29,34.28,38.0,2387.0,748.0,1537.0,741.0,2.3147,NEAR OCEAN,2,192500.0,235100.89005515786
-117.1,33.14,7.0,10665.0,2576.0,4917.0,2424.0,2.3171,<1H OCEAN,2,159500.0,142755.51424922634
-118.07,33.9,42.0,1007.0,224.0,776.0,228.0,3.8672,<1H OCEAN,3,162700.0,180185.96583099093
-121.47,38.48,24.0,2359.0,462.0,2048.0,476.0,3.2702,INLAND,3,67300.0,109327.90017566486
-121.23,38.65,19.0,2926.0,476.0,1349.0,480.0,4.6437,INLAND,4,212900.0,162968.8352416952
-116.93,32.79,23.0,5759.0,1258.0,3108.0,1202.0,3.0927,<1H OCEAN,3,140600.0,167898.57420134186
-117.68,34.04,27.0,574.0,103.0,321.0,103.0,3.9107,INLAND,3,186500.0,149417.65149862666
-122.53,37.93,42.0,2171.0,362.0,887.0,347.0,6.6125,NEAR BAY,5,393200.0,432399.50648134155
-121.25,37.95,40.0,1703.0,362.0,1208.0,373.0,2.0817,INLAND,2,55300.0,70386.69942396792
-118.42,34.04,46.0,1508.0,276.0,639.0,273.0,4.925,<1H OCEAN,4,409800.0,358816.69112139224
-118.02,34.09,32.0,1747.0,399.0,1199.0,402.0,3.4286,INLAND,3,191800.0,162606.93182719167
-121.28,38.14,37.0,3278.0,623.0,1431.0,575.0,3.3987,INLAND,3,99500.0,131179.6335450725
-117.89,33.88,15.0,1655.0,626.0,1549.0,582.0,1.9127,<1H OCEAN,2,175000.0,143393.72157568953
-117.51,33.89,16.0,5418.0,1005.0,2690.0,1088.0,4.0556,INLAND,3,158000.0,146414.08952098087
-118.27,34.0,43.0,1258.0,381.0,1276.0,358.0,1.8917,<1H OCEAN,2,106900.0,139300.87743639323
-118.14,33.96,34.0,2744.0,541.0,1333.0,503.0,4.0536,<1H OCEAN,3,277200.0,211121.87477837226
-118.31,33.72,26.0,2711.0,508.0,1372.0,459.0,4.1451,NEAR OCEAN,3,326700.0,262264.65936283104
-119.82,36.64,30.0,1694.0,312.0,1008.0,321.0,2.2466,INLAND,2,96000.0,60313.56647095197
-118.49,34.29,26.0,4516.0,611.0,1714.0,581.0,9.2873,<1H OCEAN,5,431800.0,448936.0492935953
-122.67,38.44,32.0,3771.0,741.0,1786.0,721.0,3.2415,<1H OCEAN,3,172200.0,200581.6605674316
-121.28,38.6,17.0,1671.0,378.0,848.0,351.0,3.1194,INLAND,3,112500.0,122794.62143058515
-116.88,34.19,38.0,898.0,259.0,106.0,52.0,1.6875,INLAND,2,225000.0,88133.0009768247
-121.79,37.23,17.0,2281.0,359.0,1226.0,394.0,5.4193,<1H OCEAN,4,259500.0,264541.27026033204
-122.5,37.75,45.0,1672.0,344.0,838.0,314.0,4.1419,NEAR OCEAN,3,291500.0,294214.25519219646
-119.65,36.32,11.0,1294.0,314.0,713.0,290.0,1.5433,INLAND,2,50400.0,64130.9739655828
-119.82,34.44,16.0,1414.0,463.0,793.0,439.0,3.6034,NEAR OCEAN,3,150000.0,281041.7808908019
-118.12,33.81,36.0,2565.0,458.0,1155.0,443.0,4.6087,<1H OCEAN,4,224600.0,239871.39421056354
-121.96,38.32,12.0,5127.0,998.0,2749.0,976.0,4.0458,INLAND,3,130600.0,145385.3923380053
-119.32,36.19,11.0,3136.0,620.0,2013.0,583.0,3.335,INLAND,3,69700.0,92571.9723161195
-121.99,37.05,19.0,2023.0,392.0,955.0,328.0,5.2486,NEAR OCEAN,4,353000.0,301508.4090111189
-122.03,37.34,16.0,1755.0,410.0,674.0,410.0,5.1602,<1H OCEAN,4,231200.0,314486.4319942847
-117.93,34.05,36.0,1340.0,221.0,848.0,244.0,4.1731,<1H OCEAN,3,205100.0,207966.66901356148
-122.12,37.43,33.0,3262.0,668.0,1411.0,626.0,5.316,NEAR BAY,4,398100.0,306351.45366881124
-117.89,34.12,35.0,1566.0,321.0,1396.0,317.0,4.05,<1H OCEAN,3,141300.0,193431.12006000816
-121.36,38.01,16.0,926.0,230.0,451.0,198.0,4.0221,INLAND,3,173300.0,133997.8460444089
-120.78,38.73,31.0,3117.0,616.0,1606.0,588.0,2.9844,INLAND,2,127900.0,118814.45997675834
-122.26,37.86,52.0,3774.0,744.0,1461.0,679.0,2.9405,NEAR BAY,2,289500.0,233640.7140029084
-121.28,38.02,8.0,1868.0,392.0,1258.0,389.0,3.175,INLAND,3,95900.0,101997.83551432258
-121.76,38.66,17.0,5320.0,984.0,2866.0,928.0,4.1997,INLAND,3,133400.0,157427.86361419017
-118.21,33.82,33.0,1278.0,311.0,1157.0,320.0,3.5054,NEAR OCEAN,3,146800.0,188355.26328325263
-118.31,34.18,11.0,3112.0,890.0,1700.0,851.0,3.1587,<1H OCEAN,3,181300.0,237318.3510546778
-116.87,33.93,32.0,3141.0,812.0,2589.0,721.0,1.4556,INLAND,1,54600.0,64235.29753809329
-119.01,36.08,31.0,1620.0,366.0,1154.0,348.0,1.8857,INLAND,2,55500.0,49944.45266154927
-117.83,33.82,23.0,1100.0,285.0,940.0,267.0,3.6953,<1H OCEAN,3,150000.0,182435.2602055376
-121.42,38.6,35.0,1166.0,193.0,574.0,190.0,2.2452,INLAND,2,102800.0,88619.66941655193
-117.75,34.05,35.0,1293.0,339.0,1494.0,312.0,1.6645,INLAND,2,93300.0,83381.97381591685
-117.32,34.02,17.0,1779.0,292.0,1006.0,293.0,4.6708,INLAND,4,123100.0,149170.3011533205
-117.71,34.04,17.0,4098.0,733.0,1859.0,713.0,2.9811,INLAND,2,231800.0,132349.71138418475
-117.9,33.75,28.0,1346.0,291.0,1575.0,278.0,3.425,<1H OCEAN,3,159500.0,166400.16607631915
-118.18,37.35,16.0,3806.0,794.0,1501.0,714.0,2.1212,INLAND,2,108300.0,97159.6851234076
-119.02,36.06,41.0,2279.0,538.0,1908.0,511.0,1.3952,INLAND,1,43100.0,51276.57611470385
-119.35,36.33,14.0,1195.0,220.0,568.0,229.0,3.1486,INLAND,3,105600.0,99888.85674118862
-117.99,34.04,30.0,4468.0,959.0,4027.0,938.0,3.185,<1H OCEAN,3,168300.0,201755.23678687215
-120.59,34.7,29.0,17738.0,3114.0,12427.0,2826.0,2.7377,NEAR OCEAN,2,28300.0,204782.15367186355
-117.69,33.53,17.0,5041.0,778.0,2396.0,801.0,6.0868,<1H OCEAN,5,282900.0,290545.7663637838
-119.19,34.23,17.0,3889.0,748.0,2415.0,739.0,4.5,NEAR OCEAN,3,234300.0,255455.4423225884
-121.76,38.25,32.0,1495.0,333.0,905.0,281.0,2.625,INLAND,2,212500.0,95505.94594213231
-118.3,34.08,36.0,1276.0,503.0,1502.0,450.0,2.1766,<1H OCEAN,2,205600.0,169569.06333564225
-120.83,37.51,34.0,3078.0,477.0,1226.0,487.0,4.601,INLAND,4,150000.0,182984.70385271317
-121.78,37.66,25.0,1947.0,418.0,900.0,354.0,3.8523,INLAND,3,193000.0,142538.63097944725
-117.86,34.24,52.0,803.0,267.0,628.0,225.0,4.1932,INLAND,3,14999.0,200948.41627334006
-118.02,34.09,24.0,2080.0,514.0,1976.0,478.0,2.6917,INLAND,2,170000.0,144440.13910251352
-117.15,32.92,16.0,1972.0,402.0,1377.0,413.0,4.4615,<1H OCEAN,3,168300.0,169994.67314667068
-122.91,39.05,20.0,1128.0,229.0,621.0,210.0,3.2216,INLAND,3,93500.0,111929.37955269836
-118.67,34.27,15.0,3221.0,659.0,1390.0,607.0,3.5313,<1H OCEAN,3,191800.0,233751.17690577856
-117.98,33.85,23.0,2089.0,377.0,1085.0,362.0,4.765,<1H OCEAN,4,181500.0,221809.1232976616
-118.52,34.22,35.0,1275.0,222.0,959.0,226.0,5.0282,<1H OCEAN,4,195400.0,227705.6090857136
-117.01,32.83,17.0,15401.0,3280.0,7302.0,3176.0,3.3067,<1H OCEAN,3,121900.0,168547.40814206144
-117.25,33.22,26.0,2010.0,347.0,1160.0,331.0,3.9815,<1H OCEAN,3,142600.0,191077.75449119695
-118.25,34.02,50.0,180.0,89.0,356.0,76.0,2.1944,<1H OCEAN,2,158300.0,158089.29936285262
-118.2,33.95,41.0,679.0,184.0,788.0,185.0,2.1406,<1H OCEAN,2,165300.0,126862.77044554403
-118.21,34.04,52.0,846.0,271.0,1153.0,281.0,2.1923,<1H OCEAN,2,155000.0,144965.90860086776
-121.31,38.02,24.0,4157.0,951.0,2734.0,879.0,2.7981,INLAND,2,92100.0,116846.85125722724
-115.57,32.79,50.0,1291.0,277.0,864.0,274.0,1.6667,INLAND,2,68100.0,61169.705300847396
-122.58,38.1,22.0,11872.0,2300.0,5600.0,2200.0,4.6463,NEAR BAY,4,276300.0,277619.581823856
-122.19,37.83,28.0,1326.0,184.0,463.0,190.0,8.2049,NEAR BAY,5,335200.0,417226.2565035444
-117.06,33.02,24.0,830.0,190.0,279.0,196.0,1.9176,<1H OCEAN,2,121100.0,152729.5310848586
-121.19,38.04,35.0,703.0,117.0,290.0,107.0,3.225,INLAND,3,177100.0,126285.19477554748
-118.23,33.8,26.0,239.0,135.0,165.0,112.0,1.3333,NEAR OCEAN,1,187500.0,169360.93818656757
-121.5,38.53,39.0,3184.0,593.0,1188.0,572.0,4.6923,INLAND,4,192000.0,224588.68743613886
-118.25,34.22,30.0,2062.0,396.0,1089.0,375.0,5.5362,<1H OCEAN,4,301200.0,263163.4254801255
-117.64,34.03,10.0,3194.0,579.0,2088.0,549.0,4.1779,INLAND,3,159100.0,159872.83704560358
-122.34,37.56,39.0,3562.0,391.0,1139.0,391.0,12.6417,NEAR OCEAN,5,500001.0,526353.9532042425
-122.31,37.57,37.0,1437.0,305.0,979.0,331.0,4.0,NEAR OCEAN,3,273700.0,267234.72055446147
-121.76,37.23,16.0,4274.0,715.0,2240.0,704.0,5.4218,<1H OCEAN,4,233900.0,278673.2987286468
-122.41,37.8,52.0,812.0,252.0,629.0,247.0,2.5875,NEAR BAY,2,500001.0,256007.82620309867
-118.12,33.83,45.0,1734.0,331.0,797.0,293.0,4.8917,<1H OCEAN,4,222800.0,261329.73227972214
-117.62,34.44,6.0,8884.0,1687.0,3767.0,1334.0,3.599,INLAND,3,140200.0,129068.34834610735
-117.85,33.74,19.0,1248.0,357.0,1214.0,328.0,2.7059,<1H OCEAN,2,159800.0,149071.72483411856
-118.28,34.0,38.0,3335.0,921.0,3612.0,887.0,2.125,<1H OCEAN,2,118800.0,168022.59264626558
-118.46,34.01,48.0,1640.0,322.0,664.0,301.0,4.0,<1H OCEAN,3,500001.0,334906.7843626007
-121.41,38.61,36.0,3099.0,605.0,1322.0,623.0,3.4784,INLAND,3,105500.0,142414.30082871634
-118.25,34.11,43.0,2230.0,583.0,1667.0,543.0,2.8667,<1H OCEAN,2,217800.0,194439.9799086714
-118.28,34.06,52.0,936.0,454.0,990.0,354.0,1.1122,<1H OCEAN,1,187500.0,182838.5159708025
-122.02,37.88,16.0,3031.0,438.0,1087.0,421.0,7.3732,NEAR BAY,5,287300.0,331973.1506047942
-119.1,35.35,5.0,4597.0,1071.0,1916.0,870.0,4.0327,INLAND,3,131000.0,138521.4001912759
-121.47,38.55,29.0,1303.0,308.0,861.0,263.0,1.0208,INLAND,1,55800.0,76776.22421840495
-117.92,34.05,36.0,2241.0,419.0,1743.0,448.0,4.6587,<1H OCEAN,4,161900.0,223829.87857852655
-122.26,37.86,35.0,5161.0,1744.0,3276.0,1742.0,1.6307,NEAR BAY,2,253600.0,171959.93726385795
-118.05,33.9,36.0,1047.0,227.0,975.0,239.0,3.1897,<1H OCEAN,3,155000.0,158683.68025884684
-121.88,37.67,16.0,4070.0,624.0,1543.0,577.0,6.5214,INLAND,5,311500.0,272113.849983624
-120.98,39.93,25.0,2220.0,511.0,912.0,449.0,1.8914,INLAND,2,87800.0,87544.54254908295
-123.79,39.44,36.0,1330.0,273.0,761.0,286.0,2.7813,<1H OCEAN,2,105800.0,119512.85183784728
-117.95,33.92,13.0,2312.0,592.0,2038.0,559.0,3.1378,<1H OCEAN,3,137000.0,171126.11653161157
-118.02,34.05,34.0,1610.0,513.0,2050.0,508.0,2.5562,<1H OCEAN,2,156300.0,166909.30373893472
-118.2,33.99,35.0,1608.0,465.0,2140.0,488.0,3.1979,<1H OCEAN,3,154700.0,166923.83452234263
-120.87,38.71,13.0,2692.0,470.0,1302.0,420.0,4.0,INLAND,3,167400.0,137377.42644221277
-122.48,37.79,52.0,4683.0,1055.0,2246.0,975.0,4.1148,NEAR BAY,3,457800.0,403427.42369662493
-118.4,33.87,38.0,2398.0,431.0,911.0,392.0,5.2319,<1H OCEAN,4,500001.0,378544.06565063226
-119.84,36.81,18.0,2789.0,378.0,937.0,364.0,7.7062,INLAND,5,188300.0,296727.938208551
-118.33,34.08,50.0,2989.0,832.0,1345.0,775.0,3.2426,<1H OCEAN,3,442900.0,301592.6181028908
-118.54,34.26,23.0,4960.0,592.0,1929.0,586.0,10.9052,<1H OCEAN,5,500001.0,443495.99292983365
-118.4,34.06,52.0,2501.0,362.0,748.0,349.0,6.6343,<1H OCEAN,5,500001.0,458285.4769731862
-122.02,36.98,21.0,1484.0,394.0,984.0,380.0,2.1734,NEAR OCEAN,2,187500.0,193678.92696706328
-119.28,36.54,33.0,1470.0,330.0,1222.0,301.0,1.8163,INLAND,2,57400.0,46932.96200414141
-122.17,37.43,24.0,3924.0,1142.0,7174.0,950.0,4.0972,NEAR OCEAN,3,387500.0,274102.3157768776
-117.69,33.54,20.0,1767.0,280.0,801.0,284.0,6.5394,<1H OCEAN,5,272000.0,313908.92096088995
-117.07,32.77,38.0,1130.0,228.0,699.0,241.0,2.65,NEAR OCEAN,2,167600.0,129210.69886434978
-118.03,34.01,10.0,6531.0,1036.0,2975.0,1018.0,6.2319,<1H OCEAN,5,403700.0,293702.50566036504
-118.21,34.07,47.0,1346.0,383.0,1452.0,371.0,1.7292,<1H OCEAN,2,191700.0,149036.9154490962
-117.62,33.42,23.0,2656.0,515.0,998.0,435.0,4.0294,NEAR OCEAN,3,500001.0,262978.8323927314
-117.93,34.08,36.0,1371.0,246.0,806.0,241.0,4.5078,<1H OCEAN,4,187100.0,213459.71227299198
-121.69,38.16,33.0,1808.0,363.0,824.0,340.0,3.2937,INLAND,3,96400.0,124558.6956878678
-119.82,37.57,13.0,1713.0,340.0,643.0,241.0,2.662,INLAND,2,92400.0,113002.01131152322
-119.18,34.21,46.0,2062.0,484.0,1522.0,469.0,3.087,NEAR OCEAN,3,213900.0,208286.25854453302
-117.41,34.23,17.0,889.0,131.0,439.0,141.0,6.1426,INLAND,5,155000.0,197770.03965795715
-117.9,34.13,37.0,1801.0,422.0,1564.0,425.0,3.1597,<1H OCEAN,3,133000.0,183243.22891255855
-118.27,34.05,12.0,535.0,328.0,1194.0,365.0,1.2012,<1H OCEAN,1,275000.0,151678.30614792035
-118.03,33.97,32.0,2468.0,552.0,1190.0,479.0,3.8275,<1H OCEAN,3,238500.0,219081.45428827248
-121.26,37.88,42.0,465.0,93.0,256.0,93.0,3.1719,INLAND,3,158300.0,124004.35382643553
-124.17,40.79,43.0,2285.0,479.0,1169.0,482.0,1.9688,NEAR OCEAN,2,70500.0,76921.1574045225
-117.82,33.79,26.0,2641.0,633.0,3657.0,617.0,4.1339,<1H OCEAN,3,222300.0,190177.22735272214
-122.03,37.36,28.0,2490.0,345.0,948.0,361.0,6.4913,<1H OCEAN,5,411900.0,384935.61467176257
-118.37,34.19,19.0,2890.0,821.0,2203.0,705.0,2.6696,<1H OCEAN,2,185100.0,200245.88988507143
-118.13,33.79,29.0,2937.0,524.0,1132.0,528.0,4.6133,NEAR OCEAN,4,500001.0,279369.11740944505
-117.08,32.63,33.0,2891.0,793.0,1607.0,754.0,2.1281,NEAR OCEAN,2,139800.0,159459.6994830601
-120.65,35.12,19.0,2949.0,662.0,1425.0,548.0,2.9615,<1H OCEAN,2,178100.0,210213.00781598655
-122.71,38.46,41.0,1974.0,482.0,965.0,458.0,2.905,<1H OCEAN,2,159300.0,191141.3142876143
-118.24,33.98,45.0,972.0,249.0,1288.0,261.0,2.2054,<1H OCEAN,2,125000.0,116179.28706240238
-117.19,32.84,30.0,2492.0,406.0,1250.0,431.0,5.5277,NEAR OCEAN,4,197100.0,281450.719034828
-117.31,34.11,38.0,1208.0,321.0,1225.0,317.0,1.4663,INLAND,1,64000.0,73157.93288946926
-118.13,33.87,20.0,3638.0,868.0,2326.0,822.0,3.3304,<1H OCEAN,3,194600.0,199370.47246494284
-121.0,39.09,7.0,439.0,84.0,246.0,80.0,3.0781,INLAND,3,162500.0,123420.1385664506
-119.01,35.37,45.0,629.0,143.0,568.0,139.0,1.7321,INLAND,2,84400.0,59838.32104519986
-121.59,39.15,5.0,1922.0,489.0,938.0,439.0,2.0474,INLAND,2,61300.0,97341.48596896333
-122.29,37.53,41.0,839.0,190.0,419.0,215.0,5.012,NEAR OCEAN,4,368200.0,321302.9372428134
-117.21,33.82,2.0,4198.0,805.0,1943.0,673.0,3.9052,INLAND,3,122100.0,139244.51832339587
-120.84,37.49,25.0,2383.0,576.0,1234.0,583.0,1.4529,INLAND,1,86100.0,101758.58739123786
-122.08,37.7,25.0,3402.0,758.0,1645.0,710.0,3.4934,NEAR BAY,3,209900.0,230604.58421261032
-118.05,33.95,33.0,1954.0,390.0,1600.0,376.0,3.6125,<1H OCEAN,3,170800.0,174838.18874142633
-120.67,35.5,15.0,2752.0,546.0,1422.0,545.0,3.2813,<1H OCEAN,3,175000.0,211299.39328523207
-117.13,32.72,17.0,1285.0,423.0,1208.0,409.0,1.758,NEAR OCEAN,2,126600.0,105749.21937137724
-118.43,34.18,31.0,2417.0,510.0,1102.0,507.0,3.8906,<1H OCEAN,3,282200.0,263636.4860513244
-119.14,34.15,25.0,2202.0,390.0,1415.0,412.0,4.43,NEAR OCEAN,3,207700.0,304426.2590028399
-122.71,38.35,11.0,2242.0,699.0,1203.0,642.0,2.3464,<1H OCEAN,2,104200.0,182373.9255869505
-119.26,34.27,42.0,918.0,204.0,394.0,204.0,4.0069,NEAR OCEAN,3,214300.0,256450.21135532958
-119.83,36.78,30.0,3162.0,640.0,1660.0,639.0,2.8359,INLAND,2,80300.0,94766.01720789305
-120.61,35.06,13.0,2364.0,421.0,1257.0,380.0,4.6167,<1H OCEAN,4,273100.0,220449.7428039139
-121.99,37.37,27.0,1797.0,538.0,1610.0,531.0,4.2422,<1H OCEAN,3,237500.0,240356.09286396104
-121.0,37.63,31.0,215.0,62.0,192.0,66.0,1.75,INLAND,2,73800.0,96966.55898413528
-121.8,37.26,18.0,3631.0,947.0,2357.0,757.0,2.875,<1H OCEAN,2,184400.0,213403.25309977183
-118.35,34.08,52.0,2088.0,388.0,908.0,375.0,3.8141,<1H OCEAN,3,342000.0,279451.1117336165
-117.03,32.74,35.0,1878.0,454.0,991.0,409.0,2.4345,NEAR OCEAN,2,129700.0,146594.26585644475
-121.81,37.27,20.0,3244.0,520.0,1769.0,469.0,5.9214,<1H OCEAN,4,224000.0,290437.157943445
-121.61,38.38,37.0,1365.0,276.0,952.0,268.0,4.037,INLAND,3,156900.0,115535.40946303205
-120.13,34.63,11.0,2137.0,339.0,916.0,338.0,5.5221,NEAR OCEAN,4,394900.0,269805.91583320085
-117.07,33.15,17.0,1893.0,297.0,936.0,287.0,5.1842,<1H OCEAN,4,157700.0,213552.95385429918
-124.02,40.72,28.0,3513.0,634.0,1658.0,598.0,3.8095,<1H OCEAN,3,119900.0,144197.29767860967
-118.38,33.87,27.0,2287.0,491.0,1101.0,466.0,4.675,<1H OCEAN,4,316900.0,327315.34273202956
-118.14,33.79,45.0,1519.0,263.0,681.0,267.0,4.6452,NEAR OCEAN,4,212500.0,280578.097754516
-124.17,40.78,39.0,1606.0,330.0,731.0,327.0,1.6369,NEAR OCEAN,2,68300.0,77362.3680477715
-116.99,32.79,33.0,2420.0,393.0,1003.0,397.0,4.0658,<1H OCEAN,3,165100.0,180374.08850436157
-118.27,33.95,35.0,2073.0,494.0,1753.0,490.0,1.5,<1H OCEAN,1,93600.0,126689.02070766635
-121.32,37.97,43.0,2453.0,490.0,1093.0,438.0,2.9107,INLAND,2,88800.0,118583.12196592505
-122.12,37.67,33.0,3429.0,681.0,1798.0,694.0,3.9395,NEAR BAY,3,184700.0,220520.24903837088
-122.28,37.89,52.0,1225.0,169.0,412.0,168.0,5.7912,NEAR BAY,4,327100.0,334454.4558589937
-117.71,34.08,29.0,1276.0,283.0,1216.0,316.0,2.5972,INLAND,2,134300.0,103321.17936340393
-119.66,34.43,27.0,5509.0,1059.0,2591.0,979.0,3.8456,<1H OCEAN,3,500001.0,263715.51857727906
-121.36,38.04,4.0,2477.0,359.0,1234.0,377.0,5.5427,INLAND,4,162100.0,185191.93628093402
-122.04,37.24,24.0,1521.0,209.0,539.0,192.0,11.1557,<1H OCEAN,5,500001.0,465855.28106900794
-121.96,36.98,16.0,4907.0,1117.0,2265.0,1048.0,2.6757,NEAR OCEAN,2,229200.0,231455.05391233513
-120.67,36.72,18.0,819.0,198.0,996.0,198.0,2.5,INLAND,2,112500.0,82753.02363049565
-118.35,33.85,34.0,1770.0,291.0,916.0,289.0,5.0,<1H OCEAN,4,354200.0,241417.27625411336
-122.24,37.48,45.0,4126.0,696.0,1722.0,668.0,4.8966,NEAR OCEAN,4,362100.0,331567.69701908407
-121.49,37.94,31.0,1860.0,394.0,1848.0,293.0,2.2891,INLAND,2,162500.0,76532.62074547473
-118.25,34.01,43.0,1575.0,475.0,1980.0,469.0,1.7425,<1H OCEAN,2,100500.0,141517.51657600253
-115.52,32.67,6.0,2804.0,581.0,2807.0,594.0,2.0625,INLAND,2,67700.0,51641.56251722677
-119.84,36.75,34.0,1186.0,300.0,774.0,271.0,1.575,INLAND,2,57100.0,64000.05947669812
-117.55,33.89,25.0,2999.0,439.0,1396.0,458.0,5.6973,INLAND,4,164800.0,204684.08396340135
-118.24,34.12,41.0,1213.0,301.0,801.0,300.0,3.1806,<1H OCEAN,3,204200.0,194491.28024040512
-122.08,37.39,39.0,2210.0,483.0,1023.0,450.0,4.5833,NEAR BAY,4,342400.0,298715.77650957013
-118.15,33.97,32.0,927.0,250.0,970.0,248.0,2.1591,<1H OCEAN,2,181500.0,127931.79377054477
-118.44,34.15,38.0,1387.0,337.0,713.0,343.0,2.9352,<1H OCEAN,2,304500.0,274477.946247503
-121.99,37.4,35.0,1845.0,325.0,1343.0,317.0,5.3912,<1H OCEAN,4,235300.0,265469.6528173035
-117.68,35.63,18.0,4334.0,641.0,1777.0,661.0,6.0653,INLAND,5,105300.0,183412.41079941357
-117.22,32.73,38.0,3966.0,768.0,1640.0,729.0,3.8409,NEAR OCEAN,3,291400.0,246749.99882250835
-122.13,37.46,35.0,1321.0,300.0,1133.0,287.0,3.7312,NEAR BAY,3,159600.0,211861.08821162497
-117.09,32.72,33.0,1096.0,240.0,716.0,224.0,1.6944,NEAR OCEAN,2,111800.0,106117.67822353015
-121.33,38.0,14.0,3731.0,772.0,1679.0,750.0,3.1369,INLAND,3,119600.0,136927.38962339092
-120.52,35.06,11.0,1317.0,234.0,655.0,243.0,4.3611,<1H OCEAN,3,329700.0,214893.03561481152
-122.18,37.78,43.0,1985.0,440.0,1085.0,407.0,3.4205,NEAR BAY,3,136700.0,201532.43137808228
-121.88,38.03,52.0,1225.0,250.0,725.0,231.0,2.0,INLAND,2,101400.0,76631.02030895326
-120.98,37.68,18.0,4197.0,1006.0,2203.0,874.0,2.166,INLAND,2,118600.0,110971.42193331878
-122.26,38.1,30.0,3317.0,1058.0,1794.0,990.0,1.1835,NEAR BAY,1,133300.0,167597.67600660276
-119.09,36.42,17.0,877.0,219.0,966.0,218.0,2.0,INLAND,2,52500.0,50083.920799906315
-121.84,37.25,25.0,5939.0,989.0,3275.0,954.0,5.6488,<1H OCEAN,4,234600.0,282544.2447349917
-122.29,37.81,49.0,844.0,204.0,560.0,152.0,1.75,NEAR BAY,2,75000.0,143212.10010089213
-117.95,34.0,34.0,2376.0,468.0,1858.0,449.0,4.1328,<1H OCEAN,3,176300.0,209190.42771549226
-122.28,37.9,52.0,2261.0,328.0,819.0,335.0,4.9083,NEAR BAY,4,346800.0,283059.2533081404
-118.5,34.52,3.0,6577.0,1056.0,3032.0,1004.0,5.9263,INLAND,4,251800.0,228406.86205170274
-119.81,36.76,51.0,2419.0,486.0,1284.0,426.0,2.2029,INLAND,2,54200.0,63415.327584136416
-119.83,36.72,28.0,60.0,10.0,46.0,13.0,4.35,INLAND,3,67500.0,136709.05382584315
-117.69,34.08,30.0,4255.0,773.0,2129.0,730.0,4.5185,INLAND,4,142500.0,182473.15944012982
-121.31,38.01,22.0,2101.0,514.0,1304.0,511.0,2.8348,INLAND,2,101600.0,103117.31337989376
-118.09,33.83,36.0,2734.0,448.0,1308.0,441.0,5.9265,<1H OCEAN,4,227300.0,323996.18040323793
-122.48,37.78,52.0,3047.0,641.0,1427.0,620.0,3.4883,NEAR BAY,3,337200.0,356259.37840090017
-122.51,38.06,24.0,9493.0,1935.0,5162.0,1880.0,3.0742,NEAR BAY,3,118800.0,235847.59216295567
-122.38,39.68,21.0,1155.0,210.0,510.0,175.0,2.3851,INLAND,2,67500.0,87461.44476965543
-117.97,33.93,31.0,1975.0,373.0,918.0,347.0,4.4107,<1H OCEAN,3,202000.0,206809.01971397165
-117.09,32.7,22.0,2409.0,582.0,1887.0,578.0,1.4089,NEAR OCEAN,1,94200.0,107405.94564642692
-121.43,38.69,28.0,927.0,165.0,542.0,148.0,2.5,INLAND,2,96200.0,95699.82715413459
-122.45,37.72,51.0,2690.0,554.0,1795.0,539.0,3.6581,NEAR BAY,3,225000.0,272440.76239427365
-117.87,34.07,21.0,4723.0,882.0,2210.0,768.0,3.8167,<1H OCEAN,3,258700.0,232605.73961202492
-116.42,33.51,26.0,186.0,48.0,102.0,39.0,2.5625,INLAND,2,103100.0,101658.50978013607
-118.2,34.05,40.0,1082.0,318.0,1085.0,273.0,1.7054,<1H OCEAN,2,117200.0,151031.6182722211
-117.27,33.93,2.0,337.0,55.0,115.0,49.0,3.1042,INLAND,3,164800.0,121830.03440364338
-117.04,32.75,36.0,2297.0,418.0,1070.0,392.0,3.5192,NEAR OCEAN,3,144000.0,166386.05364775087
-118.08,34.13,35.0,1897.0,279.0,733.0,291.0,7.4185,INLAND,5,500001.0,411784.5461374297
-120.99,39.13,14.0,770.0,116.0,285.0,116.0,3.6434,INLAND,3,155400.0,135973.44766340678
-117.46,33.93,16.0,4112.0,880.0,2821.0,857.0,3.0122,INLAND,3,114700.0,112738.6585829993
-118.18,34.05,41.0,762.0,147.0,817.0,176.0,3.75,<1H OCEAN,3,123100.0,206683.96782125827
-120.38,34.96,9.0,2813.0,492.0,1144.0,490.0,4.0431,<1H OCEAN,3,226800.0,235840.10825551648
-121.19,39.05,14.0,1131.0,193.0,520.0,178.0,3.9,INLAND,3,180400.0,133757.70219240012
-118.13,34.18,52.0,3094.0,519.0,1309.0,488.0,6.4223,INLAND,5,310900.0,386818.999346155
-118.04,33.96,42.0,1430.0,338.0,1269.0,321.0,3.3214,<1H OCEAN,3,148800.0,159639.28337151505
-119.77,36.81,25.0,1565.0,271.0,661.0,275.0,3.4279,INLAND,3,84700.0,109643.42397173191
-118.92,35.26,20.0,3815.0,924.0,3450.0,920.0,2.0174,INLAND,2,63700.0,74800.84356925408
-117.99,34.16,40.0,3838.0,696.0,1851.0,674.0,4.2407,INLAND,3,262000.0,211597.90683482087
-118.39,33.89,40.0,826.0,143.0,389.0,147.0,7.1845,<1H OCEAN,5,438100.0,443975.35942174145
-118.14,33.94,35.0,2987.0,601.0,1561.0,606.0,4.0039,<1H OCEAN,3,226500.0,211701.3387869642
-116.96,33.74,19.0,3649.0,755.0,1717.0,696.0,2.2115,INLAND,2,87600.0,97223.17663134265
-118.38,33.88,27.0,3039.0,606.0,1421.0,564.0,5.5771,<1H OCEAN,4,345500.0,358219.8088038095
-118.21,34.65,17.0,4001.0,814.0,2313.0,756.0,3.0441,INLAND,3,140100.0,114720.01080375655
-118.41,34.03,24.0,3711.0,1192.0,1764.0,1147.0,3.1642,<1H OCEAN,3,366700.0,312533.9504519378
-117.1,32.76,52.0,2606.0,426.0,883.0,380.0,4.2813,NEAR OCEAN,3,270800.0,246229.48872851167
-117.89,34.12,35.0,1470.0,241.0,885.0,246.0,4.9239,<1H OCEAN,4,168800.0,228691.31326093266
-119.72,34.44,43.0,1781.0,342.0,663.0,358.0,4.7,<1H OCEAN,4,293800.0,306768.8404523841
-121.81,37.25,25.0,4096.0,623.0,2128.0,618.0,6.2957,<1H OCEAN,5,251800.0,302800.55511090904
-121.84,39.74,43.0,2976.0,599.0,1181.0,560.0,2.2621,INLAND,2,85100.0,97419.30753522195
-122.89,38.38,16.0,2017.0,369.0,931.0,336.0,5.7664,<1H OCEAN,4,267500.0,269937.0241643937
-118.43,34.26,30.0,1246.0,373.0,1990.0,369.0,3.5104,<1H OCEAN,3,140900.0,197570.19666955684
-118.15,33.96,33.0,2418.0,485.0,1397.0,477.0,3.1083,<1H OCEAN,3,285500.0,170988.64078239002
-122.95,38.73,37.0,1548.0,328.0,863.0,287.0,2.9792,<1H OCEAN,2,151300.0,139741.19583018144
-122.42,37.79,52.0,2737.0,1241.0,1761.0,1029.0,1.8068,NEAR BAY,2,225000.0,330514.8058682426
-119.01,35.4,11.0,8739.0,2190.0,4781.0,1919.0,1.7109,INLAND,2,44600.0,78769.36477067882
-118.32,34.1,28.0,1759.0,716.0,1463.0,620.0,1.7306,<1H OCEAN,2,450000.0,225224.46973833148
-121.3,38.12,11.0,1792.0,252.0,767.0,263.0,7.6889,INLAND,5,229300.0,301647.1256920074
-119.73,36.73,7.0,2461.0,647.0,1587.0,551.0,1.4007,INLAND,1,225000.0,64811.48706875851
-118.35,34.04,45.0,1839.0,459.0,1312.0,460.0,2.5625,<1H OCEAN,2,138000.0,189670.8688016238
-119.19,36.34,33.0,2199.0,403.0,1245.0,394.0,2.73,INLAND,2,96900.0,80939.80689011519
-119.29,34.37,41.0,1408.0,311.0,793.0,264.0,2.5441,NEAR OCEAN,2,161200.0,194952.82154076875
-121.04,39.19,17.0,856.0,167.0,518.0,170.0,3.5859,INLAND,3,144300.0,131821.67570516872
-118.49,34.02,28.0,1394.0,582.0,716.0,543.0,1.5132,<1H OCEAN,2,450000.0,259569.71942066238
-122.23,37.79,48.0,1696.0,396.0,1481.0,343.0,2.0375,NEAR BAY,2,122500.0,130835.49830454745
-117.8,34.15,14.0,7876.0,1253.0,3699.0,1162.0,5.5423,INLAND,4,248700.0,220701.6493641381
-122.29,38.28,38.0,2308.0,425.0,1272.0,406.0,3.6083,NEAR BAY,3,134200.0,171851.3763310824
-117.69,33.59,13.0,3320.0,426.0,1432.0,431.0,7.9283,<1H OCEAN,5,348100.0,383426.9849104925
-121.02,40.51,17.0,890.0,167.0,406.0,154.0,3.3036,INLAND,3,78300.0,113046.22472238976
-117.38,34.13,23.0,1326.0,300.0,722.0,263.0,2.1856,INLAND,2,107800.0,91620.73014932961
-118.19,34.04,34.0,1011.0,274.0,1164.0,262.0,2.8542,<1H OCEAN,2,146900.0,158714.79432841786
-120.86,35.39,23.0,1664.0,355.0,629.0,279.0,2.7344,NEAR OCEAN,2,188300.0,229280.97697066615
-117.38,33.19,17.0,353.0,112.0,359.0,118.0,1.5625,NEAR OCEAN,2,162500.0,162347.74908234508
-115.52,32.98,32.0,1615.0,382.0,1307.0,345.0,1.4583,INLAND,1,58600.0,51722.712942063285
-121.87,37.35,52.0,1557.0,424.0,1580.0,434.0,2.3277,<1H OCEAN,2,183700.0,174362.77450367264
-122.36,37.72,10.0,479.0,125.0,355.0,108.0,2.7083,NEAR BAY,2,180400.0,184376.25887862354
-117.12,32.77,48.0,2012.0,422.0,893.0,394.0,2.7928,NEAR OCEAN,2,175000.0,171673.11476465632
-117.08,33.03,18.0,1339.0,284.0,761.0,290.0,5.3074,<1H OCEAN,4,137200.0,228412.15203116633
-122.34,37.97,19.0,392.0,109.0,287.0,81.0,6.0426,NEAR BAY,5,110000.0,256422.22175781342
-116.97,32.65,4.0,16450.0,2833.0,7985.0,2683.0,5.6631,NEAR OCEAN,4,233400.0,221534.36505394022
-121.2,39.2,16.0,1039.0,182.0,554.0,184.0,2.9688,INLAND,2,128300.0,112632.88746697291
-118.25,34.05,52.0,2806.0,1944.0,2232.0,1605.0,0.6775,<1H OCEAN,1,350000.0,234173.32607464134
-122.11,37.69,37.0,2444.0,651.0,1562.0,618.0,2.6464,NEAR BAY,2,155200.0,178979.49538795953
-121.76,37.7,9.0,3980.0,736.0,1705.0,679.0,5.7068,INLAND,4,256700.0,228235.2930189541
-121.47,38.56,52.0,1532.0,408.0,782.0,369.0,1.8911,INLAND,2,85900.0,97283.66748236777
-116.97,33.93,29.0,2793.0,722.0,1583.0,626.0,1.424,INLAND,1,73200.0,91449.61908560181
-117.25,32.8,32.0,1601.0,468.0,731.0,429.0,2.5568,NEAR OCEAN,2,258300.0,229474.46779122943
-115.9,33.34,19.0,1210.0,248.0,329.0,155.0,1.7857,INLAND,2,62800.0,80916.57766279946
-118.07,33.72,24.0,1240.0,296.0,513.0,254.0,4.9044,NEAR OCEAN,4,485000.0,276919.08040834405
-118.25,34.03,52.0,1274.0,418.0,1655.0,368.0,2.1905,<1H OCEAN,2,124000.0,148410.85464309374
-116.96,32.87,17.0,4713.0,740.0,2531.0,723.0,4.8286,<1H OCEAN,4,158500.0,189037.96714708398
-118.28,33.97,38.0,1819.0,497.0,2110.0,499.0,1.6027,<1H OCEAN,2,97300.0,124377.64769831464
-118.11,33.91,29.0,889.0,166.0,597.0,163.0,4.9609,<1H OCEAN,4,186700.0,222194.3458665721
-121.99,37.29,32.0,2930.0,481.0,1336.0,481.0,6.4631,<1H OCEAN,5,344100.0,375555.6456791508
-117.14,32.93,12.0,1474.0,364.0,1009.0,372.0,4.0521,<1H OCEAN,3,166700.0,158227.44420704327
-120.55,38.43,18.0,1564.0,357.0,618.0,277.0,2.3549,INLAND,2,108900.0,105903.76617603327
-117.87,33.6,34.0,3415.0,779.0,1275.0,718.0,4.498,<1H OCEAN,3,482900.0,322513.48782936676
-118.16,34.6,2.0,11008.0,1549.0,4098.0,1367.0,6.4865,INLAND,5,204400.0,273689.0281417195
-118.36,33.88,26.0,1375.0,286.0,829.0,278.0,3.9844,<1H OCEAN,3,230700.0,235218.6488721797
-121.26,37.93,33.0,2109.0,531.0,2248.0,588.0,1.4583,INLAND,1,53000.0,72475.61751634137
-117.34,33.15,19.0,5710.0,1423.0,4163.0,1406.0,3.0306,NEAR OCEAN,3,178500.0,202503.86839084193
-121.81,36.57,13.0,3030.0,413.0,1027.0,363.0,6.9615,<1H OCEAN,5,500001.0,345484.43456135987
-122.49,37.85,38.0,240.0,29.0,63.0,34.0,12.2547,NEAR BAY,5,500001.0,480427.6467487498
-119.31,36.33,46.0,1636.0,338.0,772.0,332.0,2.425,INLAND,2,84900.0,90280.55735807144
-118.43,34.01,31.0,2526.0,528.0,1046.0,504.0,4.7009,<1H OCEAN,4,500001.0,349187.78928149596
-121.87,37.39,16.0,2655.0,487.0,1862.0,448.0,6.057,<1H OCEAN,5,246800.0,288769.3349534985
-118.19,33.78,29.0,1170.0,369.0,1398.0,373.0,2.2543,NEAR OCEAN,2,156300.0,149480.56602036546
-118.31,34.04,52.0,1277.0,285.0,954.0,334.0,2.5833,<1H OCEAN,2,234600.0,187184.493894473
-123.21,40.51,16.0,241.0,84.0,152.0,61.0,1.375,INLAND,1,48800.0,51666.62112739523
-118.31,33.94,40.0,1323.0,243.0,684.0,229.0,3.2206,<1H OCEAN,3,145800.0,201958.8404669081
-119.8,34.43,27.0,3143.0,537.0,1760.0,570.0,4.6957,NEAR OCEAN,4,271500.0,266802.00390759436
-118.39,34.08,27.0,6605.0,1710.0,2665.0,1520.0,3.8088,<1H OCEAN,3,500001.0,326594.54266884446
-117.09,34.22,16.0,1347.0,327.0,271.0,91.0,4.0,INLAND,3,87500.0,123767.0492634948
-119.76,36.74,52.0,2137.0,448.0,1194.0,444.0,1.3029,INLAND,1,69100.0,64136.520959539754
-117.71,34.07,24.0,1948.0,362.0,1286.0,364.0,3.6,INLAND,3,139300.0,137732.65020522592
-122.25,37.81,28.0,5806.0,1603.0,2563.0,1497.0,3.2177,NEAR BAY,3,273400.0,231370.35570285755
-116.94,32.75,4.0,14934.0,2479.0,6945.0,2418.0,5.1221,<1H OCEAN,4,229700.0,217636.33810286198
-122.18,40.02,30.0,1952.0,397.0,961.0,333.0,2.25,INLAND,2,68200.0,73521.86237884041
-120.97,37.69,15.0,4065.0,841.0,1986.0,680.0,3.072,INLAND,3,114300.0,130682.65922176425
-115.59,32.79,8.0,2183.0,307.0,1000.0,287.0,6.3814,INLAND,5,159900.0,238820.78531605104
-117.25,34.16,37.0,1709.0,278.0,744.0,274.0,3.7188,INLAND,3,116600.0,137619.2422297995
-121.83,37.38,15.0,4430.0,992.0,3278.0,1018.0,4.5533,<1H OCEAN,4,209900.0,252987.14914090102
-122.39,40.58,44.0,1625.0,392.0,944.0,347.0,1.5972,INLAND,2,68900.0,65386.36525451117
-118.15,34.71,36.0,1338.0,250.0,709.0,250.0,3.5625,INLAND,3,101400.0,109635.666651312
-117.99,33.94,34.0,1519.0,301.0,758.0,304.0,4.3125,<1H OCEAN,3,214000.0,202762.43536603314
-121.77,37.33,8.0,3088.0,474.0,1799.0,456.0,7.2707,<1H OCEAN,5,355300.0,344715.308759175
-118.23,33.91,34.0,789.0,200.0,1041.0,191.0,3.119,<1H OCEAN,3,90300.0,149385.24524836338
-118.43,34.25,32.0,2433.0,553.0,2318.0,532.0,3.6384,<1H OCEAN,3,159300.0,217227.96939553082
-115.56,32.8,25.0,1311.0,375.0,1193.0,351.0,2.1979,INLAND,2,63900.0,57441.30883836126
-122.29,37.89,52.0,3171.0,698.0,1498.0,696.0,3.1795,NEAR BAY,3,218200.0,234217.06730346434
-121.95,37.94,27.0,1469.0,216.0,578.0,219.0,5.9346,INLAND,4,253600.0,241086.95083628848
-118.28,33.94,9.0,456.0,130.0,438.0,114.0,0.8952,<1H OCEAN,1,81300.0,135690.71200336382
-117.14,32.79,35.0,3578.0,582.0,1568.0,553.0,4.7813,NEAR OCEAN,4,188600.0,199913.90005769115
-121.62,36.74,30.0,1337.0,253.0,838.0,247.0,5.0374,<1H OCEAN,4,165400.0,248539.47830328104
-122.04,37.96,16.0,2913.0,723.0,1705.0,693.0,2.9097,NEAR BAY,2,106300.0,158715.2332974199
-118.32,33.89,45.0,1928.0,453.0,1323.0,458.0,4.2813,<1H OCEAN,3,210100.0,245692.70175402434
-118.41,34.29,35.0,1008.0,204.0,1162.0,215.0,3.35,<1H OCEAN,3,147600.0,189065.43648106564
-119.82,34.43,15.0,1482.0,345.0,669.0,379.0,3.0773,NEAR OCEAN,3,112500.0,236684.16430046374
-122.16,37.71,36.0,666.0,132.0,366.0,134.0,3.4643,NEAR BAY,3,175000.0,200116.38040364243
-122.08,37.63,37.0,1793.0,364.0,1534.0,346.0,3.6458,NEAR BAY,3,156600.0,191381.53534480123
-118.21,33.92,35.0,1669.0,445.0,1870.0,412.0,3.0417,<1H OCEAN,3,117300.0,157463.77650536475
-118.29,34.05,31.0,2818.0,1252.0,4126.0,1200.0,2.053,<1H OCEAN,2,229200.0,198270.34483516557
-117.97,33.77,25.0,1295.0,417.0,856.0,342.0,2.7157,<1H OCEAN,2,350000.0,179878.28905117867
-122.27,37.82,21.0,896.0,453.0,735.0,438.0,0.9218,NEAR BAY,1,171900.0,173136.7645519501
-119.06,34.36,52.0,1409.0,359.0,981.0,304.0,2.7951,<1H OCEAN,2,199300.0,202088.17584938748
-121.51,38.51,31.0,1595.0,217.0,542.0,236.0,6.6112,INLAND,5,251600.0,326615.60191228177
-118.36,34.1,37.0,7097.0,2010.0,2913.0,1939.0,2.875,<1H OCEAN,2,300000.0,247220.52267551157
-118.28,34.05,41.0,1788.0,774.0,2931.0,702.0,1.4413,<1H OCEAN,1,158900.0,164918.17421453632
-122.05,37.68,23.0,7518.0,1279.0,3827.0,1294.0,5.1701,NEAR BAY,4,216800.0,261531.84646079378
-122.26,37.98,28.0,2038.0,329.0,947.0,349.0,5.1178,NEAR BAY,4,198000.0,220757.94416052822
-122.43,37.75,40.0,4850.0,977.0,1824.0,952.0,5.0519,NEAR BAY,4,356100.0,360804.95418563916
-118.01,33.82,10.0,3897.0,893.0,1992.0,693.0,4.1591,<1H OCEAN,3,192300.0,216467.20277308315
-118.39,34.02,45.0,1577.0,421.0,1042.0,375.0,3.4375,<1H OCEAN,3,314500.0,287793.58601577574
-115.73,33.36,19.0,749.0,238.0,476.0,169.0,1.7727,INLAND,2,50000.0,68364.70875457209
-117.21,32.83,35.0,2259.0,501.0,1340.0,511.0,3.4482,NEAR OCEAN,3,162500.0,198067.53688752654
-122.1,37.68,31.0,1892.0,428.0,1162.0,389.0,3.125,NEAR BAY,3,167100.0,183742.68248781608
-121.36,38.03,14.0,2356.0,438.0,1378.0,481.0,3.7375,INLAND,3,138800.0,120696.53246729085
-118.08,34.01,36.0,1248.0,322.0,1282.0,326.0,3.2031,<1H OCEAN,3,147600.0,177536.25669352495
-122.04,37.6,17.0,3314.0,638.0,1873.0,602.0,4.3875,NEAR BAY,3,238500.0,229301.7356038119
-120.98,37.64,45.0,1913.0,335.0,839.0,333.0,3.1397,INLAND,3,110700.0,118492.14252045973
-118.9,34.18,14.0,2627.0,328.0,1121.0,328.0,7.0504,<1H OCEAN,5,333800.0,347687.59137762367
-122.29,37.88,46.0,1895.0,442.0,920.0,425.0,2.9926,NEAR BAY,2,192100.0,203046.81752376977
-118.27,34.46,10.0,2184.0,405.0,1119.0,370.0,4.7437,INLAND,4,294000.0,170477.31875318877
-118.18,33.97,26.0,6895.0,1877.0,8551.0,1808.0,2.3175,<1H OCEAN,2,154500.0,163093.02544863967
-118.43,34.25,38.0,921.0,239.0,1023.0,241.0,3.4514,<1H OCEAN,3,151900.0,188633.3814284012
-122.2,37.46,40.0,1723.0,208.0,976.0,209.0,9.8892,NEAR OCEAN,5,500001.0,493528.82975465566
-122.46,37.65,21.0,2751.0,502.0,2027.0,491.0,5.2573,NEAR OCEAN,4,322900.0,288506.2602709157
-119.2,34.18,22.0,6465.0,1397.0,2694.0,1370.0,2.9832,NEAR OCEAN,2,165600.0,249242.56824216092
-121.38,36.84,17.0,2625.0,512.0,1487.0,481.0,3.6354,INLAND,3,221200.0,130100.98937358058
-118.08,33.84,31.0,2377.0,600.0,2042.0,593.0,3.625,<1H OCEAN,3,170400.0,193445.62880736546
-121.27,38.72,6.0,4664.0,644.0,2105.0,663.0,6.0804,INLAND,5,198700.0,213536.38844998137
-118.35,33.93,34.0,617.0,189.0,810.0,180.0,1.9766,<1H OCEAN,2,162500.0,151004.4184996777
-122.34,37.52,34.0,3559.0,560.0,1747.0,550.0,6.6959,NEAR OCEAN,5,411200.0,441413.88632855925
-121.76,37.3,6.0,3526.0,559.0,1378.0,491.0,6.1463,<1H OCEAN,5,335500.0,301203.5763812653
-117.65,34.03,15.0,4420.0,903.0,2373.0,858.0,3.449,INLAND,3,149100.0,150623.16737396587
-118.48,34.01,31.0,2851.0,804.0,1410.0,782.0,4.0893,<1H OCEAN,3,381500.0,350903.3956883175
-118.13,34.06,17.0,1714.0,572.0,1590.0,568.0,1.1875,<1H OCEAN,1,183900.0,159175.69457742773
-121.53,39.53,35.0,1806.0,293.0,683.0,295.0,4.5156,INLAND,4,91200.0,150466.62419047387
-122.21,37.83,40.0,4991.0,674.0,1616.0,654.0,7.5544,NEAR BAY,5,411500.0,405264.9059610304
-118.11,33.84,37.0,1588.0,272.0,692.0,245.0,4.8594,<1H OCEAN,4,220300.0,243181.96246459996
-118.44,34.27,36.0,1111.0,275.0,1333.0,266.0,3.5347,<1H OCEAN,3,158100.0,185114.627153544
-120.91,40.08,24.0,1629.0,313.0,641.0,274.0,2.2067,INLAND,2,69600.0,86268.84276343966
-117.75,33.84,16.0,3491.0,502.0,1496.0,509.0,6.6207,<1H OCEAN,5,270500.0,299713.13584774896
-118.11,33.96,29.0,2784.0,582.0,1278.0,550.0,4.3882,<1H OCEAN,3,261600.0,228837.22736951322
-122.24,37.84,52.0,3529.0,574.0,1177.0,555.0,5.1773,NEAR BAY,4,389500.0,324923.9732284705
-122.33,39.1,10.0,266.0,62.0,154.0,49.0,2.25,INLAND,2,75000.0,91282.90354459353
-122.07,37.63,24.0,2329.0,465.0,1401.0,453.0,4.5913,NEAR BAY,4,177600.0,219237.23752126112
-121.12,39.2,9.0,1431.0,254.0,681.0,221.0,3.045,INLAND,3,170400.0,119726.10218760718
-118.2,33.94,42.0,618.0,163.0,680.0,179.0,3.3472,<1H OCEAN,3,154200.0,179857.06475690438
-118.17,34.06,44.0,1856.0,461.0,1853.0,452.0,2.5033,<1H OCEAN,2,131900.0,159725.7612672636
-122.14,40.07,31.0,2053.0,465.0,1193.0,447.0,1.4923,INLAND,1,44400.0,58404.18650743905
-118.16,34.03,45.0,894.0,231.0,925.0,222.0,2.6042,<1H OCEAN,2,145000.0,150924.22096204173
-117.94,33.66,16.0,2095.0,450.0,963.0,411.0,5.5,<1H OCEAN,4,224100.0,276334.67056480504
-120.21,39.35,7.0,914.0,159.0,85.0,34.0,4.7917,INLAND,4,187500.0,158762.4595344851
-118.24,34.15,19.0,4852.0,1465.0,3171.0,1332.0,2.5924,<1H OCEAN,2,192900.0,192687.98163839255
-117.41,34.0,26.0,2372.0,621.0,1647.0,612.0,1.4719,INLAND,1,88600.0,90151.57153614075
-118.12,33.91,35.0,620.0,122.0,381.0,124.0,3.7917,<1H OCEAN,3,183900.0,197221.8433041984
-118.75,34.27,25.0,3371.0,502.0,1717.0,506.0,6.1253,<1H OCEAN,5,225000.0,284012.6176701057
-116.87,34.24,15.0,4419.0,822.0,622.0,267.0,3.9688,INLAND,3,182800.0,154351.6796131775
-120.95,37.67,15.0,3062.0,584.0,1624.0,538.0,4.3864,INLAND,3,137600.0,153815.0277879001
-122.01,36.98,47.0,1250.0,249.0,607.0,234.0,4.0417,NEAR OCEAN,3,265300.0,265530.1270613905
-118.99,35.32,26.0,875.0,199.0,567.0,204.0,0.9288,INLAND,1,36600.0,64423.497647202894
-121.37,38.55,21.0,2713.0,432.0,1287.0,440.0,4.5815,INLAND,4,125500.0,163434.79262221442
-116.97,32.78,37.0,1255.0,238.0,671.0,278.0,3.7019,<1H OCEAN,3,138600.0,165377.45040194274
-121.94,36.55,30.0,2722.0,584.0,628.0,384.0,3.4048,NEAR OCEAN,3,487100.0,291388.91775250953
-121.85,37.3,19.0,6275.0,1546.0,4312.0,1466.0,2.7768,<1H OCEAN,2,178600.0,209607.81874599386
-117.31,34.03,24.0,1966.0,299.0,786.0,302.0,5.0318,INLAND,4,134500.0,172872.51283986386
-117.88,33.93,17.0,6100.0,861.0,2771.0,866.0,7.6486,<1H OCEAN,5,306700.0,352614.1201428859
-118.25,33.89,36.0,406.0,71.0,268.0,77.0,3.9,<1H OCEAN,3,115800.0,200218.74810284787
-118.28,33.96,23.0,1983.0,611.0,2048.0,600.0,1.5313,<1H OCEAN,2,91400.0,129991.50548031976
-116.89,32.99,14.0,2816.0,501.0,1448.0,452.0,5.0278,<1H OCEAN,4,210900.0,194970.80113467792
-121.91,37.69,18.0,2876.0,423.0,1395.0,427.0,6.3132,<1H OCEAN,5,259200.0,294777.80220539676
-117.1,33.07,16.0,2402.0,336.0,1080.0,365.0,8.6803,<1H OCEAN,5,347300.0,363634.1345790895
-119.15,34.83,6.0,8733.0,1600.0,2006.0,736.0,4.5724,INLAND,4,168400.0,163060.09046820816
-120.78,38.72,19.0,4414.0,767.0,1865.0,699.0,3.6406,INLAND,3,150900.0,150122.98988403735
-117.33,34.41,13.0,3684.0,604.0,1767.0,585.0,3.7478,INLAND,3,113500.0,99846.15846999652
-118.9,34.18,20.0,1288.0,179.0,539.0,181.0,5.8652,<1H OCEAN,4,302600.0,306298.76557738974
-119.27,34.17,15.0,11403.0,2131.0,3327.0,1585.0,4.3693,NEAR OCEAN,3,423300.0,306849.9962555414
-118.4,33.9,34.0,2674.0,435.0,1087.0,431.0,7.3151,<1H OCEAN,5,492200.0,457806.7900330352
-118.19,33.8,41.0,2125.0,591.0,1604.0,555.0,2.9943,NEAR OCEAN,2,190600.0,198674.24185841018
-117.88,33.71,20.0,1738.0,509.0,1403.0,411.0,3.1742,<1H OCEAN,3,245000.0,172148.20437403323
-121.26,37.98,32.0,3274.0,820.0,2050.0,738.0,2.1265,INLAND,2,55700.0,94710.38427362034
-119.23,35.77,26.0,2636.0,468.0,1416.0,485.0,4.1917,INLAND,3,84000.0,127042.05916110898
-117.87,33.89,19.0,1674.0,243.0,786.0,234.0,6.4218,<1H OCEAN,5,275000.0,294331.6517949329
-121.15,38.68,6.0,9798.0,1551.0,4583.0,1494.0,5.0159,INLAND,4,189600.0,178755.44089564434
-121.95,37.33,31.0,1866.0,465.0,821.0,447.0,2.3547,<1H OCEAN,2,275900.0,208721.93639923155
-117.26,33.06,11.0,2660.0,352.0,1226.0,366.0,7.6832,NEAR OCEAN,5,319800.0,383134.21857570135
-122.04,37.55,23.0,3170.0,532.0,1446.0,515.0,4.4357,NEAR BAY,3,291700.0,252817.9593242359
-118.44,35.13,21.0,1899.0,447.0,1133.0,391.0,1.8636,INLAND,2,67900.0,60190.617092612265
-118.42,34.23,34.0,1550.0,279.0,1011.0,288.0,4.5375,<1H OCEAN,4,189000.0,222853.22678453752
-122.23,38.09,26.0,4397.0,997.0,2539.0,965.0,2.4875,NEAR BAY,2,90000.0,137550.34556452613
-122.41,37.74,48.0,409.0,86.0,148.0,70.0,3.6687,NEAR BAY,3,335000.0,265577.65542017925
-118.24,34.11,39.0,1148.0,348.0,1161.0,333.0,2.2167,<1H OCEAN,2,176700.0,154879.6382225501
-119.9,36.94,11.0,2513.0,408.0,1360.0,415.0,4.277,INLAND,3,98500.0,137564.8262767188
-118.29,33.89,35.0,2810.0,614.0,1578.0,601.0,3.59,<1H OCEAN,3,200600.0,218753.4525693812
-119.79,36.77,30.0,1610.0,410.0,1000.0,397.0,2.0357,INLAND,2,60200.0,55370.63833448002
-121.48,38.55,52.0,2216.0,333.0,714.0,327.0,4.8603,INLAND,4,191900.0,228473.40504068125
-117.98,33.84,33.0,2291.0,439.0,1187.0,405.0,3.9539,<1H OCEAN,3,191100.0,204101.37089163667
-121.91,37.47,13.0,5377.0,744.0,2759.0,760.0,6.868,<1H OCEAN,5,337300.0,322904.4221165806
-118.37,34.09,31.0,6348.0,1827.0,2559.0,1755.0,3.2818,<1H OCEAN,3,225000.0,307438.6235673244
-118.29,34.07,19.0,3013.0,1118.0,2465.0,1008.0,2.5386,<1H OCEAN,2,290600.0,204448.75078332602
-116.93,33.75,14.0,6027.0,1148.0,3136.0,1036.0,2.964,INLAND,2,121500.0,107001.74568050737
-122.29,37.54,43.0,2268.0,438.0,1151.0,449.0,4.9091,NEAR OCEAN,4,293200.0,324462.18204235914
-117.59,33.88,13.0,3239.0,849.0,2751.0,813.0,2.6111,INLAND,2,107000.0,110634.25295384362
-118.38,34.03,44.0,1913.0,441.0,1295.0,432.0,3.9537,<1H OCEAN,3,266400.0,293129.3450739199
-121.22,37.95,30.0,1055.0,211.0,629.0,170.0,2.8676,INLAND,2,76900.0,102219.63227275868
-117.03,34.07,16.0,3784.0,577.0,1615.0,525.0,4.2333,INLAND,3,220300.0,140243.03315828196
-117.11,32.75,20.0,1667.0,469.0,1292.0,445.0,2.0893,NEAR OCEAN,2,101100.0,110535.53684157839
-122.5,37.88,28.0,5448.0,1089.0,2100.0,1023.0,4.7475,NEAR BAY,4,474600.0,365533.9050830993
-116.47,34.07,22.0,5473.0,1234.0,2581.0,1098.0,1.9375,INLAND,2,65300.0,102675.15452940954
-117.08,33.13,17.0,8466.0,2628.0,7014.0,2267.0,2.1437,<1H OCEAN,2,113700.0,140190.46444528515
-121.65,36.66,30.0,3745.0,767.0,1762.0,748.0,3.2355,<1H OCEAN,3,214200.0,230476.9882838334
-118.02,33.91,35.0,2182.0,390.0,1248.0,399.0,5.4236,<1H OCEAN,4,216700.0,244532.7833705311
-118.03,33.83,34.0,3203.0,653.0,2072.0,691.0,4.225,<1H OCEAN,3,198400.0,207666.7453459427
-118.01,34.11,32.0,1978.0,536.0,826.0,470.0,2.5114,INLAND,2,212200.0,158719.95342474378
-122.43,37.77,52.0,1862.0,472.0,872.0,471.0,3.2981,NEAR BAY,3,222700.0,364597.2496614628
-121.47,36.92,27.0,2049.0,417.0,1230.0,336.0,4.6477,INLAND,4,265900.0,171250.3733952755
-123.08,40.4,10.0,365.0,102.0,140.0,49.0,1.7969,INLAND,2,37500.0,57144.890924236875
-122.41,37.76,52.0,2605.0,678.0,2071.0,611.0,3.2964,NEAR BAY,3,265000.0,279700.5147686391
-121.29,38.9,45.0,2019.0,394.0,1104.0,407.0,3.1691,INLAND,3,108700.0,105754.65689461838
-118.97,35.36,31.0,1418.0,306.0,1219.0,312.0,1.5743,INLAND,2,46700.0,48008.2404285259
-117.71,33.58,2.0,2530.0,562.0,1066.0,510.0,4.6336,<1H OCEAN,4,187500.0,258767.3014031596
-121.68,39.29,29.0,1860.0,400.0,1137.0,365.0,1.5281,INLAND,2,61600.0,64090.34047014694
-118.36,33.84,35.0,1577.0,279.0,743.0,274.0,5.7654,<1H OCEAN,4,343000.0,321903.7111742737
-117.9,34.1,31.0,3007.0,653.0,1766.0,616.0,3.7083,<1H OCEAN,3,166000.0,216395.26157203558
-118.41,34.03,33.0,1730.0,386.0,994.0,363.0,3.7277,<1H OCEAN,3,500001.0,297261.05022809794
-117.98,33.86,25.0,1025.0,266.0,726.0,183.0,3.875,<1H OCEAN,3,137500.0,189834.69137317373
-121.07,39.2,45.0,204.0,62.0,133.0,51.0,1.0,INLAND,1,90600.0,92971.0555488396
-119.05,35.44,5.0,2133.0,487.0,1182.0,438.0,3.0268,INLAND,3,77000.0,94113.09418705982
-118.42,34.25,37.0,1545.0,341.0,1909.0,352.0,3.6791,<1H OCEAN,3,148100.0,202626.71016722836
-121.33,37.97,38.0,3166.0,575.0,1351.0,561.0,3.5404,INLAND,3,91600.0,134417.5862298261
-117.21,33.61,7.0,7722.0,1324.0,2975.0,1161.0,3.6273,<1H OCEAN,3,150900.0,209707.24517289718
-118.3,33.91,30.0,1842.0,476.0,1491.0,420.0,3.0147,<1H OCEAN,3,155100.0,170870.87665843015
-117.33,34.07,32.0,2086.0,458.0,1355.0,412.0,2.5238,INLAND,2,89200.0,96204.49521917627
-118.14,34.16,38.0,1843.0,565.0,1449.0,524.0,2.2174,<1H OCEAN,2,215400.0,166583.98596361748
-122.24,40.16,19.0,2500.0,509.0,1293.0,494.0,2.035,INLAND,2,55100.0,65650.94777852768
-117.96,33.83,30.0,2838.0,649.0,1758.0,593.0,3.3831,<1H OCEAN,3,197400.0,190869.65123674317
-117.13,32.76,41.0,1545.0,420.0,747.0,415.0,2.375,NEAR OCEAN,2,154400.0,166894.24153208782
-122.3,37.9,35.0,1102.0,308.0,688.0,303.0,2.3946,NEAR BAY,2,141700.0,160091.3726028205
-121.32,38.03,25.0,2474.0,513.0,1947.0,524.0,2.5742,INLAND,2,98400.0,93380.53631624632
-116.89,34.27,13.0,3661.0,770.0,567.0,228.0,4.4063,INLAND,3,152600.0,170705.07050968966
-118.29,34.0,52.0,2579.0,494.0,1558.0,458.0,2.0809,<1H OCEAN,2,109600.0,162758.27857039485
-122.48,38.3,17.0,2703.0,550.0,1241.0,515.0,2.652,<1H OCEAN,2,171300.0,191095.87851337643
-116.24,33.73,14.0,2774.0,566.0,1530.0,505.0,3.0682,INLAND,3,104100.0,100529.0347457515
-118.44,34.26,28.0,1077.0,288.0,1377.0,293.0,3.9167,<1H OCEAN,3,153900.0,204603.61003073043
-118.33,33.88,30.0,1856.0,444.0,899.0,435.0,3.1505,<1H OCEAN,3,270000.0,234284.8517486433
-118.09,33.85,19.0,8120.0,1371.0,5026.0,1345.0,6.3093,<1H OCEAN,5,286500.0,296141.74688695703
-121.63,37.1,14.0,5034.0,797.0,2124.0,790.0,4.9028,<1H OCEAN,4,335000.0,262689.2513758005
-118.34,33.98,47.0,2649.0,684.0,2374.0,607.0,2.3882,<1H OCEAN,2,137700.0,173909.05992917955
-118.17,34.12,30.0,3376.0,720.0,1990.0,725.0,3.7813,<1H OCEAN,3,232000.0,231137.2057252005
-122.48,37.78,52.0,2666.0,515.0,1362.0,494.0,4.218,NEAR BAY,3,393800.0,381389.8599276191
-121.48,38.5,23.0,2679.0,792.0,1740.0,659.0,1.3679,INLAND,1,70300.0,102671.699035304
-118.2,33.99,33.0,1134.0,375.0,1615.0,354.0,2.1468,<1H OCEAN,2,141700.0,124311.87550472403
-118.19,33.99,37.0,2073.0,614.0,2544.0,598.0,2.9054,<1H OCEAN,2,156300.0,154902.25810982625
-118.32,33.34,52.0,996.0,264.0,341.0,160.0,2.7361,ISLAND,2,450000.0,298993.1132423612
-117.14,33.18,11.0,5546.0,974.0,2300.0,970.0,3.7109,<1H OCEAN,3,199800.0,191227.19444117817
-121.79,38.68,24.0,3794.0,848.0,2225.0,864.0,2.8068,INLAND,2,95300.0,127826.53366199961
-120.6,37.36,27.0,2521.0,484.0,1307.0,456.0,3.0911,INLAND,3,86900.0,105917.4846576686
-118.11,34.06,30.0,1547.0,436.0,1700.0,410.0,2.5488,<1H OCEAN,2,187500.0,166380.03627916166
-120.69,35.26,20.0,1248.0,231.0,722.0,225.0,4.625,NEAR OCEAN,4,221800.0,266958.3332437863
-116.22,33.72,28.0,826.0,258.0,979.0,245.0,1.7172,INLAND,2,58800.0,59735.48336015597
-118.18,33.85,30.0,2548.0,717.0,2086.0,700.0,0.7007,<1H OCEAN,1,134400.0,153630.1974775379
-122.08,37.71,35.0,2211.0,350.0,1004.0,365.0,5.4639,NEAR BAY,4,238600.0,249381.91463416067
-117.99,33.77,15.0,2081.0,531.0,1617.0,561.0,3.4955,<1H OCEAN,3,160900.0,185749.3817676711
-121.31,38.66,27.0,1713.0,282.0,761.0,295.0,5.2081,INLAND,4,136400.0,188145.2665259872
-118.16,33.91,35.0,1403.0,338.0,1415.0,367.0,3.0967,<1H OCEAN,3,144000.0,145728.34986018133
-117.01,32.79,33.0,4015.0,663.0,1864.0,664.0,4.3152,<1H OCEAN,3,159300.0,176551.78397675132
-118.05,33.98,41.0,1694.0,413.0,1222.0,387.0,2.8311,<1H OCEAN,2,155300.0,155021.62115519377
-122.33,37.95,46.0,1543.0,339.0,777.0,322.0,4.0927,NEAR BAY,3,142600.0,218236.22461850426
-121.3,38.14,17.0,3507.0,696.0,1867.0,709.0,3.2123,INLAND,3,120700.0,115338.5008822347
-117.92,34.11,24.0,2838.0,695.0,2151.0,645.0,3.2202,<1H OCEAN,3,126200.0,200382.06864132322
-118.14,33.86,44.0,1436.0,257.0,745.0,233.0,4.625,<1H OCEAN,4,213400.0,250008.2843260654
-121.3,38.61,25.0,2707.0,464.0,1423.0,490.0,4.3235,INLAND,3,116900.0,145701.42827320925
-118.45,34.27,33.0,1194.0,229.0,839.0,230.0,3.705,<1H OCEAN,3,185800.0,209440.30555131173
-121.97,37.8,17.0,3279.0,418.0,1222.0,381.0,7.9168,<1H OCEAN,5,356000.0,395467.3444649474
-121.33,37.98,10.0,1564.0,397.0,643.0,347.0,2.7031,INLAND,2,150000.0,127813.51016142691
-122.81,40.93,16.0,2050.0,471.0,588.0,195.0,2.7083,INLAND,2,88900.0,118529.41226972273
-119.71,34.42,39.0,1172.0,322.0,606.0,316.0,2.16,<1H OCEAN,2,259100.0,210082.85989414394
-118.11,33.78,16.0,3985.0,567.0,1327.0,564.0,7.9767,<1H OCEAN,5,500001.0,402020.554127447
-117.38,34.09,8.0,3955.0,815.0,2184.0,725.0,3.3438,INLAND,3,127600.0,126083.19809339056
-121.28,37.98,52.0,941.0,184.0,414.0,171.0,2.1429,INLAND,2,69900.0,87930.52298781788
-117.82,33.73,23.0,2542.0,772.0,1720.0,675.0,3.8703,<1H OCEAN,3,137000.0,228335.68051530138
-122.5,37.74,42.0,1667.0,395.0,1041.0,387.0,3.9583,NEAR OCEAN,3,273700.0,254211.2274083486
-117.04,34.03,29.0,3375.0,795.0,1760.0,699.0,2.7028,INLAND,2,92000.0,111682.91162387445
-118.08,33.82,30.0,2636.0,652.0,3412.0,649.0,2.8095,<1H OCEAN,2,118300.0,156790.27481857504
-118.86,34.16,16.0,1509.0,216.0,578.0,235.0,10.2614,<1H OCEAN,5,410800.0,501369.2493539097
-117.34,34.39,8.0,3579.0,672.0,2216.0,630.0,3.4038,INLAND,3,100500.0,93665.63830724519
-122.45,37.77,52.0,2645.0,626.0,1275.0,553.0,3.35,NEAR BAY,3,492900.0,361299.0099190878
-117.37,34.13,17.0,2681.0,470.0,1621.0,459.0,3.875,INLAND,3,118500.0,126206.9311177052
-117.42,33.94,26.0,2420.0,532.0,1383.0,469.0,3.5403,INLAND,3,113500.0,122499.84647321477
-119.81,36.78,52.0,2281.0,371.0,839.0,367.0,3.5972,INLAND,3,89900.0,146529.217966241
-118.41,33.9,39.0,2040.0,336.0,926.0,351.0,7.5552,<1H OCEAN,5,500001.0,452366.52233490464
-122.1,37.36,32.0,1433.0,199.0,498.0,201.0,9.3586,NEAR BAY,5,500001.0,473611.3308775494
-122.05,37.11,39.0,1065.0,248.0,497.0,208.0,4.5972,NEAR OCEAN,4,146300.0,313087.20448192797
-117.06,32.68,41.0,2665.0,515.0,1664.0,512.0,2.375,NEAR OCEAN,2,113500.0,120706.00130432895
-118.41,34.0,46.0,105.0,20.0,69.0,19.0,3.9643,<1H OCEAN,3,275000.0,301300.71676100895
-117.09,32.72,39.0,1273.0,246.0,770.0,242.0,2.0938,NEAR OCEAN,2,102500.0,116870.65114164157
-116.91,32.87,14.0,3048.0,597.0,1690.0,576.0,4.3818,<1H OCEAN,3,147100.0,170645.62106568803
-117.88,33.82,17.0,2247.0,705.0,1382.0,618.0,3.8631,<1H OCEAN,3,225000.0,221422.4050531235
-121.19,38.85,8.0,4114.0,710.0,2268.0,716.0,4.4085,INLAND,3,139400.0,157996.92441377748
-119.18,34.18,31.0,2636.0,638.0,2695.0,614.0,3.2196,NEAR OCEAN,3,175800.0,227388.02777355924
-119.05,35.42,41.0,1992.0,421.0,1006.0,419.0,2.8393,INLAND,2,57000.0,92322.2272086851
-118.01,33.88,19.0,1434.0,391.0,1088.0,341.0,3.369,<1H OCEAN,3,269600.0,184644.52775003415
-122.26,38.0,5.0,6265.0,908.0,3326.0,872.0,6.2073,NEAR BAY,5,272900.0,253470.32179224608
-115.56,32.78,29.0,1568.0,283.0,848.0,245.0,3.1597,INLAND,3,76200.0,93439.82492768532
-117.62,33.64,2.0,7826.0,893.0,2985.0,790.0,10.1531,<1H OCEAN,5,484100.0,430743.314778063
-118.14,34.02,40.0,1912.0,502.0,2077.0,500.0,2.6,<1H OCEAN,2,180600.0,161279.50384285004
-117.94,33.81,33.0,1891.0,334.0,932.0,343.0,4.2759,<1H OCEAN,3,238000.0,199404.42106190897
-117.13,32.72,9.0,2436.0,720.0,1780.0,653.0,1.8299,NEAR OCEAN,2,137500.0,119224.0047259561
-121.32,38.74,14.0,1449.0,228.0,670.0,232.0,4.3897,INLAND,3,186300.0,150219.0477301403
-117.19,32.82,35.0,2197.0,353.0,945.0,357.0,4.9219,NEAR OCEAN,4,192900.0,246170.92506328833
-121.85,39.74,41.0,2901.0,689.0,1426.0,632.0,1.5633,INLAND,2,84500.0,85221.70698934562
-117.06,32.58,13.0,3435.0,708.0,1761.0,699.0,3.4792,NEAR OCEAN,3,107600.0,161811.15272548236
-119.28,36.33,10.0,1051.0,297.0,927.0,274.0,0.78,INLAND,1,55500.0,53131.81495262649
-121.97,37.29,29.0,2721.0,682.0,1602.0,646.0,3.337,<1H OCEAN,3,265300.0,242267.0490918882
-117.24,32.73,37.0,2260.0,354.0,809.0,351.0,5.9113,NEAR OCEAN,4,388300.0,377035.77791268507
-117.19,32.69,35.0,2921.0,438.0,1042.0,415.0,6.3612,NEAR OCEAN,5,482700.0,392838.6567055366
-122.15,37.67,35.0,2472.0,398.0,1171.0,390.0,5.5797,NEAR BAY,4,198100.0,258907.24104498178
-119.61,36.59,10.0,2842.0,620.0,1443.0,576.0,2.2727,INLAND,2,92700.0,71367.39381695651
-119.74,34.41,30.0,2365.0,417.0,1053.0,409.0,5.5959,NEAR OCEAN,4,346200.0,344766.6487261379
-120.51,36.55,20.0,1193.0,263.0,1274.0,241.0,1.9417,INLAND,2,38800.0,42866.341363388805
-121.47,38.54,47.0,2085.0,464.0,1346.0,402.0,1.2679,INLAND,1,56700.0,66847.16784542304
-122.26,38.15,16.0,3921.0,727.0,2830.0,680.0,4.5053,NEAR BAY,4,123700.0,194995.5195477477
-121.51,38.57,36.0,613.0,166.0,425.0,147.0,2.2031,INLAND,2,93800.0,84436.93278406412
-117.04,32.55,15.0,2206.0,648.0,2511.0,648.0,1.6348,NEAR OCEAN,2,93200.0,103900.78795158917
-114.66,32.74,17.0,1388.0,386.0,775.0,320.0,1.2049,INLAND,1,44000.0,78679.81871644392
-119.73,36.8,24.0,1316.0,249.0,781.0,260.0,3.7578,INLAND,3,69200.0,105365.41747703188
-119.25,34.21,12.0,15201.0,2418.0,7132.0,2251.0,5.6756,NEAR OCEAN,4,301800.0,298266.1167738238
-118.38,34.04,31.0,2846.0,727.0,2120.0,672.0,2.7226,<1H OCEAN,2,254200.0,259201.4099967952
-122.29,37.98,27.0,2133.0,347.0,850.0,350.0,5.1046,NEAR BAY,4,209800.0,227410.258064565
-117.95,34.14,13.0,3859.0,710.0,2283.0,759.0,4.5594,INLAND,4,184500.0,195892.10615515755
-121.38,38.67,38.0,1001.0,228.0,597.0,226.0,2.2788,INLAND,2,73400.0,86256.9986568642
-118.36,33.82,36.0,1784.0,311.0,901.0,293.0,6.2247,<1H OCEAN,5,339000.0,334548.6354004406
-119.69,36.75,13.0,2343.0,409.0,1347.0,405.0,4.0027,INLAND,3,93100.0,106712.7459161745
-117.66,34.02,12.0,5616.0,871.0,3019.0,782.0,5.5425,INLAND,4,202300.0,200016.40858485928
-119.63,36.7,42.0,1338.0,215.0,617.0,222.0,3.0833,INLAND,3,133300.0,95920.64557015483
-116.97,32.76,26.0,2460.0,313.0,838.0,299.0,5.9878,<1H OCEAN,4,270700.0,256072.66241068573
-121.71,36.78,19.0,2371.0,324.0,944.0,332.0,5.9175,<1H OCEAN,4,240200.0,292871.4042561852
-117.59,34.1,17.0,3646.0,1035.0,1987.0,895.0,2.3603,INLAND,2,139300.0,127607.41007293214
-121.46,38.55,40.0,2077.0,435.0,1454.0,385.0,2.0074,INLAND,2,57000.0,69641.60133871902
-120.33,38.0,14.0,1944.0,330.0,822.0,314.0,3.5,INLAND,3,170700.0,123353.65874625543
-118.28,34.0,42.0,1534.0,417.0,1295.0,380.0,2.0938,<1H OCEAN,2,119200.0,142095.31092968924
-118.36,33.96,37.0,2146.0,573.0,2009.0,592.0,3.6583,<1H OCEAN,3,177300.0,222788.67674587652
-118.41,33.94,45.0,2038.0,394.0,1086.0,387.0,4.7375,<1H OCEAN,4,289600.0,348510.06485274754
-121.4,38.57,25.0,2022.0,295.0,639.0,278.0,5.8416,INLAND,4,297600.0,231945.21260539652
-121.02,37.66,36.0,3495.0,641.0,1688.0,684.0,3.1568,INLAND,3,109900.0,125544.8927140585
-121.0,37.69,18.0,3469.0,661.0,1452.0,628.0,3.4079,INLAND,3,147500.0,138404.86167469624
-122.39,40.64,13.0,3604.0,704.0,1598.0,670.0,2.4141,INLAND,2,78700.0,97679.70325794973
-118.22,33.84,38.0,1928.0,429.0,1358.0,399.0,4.0687,<1H OCEAN,3,160300.0,194447.51082284702
-121.03,37.62,46.0,2331.0,508.0,1210.0,484.0,2.5313,INLAND,2,77700.0,108478.49892150344
-122.07,37.37,30.0,2937.0,407.0,1097.0,407.0,7.9813,NEAR BAY,5,473500.0,443439.06244240137
-117.99,33.97,18.0,4078.0,484.0,1490.0,482.0,10.8034,<1H OCEAN,5,500001.0,421988.95681914216
-120.91,38.11,9.0,3585.0,680.0,1800.0,598.0,3.636,INLAND,3,133100.0,130063.76603562519
-119.43,36.55,27.0,1621.0,323.0,882.0,324.0,2.75,INLAND,2,93500.0,83287.55771289366
-122.04,37.39,5.0,8745.0,2211.0,3959.0,2019.0,4.7685,<1H OCEAN,4,280100.0,273967.7675485264
-120.67,35.63,8.0,2690.0,410.0,1085.0,381.0,4.2841,<1H OCEAN,3,256700.0,238468.89594623438
-117.95,33.72,21.0,3107.0,483.0,1688.0,503.0,5.9582,<1H OCEAN,4,288000.0,268254.99347257963
-117.1,33.15,5.0,3159.0,685.0,1398.0,581.0,3.1467,<1H OCEAN,3,161100.0,175752.97918945
-117.64,34.03,11.0,2050.0,382.0,1044.0,371.0,4.8281,INLAND,4,137000.0,179588.01040329773
-122.6,38.93,16.0,1657.0,390.0,572.0,301.0,1.4767,INLAND,1,62000.0,99698.21882332378
-122.11,37.41,35.0,2712.0,428.0,1084.0,425.0,7.1382,NEAR BAY,5,443800.0,413946.3934562772
-117.29,34.57,22.0,1054.0,239.0,428.0,239.0,1.2548,INLAND,1,68300.0,63822.049634620176
-117.86,34.02,19.0,6300.0,937.0,3671.0,943.0,5.9716,<1H OCEAN,4,262100.0,285931.4989426077
-120.86,37.77,45.0,621.0,129.0,257.0,124.0,1.7188,INLAND,2,109400.0,96535.83942986798
-122.22,37.46,13.0,2888.0,546.0,1182.0,504.0,6.0255,NEAR OCEAN,5,409300.0,356345.82384830277
-118.02,34.08,29.0,2741.0,667.0,2449.0,677.0,3.6944,INLAND,3,175200.0,172046.23417633344
-118.35,33.95,28.0,4770.0,1328.0,3201.0,1196.0,2.681,<1H OCEAN,2,147700.0,202641.31375388688
-117.22,32.74,41.0,2621.0,542.0,1074.0,471.0,2.4016,NEAR OCEAN,2,287500.0,190576.20760792887
-117.09,32.74,23.0,3130.0,779.0,2472.0,744.0,2.32,NEAR OCEAN,2,93200.0,123667.29671993622
-121.76,38.41,19.0,686.0,107.0,348.0,109.0,3.9306,INLAND,3,93800.0,131674.65446530608
-118.48,34.31,31.0,1091.0,256.0,892.0,238.0,3.0,<1H OCEAN,2,172400.0,182546.46639032193
-122.24,37.47,35.0,2283.0,491.0,1148.0,436.0,4.5556,NEAR OCEAN,4,318600.0,303476.55605492106
-117.01,32.77,24.0,2311.0,536.0,1005.0,525.0,2.9,<1H OCEAN,2,185200.0,170028.014767511
-121.61,39.14,44.0,2035.0,476.0,1030.0,453.0,1.4661,INLAND,1,65200.0,74643.10912889717
-121.68,39.13,17.0,1969.0,297.0,717.0,268.0,3.4698,INLAND,3,179700.0,124678.90917008049
-118.05,34.08,30.0,1572.0,427.0,1857.0,428.0,2.4914,<1H OCEAN,2,159200.0,161231.75924591543
-118.19,33.85,30.0,3533.0,1061.0,2678.0,1033.0,2.2417,NEAR OCEAN,2,151900.0,194260.309159423
-121.57,39.16,18.0,1632.0,367.0,769.0,330.0,3.1029,INLAND,3,71700.0,127929.68361048444
-117.58,34.0,2.0,7544.0,1516.0,2801.0,1001.0,4.0037,INLAND,3,245200.0,166131.05944739355
-118.38,33.99,21.0,11308.0,3039.0,5127.0,2839.0,4.6277,<1H OCEAN,4,228300.0,322680.9756936262
-118.37,34.03,39.0,213.0,44.0,138.0,52.0,2.125,<1H OCEAN,2,196400.0,235761.14664844685
-121.38,36.85,13.0,4115.0,782.0,2903.0,747.0,3.7316,INLAND,3,192400.0,128827.4746006878
-119.72,36.73,9.0,1914.0,491.0,1116.0,424.0,1.4646,INLAND,1,65900.0,63033.73746092726
-118.14,34.14,17.0,3404.0,1011.0,1694.0,949.0,2.9511,<1H OCEAN,2,282300.0,225099.09693832792
-121.69,36.8,19.0,2164.0,410.0,1309.0,426.0,3.338,<1H OCEAN,3,185300.0,207527.62217078664
-117.11,32.72,25.0,1491.0,348.0,1183.0,316.0,1.9583,NEAR OCEAN,2,88600.0,100304.99811854135
-120.61,37.03,34.0,1841.0,354.0,1019.0,356.0,1.7841,INLAND,2,67500.0,59128.7619354678
-121.38,38.64,19.0,4563.0,1069.0,2256.0,926.0,2.1472,INLAND,2,143400.0,112521.10865683595
-121.78,38.68,43.0,3766.0,847.0,1855.0,817.0,2.3468,INLAND,2,119400.0,110360.96453049112
-118.49,34.2,35.0,1109.0,206.0,515.0,202.0,5.2118,<1H OCEAN,4,215800.0,275910.140802917
-117.68,33.63,13.0,5830.0,921.0,2897.0,891.0,6.2403,<1H OCEAN,5,257400.0,283319.73654115625
-122.12,37.44,33.0,1509.0,303.0,748.0,268.0,4.875,NEAR BAY,4,373400.0,264143.0227457214
-118.24,33.78,24.0,574.0,173.0,784.0,162.0,2.25,NEAR OCEAN,2,152300.0,153691.7810420525
-118.12,34.08,52.0,1437.0,290.0,980.0,282.0,5.3032,<1H OCEAN,4,245700.0,321727.58741209254
-119.77,35.65,21.0,2403.0,483.0,1647.0,415.0,2.6066,INLAND,2,80000.0,79033.51471351819
-117.1,32.72,5.0,1615.0,387.0,1094.0,394.0,2.2024,NEAR OCEAN,2,137200.0,108059.5449238072
-121.86,37.41,16.0,1603.0,287.0,1080.0,296.0,6.1256,<1H OCEAN,5,266900.0,278097.66353472986
-118.37,33.85,25.0,5622.0,998.0,2537.0,1009.0,5.785,<1H OCEAN,4,395300.0,320233.5269051128
-118.76,34.26,26.0,1929.0,293.0,1067.0,320.0,5.4038,<1H OCEAN,4,222100.0,246837.66472408918
-118.44,34.06,9.0,5102.0,1695.0,2609.0,1450.0,3.2545,<1H OCEAN,3,500001.0,299309.1464206042
-121.88,36.49,28.0,2830.0,458.0,898.0,370.0,5.8142,NEAR OCEAN,4,500001.0,369079.783562999
-118.54,34.23,35.0,3422.0,601.0,1690.0,574.0,4.375,<1H OCEAN,3,232900.0,242181.21294931826
-122.47,37.72,49.0,1690.0,307.0,770.0,294.0,4.5913,NEAR OCEAN,4,259700.0,328391.5368690694
-117.27,33.18,4.0,3371.0,773.0,1481.0,627.0,2.9133,NEAR OCEAN,2,215700.0,202038.26063521043
-121.85,37.4,23.0,1793.0,319.0,1145.0,310.0,5.5968,<1H OCEAN,4,243200.0,266651.4168943412
-118.01,33.91,32.0,2722.0,571.0,2541.0,462.0,4.2305,<1H OCEAN,3,221400.0,188852.4652553548
-122.69,39.04,9.0,254.0,50.0,66.0,29.0,2.7639,INLAND,2,112500.0,117110.5100172211
-122.01,36.91,19.0,691.0,191.0,324.0,167.0,3.1312,NEAR OCEAN,3,388500.0,230948.2897128756
-117.27,32.83,39.0,1877.0,426.0,805.0,409.0,3.875,NEAR OCEAN,3,410000.0,269120.9705428865
-118.18,33.88,47.0,882.0,185.0,536.0,174.0,4.625,<1H OCEAN,4,163000.0,252242.1179885692
-117.28,32.77,38.0,1267.0,340.0,442.0,250.0,4.3403,NEAR OCEAN,3,500000.0,279877.49993540416
-119.34,34.39,27.0,669.0,131.0,314.0,106.0,2.4659,NEAR OCEAN,2,231300.0,198554.45963618747
-119.65,36.34,47.0,1869.0,357.0,832.0,315.0,3.0846,INLAND,3,76100.0,105085.26112171746
-118.42,34.0,31.0,1930.0,456.0,1002.0,410.0,3.9798,<1H OCEAN,3,458600.0,312464.35041488707
-117.74,33.89,4.0,37937.0,5471.0,16122.0,5189.0,7.4947,<1H OCEAN,5,366300.0,331238.5552214301
-118.34,34.0,49.0,2465.0,372.0,1018.0,359.0,4.0,<1H OCEAN,3,296800.0,265168.7758880315
-119.28,35.5,28.0,3107.0,782.0,3260.0,738.0,1.6944,INLAND,2,58600.0,59967.46690560955
-117.37,33.97,40.0,1166.0,250.0,976.0,244.0,1.95,INLAND,2,84800.0,68164.58835506241
-117.82,34.05,21.0,4031.0,923.0,2558.0,834.0,3.1641,<1H OCEAN,3,117300.0,209153.20090753207
-120.0,38.92,17.0,1106.0,207.0,466.0,180.0,3.3295,INLAND,3,126600.0,115149.28083829736
-118.36,33.95,42.0,1116.0,303.0,1082.0,299.0,3.7237,<1H OCEAN,3,170800.0,208720.4387066611
-117.17,34.05,29.0,4007.0,700.0,1576.0,696.0,3.1801,INLAND,3,149300.0,155254.5901547475
-120.59,38.45,13.0,2944.0,558.0,1091.0,466.0,3.0,INLAND,2,119000.0,113572.40377150734
-122.48,37.78,48.0,2835.0,728.0,1674.0,684.0,3.129,NEAR BAY,3,375000.0,324828.87417223636
-117.98,33.73,22.0,4232.0,624.0,2408.0,660.0,6.6539,<1H OCEAN,5,284900.0,308699.907087236
-121.33,38.28,14.0,980.0,171.0,659.0,183.0,4.4306,INLAND,3,170100.0,145791.8974935659
-122.15,37.44,52.0,1400.0,217.0,522.0,227.0,4.9861,NEAR BAY,4,500001.0,309627.9234545578
-116.37,33.19,12.0,4890.0,1152.0,1289.0,570.0,2.5795,INLAND,2,98700.0,113933.91587690586
-116.29,34.18,15.0,4203.0,966.0,1756.0,695.0,2.182,INLAND,2,60800.0,86088.73141447458
-118.19,34.02,45.0,1535.0,432.0,1820.0,419.0,1.7801,<1H OCEAN,2,142800.0,144256.30681540768
-122.04,36.96,44.0,1294.0,269.0,645.0,259.0,3.2437,NEAR OCEAN,3,223900.0,243101.02845607113
-118.3,34.06,47.0,1390.0,872.0,2860.0,827.0,1.468,<1H OCEAN,1,137500.0,184705.59994916886
-122.49,37.75,45.0,2341.0,461.0,1092.0,438.0,4.8036,NEAR OCEAN,4,297800.0,322996.37473300257
-117.09,32.69,34.0,1469.0,267.0,1031.0,267.0,3.4583,NEAR OCEAN,3,112700.0,139817.88453979781
-120.87,37.76,16.0,1174.0,249.0,601.0,242.0,1.7143,INLAND,2,113300.0,82692.91193368188
-117.38,34.44,4.0,5083.0,867.0,2541.0,856.0,4.2414,INLAND,3,121400.0,139511.3904136094
-117.66,33.61,17.0,3464.0,519.0,1713.0,530.0,6.0471,<1H OCEAN,5,248400.0,276111.0572233187
-121.95,36.61,31.0,1736.0,250.0,497.0,170.0,6.3835,NEAR OCEAN,5,407800.0,422103.30414616654
-121.9,37.1,23.0,1708.0,287.0,670.0,238.0,6.4517,<1H OCEAN,5,356600.0,335423.069971835
-121.3,38.02,16.0,2717.0,621.0,3343.0,643.0,2.5473,INLAND,2,106300.0,87066.00432896179
-117.45,33.91,29.0,2320.0,422.0,1358.0,415.0,3.7333,INLAND,3,121400.0,115318.65584196743
-122.96,38.26,20.0,1982.0,358.0,308.0,132.0,3.1429,NEAR OCEAN,3,240900.0,206441.7942143805
-117.62,33.43,27.0,1835.0,413.0,1221.0,377.0,3.2232,NEAR OCEAN,3,247100.0,209056.4289452277
-122.2,40.26,15.0,2102.0,358.0,957.0,371.0,3.1908,INLAND,3,137900.0,107022.43201910936
-121.67,39.37,27.0,2599.0,502.0,1241.0,502.0,1.9943,INLAND,2,86300.0,74289.34343993056
-119.66,34.44,26.0,2790.0,413.0,1014.0,397.0,6.5631,<1H OCEAN,5,500001.0,338552.17180504836
-118.11,33.85,36.0,2418.0,389.0,1138.0,387.0,4.8393,<1H OCEAN,4,216300.0,232475.12906401066
-117.69,33.47,13.0,2020.0,378.0,679.0,290.0,5.756,<1H OCEAN,4,305600.0,298759.9958743405
-122.17,37.72,5.0,1692.0,398.0,814.0,328.0,3.663,NEAR BAY,3,158300.0,222331.2603088531
-117.79,33.55,39.0,5066.0,1292.0,1915.0,1117.0,3.821,<1H OCEAN,3,452100.0,323791.06883478275
-122.22,37.77,52.0,391.0,128.0,520.0,138.0,1.6471,NEAR BAY,2,95000.0,146705.6903046459
-121.57,39.78,18.0,2221.0,459.0,952.0,440.0,2.0458,INLAND,2,105700.0,92159.309694052
-119.77,36.8,32.0,3461.0,665.0,1507.0,649.0,2.9244,INLAND,2,84600.0,113476.8647482328
-117.23,33.24,26.0,1991.0,330.0,1014.0,304.0,4.3068,<1H OCEAN,3,240100.0,193212.26577574885
-117.69,34.03,20.0,6374.0,1412.0,3690.0,1350.0,3.4184,INLAND,3,162500.0,142438.378959553
-117.42,34.0,32.0,1617.0,346.0,1153.0,385.0,3.016,INLAND,3,96600.0,99206.73307463975
-117.2,34.5,10.0,4201.0,850.0,2378.0,808.0,2.1781,INLAND,2,92200.0,77815.35264163042
-118.21,34.11,32.0,2759.0,499.0,1661.0,533.0,4.3812,<1H OCEAN,3,228200.0,223369.2780672868
-120.44,34.97,26.0,1705.0,344.0,1605.0,307.0,3.7589,<1H OCEAN,3,113700.0,190073.14757990744
-120.1,36.66,19.0,2020.0,416.0,1341.0,360.0,1.7,INLAND,2,69000.0,52946.86155900316
-122.14,37.43,52.0,1383.0,227.0,551.0,249.0,6.5829,NEAR BAY,5,500001.0,394658.1059746598
-122.21,37.49,24.0,2528.0,947.0,2437.0,861.0,2.2746,NEAR BAY,2,225000.0,192154.42597108116
-117.67,34.1,28.0,1263.0,248.0,601.0,219.0,3.875,INLAND,3,174000.0,161834.58539441548
-122.48,37.86,52.0,3914.0,752.0,1177.0,670.0,6.2113,NEAR BAY,5,500001.0,479175.69852619816
-122.18,37.79,39.0,617.0,95.0,236.0,106.0,5.2578,NEAR BAY,4,253000.0,282555.46242703026
-117.07,32.79,25.0,2489.0,314.0,911.0,309.0,7.8336,NEAR OCEAN,5,277600.0,353726.24314253515
-118.0,33.91,19.0,5166.0,770.0,2374.0,753.0,5.979,<1H OCEAN,4,285200.0,275104.9079037011
-122.33,37.93,34.0,2326.0,471.0,1356.0,441.0,2.3475,NEAR BAY,2,90300.0,121727.28035404722
-117.17,33.34,15.0,3313.0,679.0,1022.0,564.0,2.7986,<1H OCEAN,2,189900.0,205315.65614885496
-117.9,33.69,13.0,9947.0,1675.0,4071.0,1582.0,5.422,<1H OCEAN,4,316600.0,252025.85574515798
-117.78,33.88,16.0,1800.0,238.0,871.0,234.0,6.6678,<1H OCEAN,5,301900.0,297829.6770517842
-117.32,34.48,8.0,4627.0,887.0,2739.0,846.0,3.0204,INLAND,3,93100.0,98646.57924736572
-118.26,33.97,47.0,1504.0,374.0,1168.0,358.0,1.4625,<1H OCEAN,1,94200.0,126667.34320226088
-117.85,33.76,33.0,1866.0,327.0,1053.0,371.0,4.5461,<1H OCEAN,4,213800.0,206959.28764872774
-117.93,34.06,35.0,1022.0,183.0,628.0,187.0,3.9375,<1H OCEAN,3,187500.0,208301.79438385254
-122.45,37.78,52.0,3975.0,716.0,1515.0,691.0,5.0156,NEAR BAY,4,500001.0,422242.6962361731
-122.42,37.74,52.0,2713.0,624.0,1370.0,594.0,4.6547,NEAR BAY,4,325700.0,364773.09904654184
-117.29,33.05,28.0,1146.0,338.0,672.0,292.0,3.1667,NEAR OCEAN,3,300000.0,219017.18537127652
-122.34,37.94,42.0,2206.0,451.0,989.0,444.0,3.125,NEAR BAY,3,143900.0,180238.338931068
-122.42,37.8,52.0,2852.0,581.0,838.0,510.0,8.0755,NEAR BAY,5,500001.0,538934.880127377
-117.0,32.67,16.0,2238.0,307.0,1002.0,303.0,6.6143,NEAR OCEAN,5,264100.0,260233.60658345616
-115.57,32.85,33.0,1365.0,269.0,825.0,250.0,3.2396,INLAND,3,62300.0,95649.99672807271
-121.18,39.19,16.0,1528.0,351.0,729.0,319.0,2.4688,INLAND,2,138800.0,114749.85736707377
-118.28,33.92,37.0,742.0,151.0,729.0,144.0,3.055,<1H OCEAN,3,105400.0,158368.5721646739
-115.57,32.85,17.0,1039.0,256.0,728.0,246.0,1.7411,INLAND,2,63500.0,58319.04042665031
-117.55,33.83,6.0,502.0,76.0,228.0,65.0,4.2386,INLAND,3,500001.0,164652.97193853388
-121.42,38.47,11.0,5665.0,1507.0,3422.0,1299.0,2.3343,INLAND,2,97800.0,105947.76112142952
-117.43,34.08,31.0,3207.0,560.0,1582.0,538.0,4.263,INLAND,3,127400.0,160511.10144320832
-122.17,37.77,30.0,3326.0,746.0,1704.0,703.0,2.875,NEAR BAY,2,135300.0,206217.7866529602
-121.64,36.68,16.0,6568.0,1603.0,6012.0,1565.0,2.3463,<1H OCEAN,2,156100.0,186318.1825549493
-118.28,34.18,47.0,2243.0,339.0,911.0,319.0,7.4046,<1H OCEAN,5,446800.0,403221.22139542224
-121.54,39.12,17.0,4251.0,899.0,3265.0,934.0,2.3496,INLAND,2,65000.0,95933.54330201102
-118.19,33.96,40.0,979.0,296.0,934.0,292.0,2.6354,<1H OCEAN,2,151800.0,136811.3591856357
-117.12,32.77,43.0,2167.0,464.0,977.0,461.0,3.125,NEAR OCEAN,3,192200.0,192206.32902446372
-118.37,33.97,21.0,3616.0,1060.0,2515.0,945.0,2.7464,<1H OCEAN,2,153100.0,227061.73516137493
-116.99,32.79,26.0,3623.0,703.0,1609.0,669.0,3.744,<1H OCEAN,3,165800.0,194171.64952149175
-122.25,37.77,52.0,2156.0,458.0,872.0,445.0,3.2685,NEAR BAY,3,254200.0,246670.1773587259
-121.93,37.25,21.0,1354.0,289.0,639.0,273.0,4.5333,<1H OCEAN,4,234200.0,266428.5083058387
-121.29,37.96,52.0,888.0,324.0,630.0,258.0,1.2411,INLAND,1,112500.0,93699.17579689476
-119.03,35.39,28.0,4513.0,764.0,1593.0,763.0,2.9821,INLAND,2,118700.0,132453.61243902025
-121.91,37.34,35.0,2189.0,607.0,1193.0,562.0,2.8042,<1H OCEAN,2,240900.0,219253.7899904384
-121.89,37.3,47.0,1604.0,284.0,639.0,278.0,5.8415,<1H OCEAN,4,283300.0,377072.73743952945
-120.92,37.63,39.0,45.0,8.0,22.0,9.0,1.7679,INLAND,2,450000.0,96535.83942986798
-119.27,35.5,21.0,2171.0,483.0,1315.0,450.0,1.7105,INLAND,2,52100.0,57002.16177586381
-120.31,37.29,40.0,1542.0,341.0,1283.0,341.0,1.6929,INLAND,2,55900.0,58566.617152249564
-120.02,37.72,17.0,2806.0,600.0,990.0,410.0,2.3818,INLAND,2,88100.0,107561.04970425961
-118.04,34.09,34.0,2597.0,461.0,1542.0,470.0,4.6211,INLAND,4,248900.0,214308.26100203005
-120.24,39.67,52.0,296.0,63.0,143.0,56.0,3.625,INLAND,3,68600.0,138751.417844876
-118.14,34.16,36.0,2973.0,807.0,2846.0,784.0,2.6217,<1H OCEAN,2,156300.0,177237.85875780604
-122.43,37.64,42.0,4091.0,757.0,1861.0,771.0,4.207,NEAR OCEAN,3,272700.0,306376.09434474254
-118.39,34.04,52.0,1492.0,277.0,666.0,289.0,4.7386,<1H OCEAN,4,340400.0,375152.5350312077
-118.17,34.18,44.0,1401.0,246.0,607.0,271.0,2.8472,<1H OCEAN,2,218800.0,188821.7589369746
-119.56,36.51,9.0,3860.0,809.0,2157.0,770.0,2.5033,INLAND,2,70100.0,88015.07749598275
-117.17,32.69,40.0,2236.0,331.0,767.0,316.0,5.3177,NEAR OCEAN,4,500001.0,325965.37603278464
-120.08,38.8,34.0,1988.0,511.0,36.0,15.0,4.625,INLAND,4,162500.0,233100.32098688176
-117.29,34.49,3.0,7689.0,1545.0,3804.0,1399.0,3.3871,INLAND,3,111800.0,106787.45941543528
-121.0,37.67,27.0,2278.0,479.0,995.0,449.0,2.5148,INLAND,2,110200.0,123925.66689302605
-119.8,36.65,34.0,2263.0,423.0,1184.0,407.0,1.7692,INLAND,2,74200.0,56648.3416249691
-117.08,32.57,18.0,2203.0,544.0,1943.0,497.0,2.25,NEAR OCEAN,2,103200.0,111502.85493673645
-120.7,35.55,10.0,3979.0,761.0,1834.0,671.0,3.5,<1H OCEAN,3,172100.0,226133.57426447986
-117.35,34.13,26.0,3920.0,570.0,1862.0,552.0,3.7286,INLAND,3,132000.0,125030.60295404721
-122.92,39.08,24.0,341.0,64.0,146.0,57.0,4.0,INLAND,3,166300.0,125586.3258108194
-119.33,36.31,17.0,2401.0,409.0,1100.0,409.0,4.0577,INLAND,3,107300.0,117485.58888010019
-116.98,33.77,12.0,5829.0,1309.0,2711.0,1118.0,1.9707,INLAND,2,107900.0,95133.94408333999
-121.32,37.98,20.0,1591.0,589.0,1916.0,536.0,1.3531,INLAND,1,94600.0,71210.46940808711
-120.6,37.35,34.0,1722.0,316.0,904.0,315.0,2.4653,INLAND,2,66100.0,81210.59210978355
-118.08,33.93,39.0,859.0,164.0,673.0,172.0,3.7143,<1H OCEAN,3,158200.0,184598.15470963524
-120.08,37.06,18.0,402.0,76.0,213.0,71.0,1.9063,INLAND,2,95800.0,89007.54472905748
-117.22,33.93,14.0,5104.0,1026.0,3513.0,972.0,3.2148,INLAND,3,117000.0,113872.11774121122
-122.74,38.45,17.0,3064.0,588.0,1704.0,590.0,3.9329,<1H OCEAN,3,170900.0,206266.67142211238
-117.36,33.99,42.0,1178.0,261.0,804.0,283.0,2.9688,INLAND,2,92900.0,101167.47458880697
-117.91,33.84,29.0,1570.0,482.0,1849.0,430.0,2.6563,<1H OCEAN,2,162500.0,149507.09213835202
-118.11,34.0,24.0,2403.0,590.0,2103.0,547.0,2.7292,<1H OCEAN,2,193800.0,169344.47276482594
-118.3,34.0,40.0,1131.0,281.0,859.0,230.0,1.1806,<1H OCEAN,1,134600.0,158383.38776393008
-121.5,38.56,46.0,2646.0,645.0,1684.0,616.0,1.128,INLAND,1,123100.0,81581.06113629247
-117.3,34.05,7.0,4672.0,1121.0,2534.0,1046.0,3.4228,INLAND,3,115700.0,135201.68323963406
-121.97,38.04,38.0,2505.0,554.0,1595.0,498.0,2.5833,INLAND,2,83500.0,95876.41306238862
-119.25,35.79,8.0,3271.0,797.0,2700.0,688.0,1.7418,INLAND,2,62200.0,64375.506661443294
-119.34,36.3,13.0,2394.0,458.0,1177.0,389.0,2.6875,INLAND,2,74400.0,88646.60517362198
-118.14,33.9,39.0,1379.0,282.0,883.0,291.0,3.3375,<1H OCEAN,3,180100.0,176684.51711505823
-116.99,32.8,34.0,3657.0,538.0,1513.0,562.0,5.2907,<1H OCEAN,4,195800.0,233956.30231175452
-118.09,34.18,34.0,3113.0,409.0,1139.0,418.0,10.2289,INLAND,5,500001.0,452174.3022945658
-117.58,33.87,30.0,701.0,131.0,356.0,125.0,3.2917,INLAND,3,144300.0,126334.00394673998
-121.28,38.13,32.0,3366.0,676.0,1916.0,697.0,2.5401,INLAND,2,125400.0,105103.67436437502
-119.83,36.8,16.0,6101.0,1200.0,3407.0,1134.0,3.125,INLAND,3,80800.0,110210.81248129826
-119.82,36.79,35.0,1474.0,291.0,709.0,294.0,2.6522,INLAND,2,65900.0,89525.4882433456
-118.21,33.81,45.0,1816.0,398.0,1524.0,388.0,3.8586,NEAR OCEAN,3,157900.0,202253.04682694998
-117.3,32.85,28.0,2334.0,694.0,770.0,552.0,3.1324,NEAR OCEAN,3,500001.0,268899.1883188151
-121.91,37.32,42.0,1067.0,256.0,608.0,280.0,3.0096,<1H OCEAN,3,180800.0,209908.84687130203
-118.13,33.79,44.0,2153.0,375.0,947.0,364.0,5.0072,NEAR OCEAN,4,236200.0,286954.58567795274
-118.24,33.9,38.0,2055.0,442.0,1518.0,425.0,2.3382,<1H OCEAN,2,103000.0,136849.1232750082
-117.81,33.74,24.0,2696.0,649.0,1908.0,626.0,3.3047,<1H OCEAN,3,216900.0,180798.8997078506
-118.36,34.09,28.0,1111.0,300.0,526.0,294.0,2.6136,<1H OCEAN,2,383300.0,239708.8897443754
-118.31,34.07,20.0,3264.0,1248.0,2919.0,1191.0,2.3674,<1H OCEAN,2,500001.0,213351.62712568036
-120.95,39.93,26.0,2023.0,385.0,922.0,365.0,2.8125,INLAND,2,83500.0,96654.75208338254
-122.65,38.47,24.0,2268.0,330.0,847.0,296.0,3.858,<1H OCEAN,3,214400.0,199362.665065559
-122.64,41.63,19.0,2722.0,479.0,1108.0,430.0,3.1062,INLAND,3,100000.0,111627.21514099294
-121.47,38.49,17.0,3595.0,790.0,2760.0,770.0,2.3233,INLAND,2,78800.0,92331.5246000683
-117.25,34.15,30.0,1770.0,380.0,990.0,348.0,3.3,INLAND,3,97600.0,127918.21884865972
-118.37,34.18,42.0,1140.0,300.0,643.0,252.0,3.3958,<1H OCEAN,3,178400.0,249018.51393246715
-118.87,34.23,14.0,4242.0,746.0,1858.0,689.0,6.0145,<1H OCEAN,5,287100.0,295520.68980215694
-117.87,33.89,25.0,1142.0,162.0,486.0,150.0,7.1472,<1H OCEAN,5,270100.0,324703.8347493698
-118.53,34.45,26.0,828.0,149.0,508.0,158.0,5.2374,<1H OCEAN,4,185500.0,260196.36395381478
-119.63,36.35,4.0,1684.0,343.0,920.0,324.0,4.2396,INLAND,3,90600.0,124973.93845420681
-121.88,37.33,35.0,3300.0,1154.0,3120.0,1075.0,1.473,<1H OCEAN,1,213600.0,187769.8600434058
-121.21,37.81,18.0,2404.0,498.0,1531.0,506.0,2.995,INLAND,2,124300.0,105929.49230925359
-117.23,32.88,18.0,5566.0,1465.0,6303.0,1458.0,1.858,NEAR OCEAN,2,205000.0,170390.3853174132
-118.06,34.1,43.0,1833.0,355.0,786.0,334.0,3.5761,<1H OCEAN,3,256700.0,227705.54530826834
-118.63,34.16,30.0,3346.0,487.0,1296.0,495.0,7.457,<1H OCEAN,5,392700.0,456262.6271997067
-117.17,32.79,43.0,1269.0,297.0,946.0,285.0,2.1447,NEAR OCEAN,2,133300.0,152123.10647075443
-122.17,38.06,16.0,3515.0,626.0,1764.0,626.0,4.4397,NEAR BAY,3,187100.0,194794.60635994948
-118.33,33.86,38.0,914.0,176.0,519.0,174.0,6.0335,<1H OCEAN,5,255400.0,346688.0565647774
-122.41,37.61,43.0,1934.0,303.0,847.0,300.0,4.7381,NEAR OCEAN,4,347400.0,305898.3341947218
-121.3,38.11,5.0,5979.0,1190.0,2679.0,1084.0,4.196,INLAND,3,171700.0,171003.44026768848
-122.27,37.82,40.0,946.0,375.0,700.0,352.0,1.775,NEAR BAY,2,112500.0,157389.79255908568
-116.15,34.14,18.0,3312.0,705.0,1251.0,512.0,3.0139,INLAND,3,82600.0,126465.37990935628
-119.0,35.36,35.0,1021.0,280.0,1258.0,239.0,1.7375,INLAND,2,48600.0,43041.60130571684
-119.07,35.34,16.0,4201.0,786.0,1667.0,724.0,4.8839,INLAND,4,134100.0,161223.75854017428
-118.14,33.9,26.0,2145.0,471.0,1150.0,429.0,3.5972,<1H OCEAN,3,225800.0,207924.2653530952
-118.14,34.11,52.0,2742.0,422.0,1153.0,414.0,8.1124,<1H OCEAN,5,500001.0,461962.3404292121
-118.37,34.06,52.0,2239.0,423.0,832.0,411.0,5.0858,<1H OCEAN,4,470000.0,394414.90087351645
-118.15,34.09,52.0,2203.0,430.0,1238.0,403.0,4.4306,<1H OCEAN,3,225800.0,273071.6578838496
-118.35,34.05,44.0,1856.0,493.0,1374.0,469.0,2.0984,<1H OCEAN,2,158000.0,184040.2298935783
-121.28,38.71,8.0,4053.0,912.0,2033.0,897.0,2.8973,INLAND,2,117100.0,128024.13317703751
-121.61,37.15,16.0,5498.0,729.0,2051.0,694.0,7.8601,<1H OCEAN,5,416300.0,405792.5015368007
-120.31,37.64,11.0,2403.0,497.0,890.0,344.0,3.0,INLAND,2,120800.0,128093.34940411872
-118.11,33.84,36.0,1463.0,257.0,722.0,260.0,4.8438,<1H OCEAN,4,226300.0,227168.19539226702
-121.44,38.65,28.0,1219.0,240.0,559.0,212.0,3.8295,INLAND,3,122200.0,133047.6142767109
-121.85,38.0,24.0,2269.0,584.0,1239.0,542.0,2.0411,INLAND,2,100000.0,99189.5200482632
-122.22,37.48,47.0,2570.0,783.0,3107.0,724.0,2.8058,NEAR OCEAN,2,229500.0,221832.08257622365
-120.89,37.59,33.0,1016.0,206.0,617.0,209.0,2.151,INLAND,2,195800.0,86415.90827765975
-120.85,37.75,26.0,28.0,4.0,9.0,5.0,1.625,INLAND,2,85000.0,96966.55898413528
-118.12,33.94,33.0,2394.0,576.0,1166.0,548.0,2.7317,<1H OCEAN,2,264700.0,171208.51737007045
-122.05,37.31,25.0,4601.0,696.0,2003.0,666.0,8.0727,<1H OCEAN,5,455500.0,425622.7480790788
-118.0,33.76,26.0,1876.0,455.0,1499.0,436.0,2.925,<1H OCEAN,2,176000.0,159532.60628532237
-120.44,37.28,12.0,2855.0,598.0,1658.0,586.0,2.3929,INLAND,2,81100.0,81637.62864746091
-122.12,38.0,20.0,6992.0,1404.0,3221.0,1334.0,4.2042,NEAR BAY,3,166400.0,212224.44115733472
-119.02,35.32,14.0,2927.0,588.0,1821.0,561.0,3.3529,INLAND,3,82600.0,92571.9723161195
-118.16,33.77,30.0,2800.0,757.0,1292.0,742.0,2.7614,NEAR OCEAN,2,272200.0,223790.6214834645
-118.15,33.77,27.0,3043.0,787.0,1398.0,747.0,3.5528,NEAR OCEAN,3,271100.0,267174.53006074025
-122.0,37.36,17.0,6012.0,1737.0,3539.0,1625.0,3.8464,<1H OCEAN,3,239400.0,245046.91212587262
-118.17,33.92,36.0,2447.0,503.0,1532.0,498.0,4.3667,<1H OCEAN,3,171800.0,198667.20498764227
-121.64,39.74,20.0,1808.0,334.0,763.0,335.0,2.3711,INLAND,2,121800.0,98142.85594419013
-117.33,33.19,15.0,3672.0,845.0,1827.0,796.0,2.9716,NEAR OCEAN,2,173600.0,202551.43477261852
-117.94,33.88,35.0,1694.0,296.0,679.0,282.0,4.3333,<1H OCEAN,3,239300.0,223392.03423515067
-119.34,35.6,16.0,1584.0,309.0,1011.0,268.0,2.4961,INLAND,2,58800.0,64291.20084148658
-122.27,37.88,52.0,1693.0,391.0,669.0,367.0,3.5417,NEAR BAY,3,287500.0,241858.37821186523
-120.08,36.95,41.0,1164.0,211.0,476.0,171.0,2.4196,INLAND,2,70700.0,92359.96136391039
-118.38,34.2,23.0,4138.0,1171.0,3911.0,1068.0,3.0125,<1H OCEAN,3,181700.0,214760.29168809624
-121.34,37.96,23.0,2830.0,659.0,1554.0,654.0,3.0354,INLAND,3,113700.0,130126.50676115982
-118.15,33.84,36.0,2987.0,491.0,1360.0,497.0,4.8013,<1H OCEAN,4,224100.0,232162.09676089045
-121.98,37.82,18.0,9117.0,1248.0,3280.0,1167.0,8.003,<1H OCEAN,5,351300.0,406856.74078088446
-119.51,34.4,24.0,3422.0,596.0,1763.0,601.0,5.2039,NEAR OCEAN,4,301300.0,300983.28658438695
-122.18,37.75,45.0,330.0,76.0,282.0,80.0,4.0469,NEAR BAY,3,80700.0,217808.8858155112
-117.21,33.93,4.0,10002.0,1468.0,5439.0,1397.0,5.0223,INLAND,4,152600.0,170232.3823635498
-118.03,33.81,26.0,3635.0,567.0,1779.0,543.0,5.7089,<1H OCEAN,4,237400.0,253761.39557991835
-117.03,32.69,5.0,3201.0,532.0,2061.0,536.0,5.0829,NEAR OCEAN,4,179400.0,183557.53670750133
-118.05,34.14,39.0,2125.0,295.0,862.0,303.0,8.9728,INLAND,5,500001.0,459246.7211898263
-122.76,38.44,11.0,2895.0,524.0,1633.0,534.0,4.7283,<1H OCEAN,4,170200.0,218049.52457849742
-117.86,33.74,9.0,525.0,171.0,1257.0,165.0,3.375,<1H OCEAN,3,165300.0,163485.07635158158
-121.88,37.26,13.0,1676.0,471.0,710.0,406.0,3.8936,<1H OCEAN,3,225900.0,275458.5274766398
-117.92,33.74,18.0,1639.0,491.0,2513.0,458.0,2.1838,<1H OCEAN,2,159700.0,133856.8096692028
-118.41,33.97,44.0,2298.0,388.0,849.0,360.0,5.5941,<1H OCEAN,4,363500.0,417751.3423810725
-118.17,33.98,41.0,428.0,111.0,585.0,139.0,3.1786,<1H OCEAN,3,132100.0,173638.08483479926
-122.46,37.78,52.0,4140.0,984.0,2030.0,892.0,3.4236,NEAR BAY,3,376800.0,375046.9964490628
-122.79,39.02,23.0,642.0,203.0,265.0,84.0,1.8833,INLAND,2,96900.0,94336.65441783622
-122.44,37.75,28.0,4930.0,1381.0,2232.0,1321.0,4.3232,NEAR BAY,3,316200.0,327798.0083644987
-122.48,37.76,52.0,2684.0,574.0,1395.0,549.0,3.9097,NEAR BAY,3,323800.0,342874.36801115004
-118.46,34.05,21.0,3639.0,1002.0,1489.0,983.0,4.6197,<1H OCEAN,4,387500.0,366227.76432142506
-122.75,38.43,36.0,1599.0,345.0,1086.0,314.0,2.6667,<1H OCEAN,2,149100.0,141056.91920815228
-118.51,34.11,29.0,9013.0,1117.0,2919.0,1061.0,13.947,<1H OCEAN,5,500001.0,515446.4236485139
-117.94,33.64,24.0,1097.0,307.0,470.0,333.0,1.6389,<1H OCEAN,2,225000.0,165848.47129680865
-118.44,34.22,36.0,1191.0,266.0,718.0,248.0,3.4612,<1H OCEAN,3,178800.0,205565.81850063452
-122.28,37.82,52.0,1170.0,235.0,701.0,233.0,1.6098,NEAR BAY,2,87500.0,139966.46933733308
-119.08,35.34,15.0,1474.0,235.0,768.0,238.0,4.1528,INLAND,3,130100.0,127191.37639166761
-118.4,33.88,36.0,3022.0,482.0,1278.0,494.0,7.2651,<1H OCEAN,5,500001.0,454377.6769876614
-117.95,33.89,17.0,1665.0,247.0,755.0,254.0,6.5764,<1H OCEAN,5,349000.0,293472.9870391535
-119.04,35.35,31.0,1607.0,336.0,817.0,307.0,2.5644,INLAND,2,73000.0,83756.31335002437
-117.31,32.98,17.0,2789.0,648.0,849.0,345.0,4.1012,NEAR OCEAN,3,244700.0,276779.030180656
-118.06,34.12,35.0,2053.0,369.0,1044.0,375.0,4.1875,INLAND,3,275400.0,200560.7307459317
-122.46,37.71,52.0,1580.0,337.0,1425.0,330.0,4.0547,NEAR OCEAN,3,246200.0,276792.49457040505
-117.69,33.61,16.0,3010.0,580.0,1649.0,538.0,4.0221,<1H OCEAN,3,236200.0,202699.9818756628
-122.29,37.89,52.0,2178.0,421.0,940.0,423.0,5.0551,NEAR BAY,4,232200.0,308706.31537775317
-117.28,35.13,32.0,671.0,166.0,856.0,114.0,2.6477,INLAND,2,53300.0,57145.55200944983
-118.2,33.98,38.0,867.0,243.0,950.0,235.0,1.8929,<1H OCEAN,2,163100.0,125450.62389098058
-116.44,34.12,18.0,5584.0,1303.0,2250.0,1158.0,1.5823,INLAND,2,72400.0,107129.09336395536
-117.85,33.81,32.0,1766.0,322.0,876.0,330.0,4.0417,<1H OCEAN,3,234500.0,200373.90017814303
-121.03,37.65,37.0,375.0,58.0,120.0,37.0,3.9844,INLAND,3,150000.0,141264.20234662865
-118.3,34.0,52.0,1420.0,355.0,1080.0,353.0,1.5179,<1H OCEAN,2,116100.0,156520.70952371083
-118.17,33.77,36.0,2933.0,881.0,2077.0,838.0,2.2538,NEAR OCEAN,2,181300.0,192537.98154140334
-121.76,36.77,27.0,1608.0,503.0,2031.0,498.0,2.3384,<1H OCEAN,2,121000.0,165270.46520630203
-122.22,38.09,47.0,2161.0,440.0,966.0,360.0,2.2734,NEAR BAY,2,88700.0,137701.12696883973
-117.96,33.81,34.0,1416.0,277.0,980.0,284.0,4.7772,<1H OCEAN,4,182500.0,209317.7623001657
-122.75,38.48,4.0,6487.0,1112.0,2958.0,1131.0,4.5417,<1H OCEAN,4,197400.0,233088.42212293285
-118.19,33.91,43.0,1531.0,357.0,1509.0,376.0,2.6354,<1H OCEAN,2,128100.0,132803.46047900093
-122.32,40.42,17.0,3019.0,578.0,1538.0,545.0,2.793,INLAND,2,76500.0,85043.86674904154
-118.88,34.21,26.0,1590.0,196.0,654.0,199.0,6.5851,<1H OCEAN,5,300000.0,312134.39405788295
-117.68,33.57,2.0,10008.0,1453.0,3550.0,1139.0,10.1122,<1H OCEAN,5,500001.0,452385.1039308088
-118.42,34.29,34.0,1489.0,326.0,1389.0,313.0,3.4821,<1H OCEAN,3,160300.0,193385.3731350356
-121.87,37.38,14.0,3851.0,534.0,2052.0,478.0,7.0735,<1H OCEAN,5,335600.0,341962.5035558089
-117.13,32.75,20.0,2271.0,602.0,992.0,520.0,2.2599,NEAR OCEAN,2,157600.0,148069.41857111154
-122.7,38.45,47.0,904.0,154.0,310.0,144.0,3.9766,<1H OCEAN,3,190600.0,201689.8384242644
-117.74,33.61,17.0,2116.0,474.0,662.0,443.0,3.5625,<1H OCEAN,3,180800.0,261319.3415641307
-122.36,37.96,39.0,246.0,57.0,316.0,52.0,0.716,NEAR BAY,1,104200.0,116829.17765990642
-117.62,34.08,22.0,2626.0,631.0,1678.0,557.0,3.125,INLAND,3,111800.0,138745.47760132328
-122.14,37.7,36.0,1266.0,228.0,606.0,239.0,3.9702,NEAR BAY,3,194100.0,214928.43977611826
-122.25,37.5,44.0,348.0,79.0,154.0,73.0,4.7708,NEAR OCEAN,4,253800.0,318763.3985081143
-121.36,38.57,26.0,1793.0,244.0,653.0,235.0,5.6485,INLAND,4,129500.0,211072.27016624538
-117.41,33.94,33.0,2074.0,476.0,911.0,420.0,2.87,INLAND,2,117600.0,133850.47882148434
-122.49,37.76,52.0,1382.0,230.0,708.0,279.0,5.8096,NEAR BAY,4,339800.0,421780.32848787785
-118.14,33.77,51.0,2812.0,621.0,1171.0,566.0,3.875,NEAR OCEAN,3,342900.0,271974.7307772617
-117.92,34.07,29.0,1699.0,399.0,1052.0,411.0,3.2122,<1H OCEAN,3,195500.0,203882.29082619268
-121.61,39.13,21.0,1432.0,328.0,933.0,336.0,1.6823,INLAND,2,83800.0,73095.83409059147
-122.04,38.25,38.0,1214.0,244.0,632.0,254.0,2.8438,INLAND,2,94200.0,99297.92513535247
-122.94,39.1,18.0,681.0,120.0,272.0,105.0,2.8906,INLAND,2,140600.0,95353.24740065433
-118.61,34.2,16.0,1718.0,467.0,896.0,475.0,3.6296,<1H OCEAN,3,160900.0,262410.5748664572
-122.82,38.41,32.0,701.0,182.0,489.0,168.0,2.785,<1H OCEAN,2,169300.0,175615.0287492783
-117.64,33.48,12.0,2007.0,397.0,1033.0,373.0,5.6754,<1H OCEAN,4,275900.0,271355.2881673833
-118.18,33.78,26.0,3042.0,1253.0,4812.0,1141.0,1.7701,NEAR OCEAN,2,146200.0,180130.01016541678
-118.24,34.15,7.0,2063.0,670.0,1892.0,643.0,1.7301,<1H OCEAN,2,202300.0,168099.0184205896
-122.3,38.29,48.0,2278.0,477.0,1219.0,453.0,2.9643,NEAR BAY,2,154000.0,153759.94991199084
-117.61,34.09,23.0,1945.0,362.0,1483.0,383.0,4.4205,INLAND,3,135500.0,161095.67696293374
-122.46,37.7,42.0,876.0,216.0,713.0,203.0,3.84,NEAR OCEAN,3,235900.0,240277.42525865074
-117.61,34.08,20.0,3550.0,736.0,2229.0,681.0,3.0199,INLAND,3,128800.0,134156.75683914506
-121.87,37.28,21.0,3305.0,749.0,2459.0,701.0,3.9688,<1H OCEAN,3,249600.0,234250.33569563398
-117.69,33.47,23.0,3499.0,722.0,1480.0,634.0,3.86,<1H OCEAN,3,300000.0,240640.24056902726
-121.34,38.58,17.0,1605.0,258.0,748.0,262.0,5.0917,INLAND,4,134100.0,176899.7279621012
-122.53,37.88,36.0,2688.0,485.0,1064.0,449.0,4.4583,NEAR BAY,3,308600.0,336345.4336169767
-118.31,33.74,36.0,2464.0,472.0,1111.0,457.0,4.5074,NEAR OCEAN,4,350000.0,283219.9344135116
-122.22,38.1,44.0,2256.0,451.0,1057.0,426.0,3.1204,NEAR BAY,3,110800.0,165793.2964683733
-122.08,37.68,37.0,848.0,202.0,314.0,205.0,2.3958,NEAR BAY,2,190800.0,160404.67030233415
-117.46,34.1,7.0,1759.0,473.0,1064.0,328.0,1.9583,INLAND,2,108800.0,93378.66436011615
-121.36,38.4,18.0,4813.0,849.0,2333.0,843.0,4.175,INLAND,3,144400.0,163071.05615680688
-122.27,37.84,52.0,1503.0,298.0,690.0,275.0,2.6033,NEAR BAY,2,162900.0,180985.36112368808
-121.87,37.99,15.0,2203.0,312.0,1051.0,311.0,4.9783,INLAND,4,163900.0,153242.60436792273
-117.1,32.69,35.0,1292.0,272.0,1183.0,272.0,2.0547,NEAR OCEAN,2,98000.0,94648.29208907858
-118.21,33.93,33.0,2739.0,801.0,3423.0,741.0,2.2847,<1H OCEAN,2,132700.0,144019.34733769536
-121.7,36.6,19.0,3562.0,530.0,1607.0,505.0,5.0162,<1H OCEAN,4,283100.0,245334.49148466098
-122.32,37.54,34.0,3661.0,692.0,1608.0,656.0,5.0774,NEAR OCEAN,4,407200.0,326598.1932178308
-118.02,33.74,26.0,3842.0,609.0,1961.0,595.0,6.128,<1H OCEAN,5,248200.0,275025.1233979393
-123.48,40.34,19.0,518.0,108.0,216.0,80.0,2.7083,INLAND,2,64500.0,79918.7465236217
-122.11,37.4,31.0,2836.0,490.0,1138.0,481.0,4.9519,NEAR BAY,4,500001.0,272464.685195597
-117.73,33.57,5.0,11976.0,2495.0,4327.0,2009.0,4.8488,<1H OCEAN,4,194400.0,238008.92051095117
-118.33,34.03,39.0,2840.0,826.0,1911.0,688.0,1.9018,<1H OCEAN,2,137500.0,208483.9771342054
-117.75,34.07,52.0,1548.0,348.0,1131.0,343.0,2.63,INLAND,2,127300.0,121878.930910741
-120.35,36.16,18.0,1519.0,296.0,846.0,272.0,2.7792,INLAND,2,85300.0,84812.33044495764
-118.36,34.18,36.0,2233.0,605.0,1934.0,599.0,2.8784,<1H OCEAN,2,194900.0,192629.02523981882
-120.84,35.35,27.0,2863.0,711.0,930.0,533.0,2.6205,NEAR OCEAN,2,221100.0,243941.19231182215
-117.87,34.11,34.0,1324.0,211.0,799.0,228.0,4.5234,<1H OCEAN,4,192200.0,210758.3600138257
-118.32,34.07,25.0,2740.0,707.0,1420.0,664.0,3.5909,<1H OCEAN,3,404500.0,289113.3600074209
-121.63,39.15,27.0,2991.0,637.0,1419.0,606.0,1.8849,INLAND,2,73500.0,81119.23181826201
-122.82,38.39,22.0,1288.0,243.0,593.0,220.0,3.625,<1H OCEAN,3,233700.0,206446.81494360062
-117.41,33.96,32.0,2837.0,617.0,1393.0,595.0,2.3798,INLAND,2,118800.0,98421.7279178511
-120.99,37.64,50.0,683.0,189.0,459.0,195.0,1.8162,INLAND,2,70000.0,84063.75145898676
-117.12,33.15,7.0,2810.0,464.0,1564.0,457.0,4.4655,<1H OCEAN,3,182800.0,173962.180073211
-118.54,34.28,10.0,7665.0,999.0,3517.0,998.0,10.8805,<1H OCEAN,5,500001.0,445826.10385311354
-118.32,34.01,50.0,1842.0,377.0,817.0,341.0,3.1548,<1H OCEAN,3,157700.0,234635.18205055757
-121.23,38.04,32.0,1829.0,262.0,677.0,243.0,6.1805,INLAND,5,247900.0,261910.31443881782
-122.12,37.29,11.0,436.0,70.0,212.0,75.0,8.6196,<1H OCEAN,5,500001.0,422023.093841562
-119.27,34.45,15.0,1659.0,274.0,679.0,253.0,5.0,<1H OCEAN,4,357900.0,253633.70406315214
-119.55,36.61,14.0,3004.0,793.0,3535.0,735.0,1.586,INLAND,2,56900.0,59108.15680265694
-117.81,33.71,16.0,2666.0,387.0,1227.0,347.0,7.3769,<1H OCEAN,5,302400.0,325660.3604046997
-121.3,38.67,23.0,2145.0,340.0,1022.0,349.0,4.2037,INLAND,3,125400.0,141420.54378532074
-121.96,37.03,17.0,1343.0,203.0,511.0,185.0,4.625,NEAR OCEAN,4,386400.0,277777.7071432609
-117.28,33.2,11.0,1472.0,261.0,1012.0,285.0,4.21,NEAR OCEAN,3,175600.0,206399.85474539915
-117.47,33.93,33.0,919.0,208.0,724.0,235.0,3.4028,INLAND,3,110500.0,103867.41215956799
-118.38,34.14,42.0,1253.0,225.0,492.0,224.0,7.7112,<1H OCEAN,5,386700.0,472018.6409416414
-121.45,38.37,32.0,1441.0,261.0,629.0,249.0,4.4519,INLAND,3,137500.0,155627.52605938746
-121.9,37.41,24.0,4759.0,921.0,3188.0,902.0,5.6344,<1H OCEAN,4,228700.0,281310.4834267312
-118.37,33.94,29.0,2265.0,813.0,3425.0,781.0,2.3675,<1H OCEAN,2,149400.0,198106.49565807314
-119.03,35.35,34.0,1441.0,294.0,695.0,275.0,2.6875,INLAND,2,73700.0,89956.2077976129
-122.41,37.81,25.0,1178.0,545.0,592.0,441.0,3.6728,NEAR BAY,3,500001.0,318601.50192738365
-117.41,33.95,37.0,1586.0,283.0,675.0,305.0,2.9583,INLAND,2,132100.0,125221.32584211604
-122.41,40.55,19.0,3753.0,761.0,1952.0,738.0,3.0954,INLAND,3,86500.0,122813.4476229618
-118.36,34.16,42.0,2304.0,442.0,862.0,429.0,4.3542,<1H OCEAN,3,417900.0,330492.87504336523
-117.13,33.15,16.0,3907.0,671.0,1759.0,663.0,3.1776,<1H OCEAN,3,172600.0,163476.3800606229
-121.19,37.93,27.0,1621.0,363.0,909.0,345.0,2.1513,INLAND,2,99700.0,87005.44799182586
-117.71,33.6,25.0,1949.0,459.0,602.0,428.0,2.7601,<1H OCEAN,2,72500.0,217786.4371234648
-118.28,33.85,27.0,489.0,98.0,403.0,97.0,5.144,<1H OCEAN,4,180800.0,261841.65785885396
-122.42,38.27,25.0,3282.0,566.0,1244.0,483.0,4.5313,NEAR BAY,4,308400.0,278560.54315190756
-122.06,37.34,13.0,2057.0,466.0,790.0,436.0,5.0081,<1H OCEAN,4,288300.0,298143.37753622746
-117.15,32.76,43.0,2361.0,489.0,824.0,470.0,3.4196,NEAR OCEAN,3,302200.0,228825.5360726883
-117.88,33.77,31.0,2549.0,355.0,1044.0,362.0,6.9737,<1H OCEAN,5,288800.0,378551.0764435513
-121.06,36.72,23.0,395.0,70.0,166.0,52.0,2.2132,INLAND,2,100000.0,93205.98328852226
-122.4,37.73,42.0,1413.0,406.0,1027.0,362.0,2.3625,NEAR BAY,2,233000.0,187011.10021016744
-117.05,32.58,22.0,2101.0,399.0,1551.0,371.0,4.1518,NEAR OCEAN,3,136900.0,148685.53789701225
-118.37,34.16,11.0,2901.0,871.0,1659.0,789.0,3.1106,<1H OCEAN,3,209400.0,291919.40655575105
-119.04,34.23,21.0,9807.0,1614.0,4199.0,1554.0,5.0145,<1H OCEAN,4,246600.0,256140.49514064027
-120.07,36.96,32.0,1268.0,283.0,549.0,273.0,1.4511,INLAND,1,65200.0,94162.46067098914
-122.31,37.5,22.0,14034.0,3020.0,6266.0,2952.0,4.3939,NEAR OCEAN,3,491200.0,302565.70153030293
-118.8,34.15,9.0,1143.0,179.0,647.0,180.0,6.8474,NEAR OCEAN,5,356700.0,378746.5307903357
-118.35,33.96,26.0,2773.0,681.0,1560.0,631.0,3.1354,<1H OCEAN,3,164300.0,226928.49770147647
-117.25,34.13,35.0,861.0,148.0,381.0,138.0,2.5234,INLAND,2,88200.0,108343.88724718236
-120.76,38.65,17.0,2319.0,430.0,1126.0,372.0,3.5511,INLAND,3,155900.0,134027.43903010336
-117.51,34.14,21.0,2455.0,381.0,1094.0,327.0,4.6437,INLAND,4,191700.0,190967.36243593573
-121.99,38.36,33.0,146.0,31.0,75.0,31.0,3.5179,INLAND,3,84400.0,125452.23389388276
-122.61,38.24,25.0,2990.0,450.0,1335.0,434.0,4.7,<1H OCEAN,4,190100.0,229287.65447689185
-121.4,38.66,50.0,880.0,150.0,1148.0,148.0,2.5062,INLAND,2,112500.0,73711.51731978092
-121.83,37.29,20.0,1649.0,408.0,1729.0,362.0,3.3833,<1H OCEAN,3,115200.0,206571.06910650103
-117.14,33.15,16.0,1129.0,198.0,758.0,178.0,5.0346,<1H OCEAN,4,174600.0,199256.0612311671
-120.63,35.59,9.0,5782.0,1184.0,3026.0,1130.0,2.6528,<1H OCEAN,2,113500.0,178556.98456945174
-121.87,37.31,6.0,3797.0,984.0,2437.0,904.0,3.6802,<1H OCEAN,3,152400.0,241590.8857998549
-121.24,38.66,14.0,3335.0,440.0,1329.0,429.0,6.2082,INLAND,5,250300.0,218337.57117233844
-122.13,37.7,43.0,3046.0,557.0,1333.0,544.0,3.4583,NEAR BAY,3,183700.0,211260.82192972588
-118.68,34.08,18.0,102.0,17.0,55.0,21.0,3.9934,NEAR OCEAN,3,500001.0,311793.59830903704
-122.53,38.01,27.0,3121.0,531.0,1318.0,489.0,5.4781,NEAR BAY,4,310900.0,303987.49313144764
-122.07,37.67,27.0,3239.0,671.0,1469.0,616.0,3.2465,NEAR BAY,3,230600.0,216066.54033890975
-119.82,36.76,46.0,2194.0,563.0,924.0,542.0,1.4028,INLAND,1,68500.0,78118.88551818537
-122.27,37.53,43.0,1145.0,230.0,586.0,254.0,3.5,NEAR OCEAN,3,267400.0,255947.3913620205
-117.88,33.87,21.0,1519.0,388.0,1203.0,366.0,3.2083,<1H OCEAN,3,145300.0,176334.08799756994
-122.3,37.56,36.0,1379.0,228.0,750.0,227.0,5.5381,NEAR OCEAN,4,282000.0,315456.55959246506
-120.69,37.77,46.0,431.0,86.0,239.0,80.0,3.3182,INLAND,3,282100.0,127496.60848572732
-118.29,34.16,42.0,413.0,107.0,349.0,107.0,4.3438,<1H OCEAN,3,189800.0,263404.8700921227
-122.08,37.58,15.0,2576.0,418.0,1657.0,410.0,5.5218,NEAR BAY,4,254400.0,266148.17531172454
-120.69,35.62,35.0,3451.0,713.0,1550.0,653.0,2.9167,<1H OCEAN,2,161700.0,225678.720492741
-122.71,38.45,52.0,2259.0,537.0,957.0,520.0,2.1827,<1H OCEAN,2,188800.0,184631.933445266
-117.25,32.86,25.0,2911.0,533.0,1137.0,499.0,5.1023,NEAR OCEAN,4,500001.0,314321.35605352686
-121.44,38.68,19.0,2476.0,534.0,1355.0,463.0,2.0625,INLAND,2,94400.0,76893.99715733818
-118.37,33.84,35.0,1792.0,322.0,978.0,326.0,4.9583,<1H OCEAN,4,342800.0,267769.3944829933
-118.32,34.26,24.0,5106.0,1010.0,2310.0,957.0,4.4375,<1H OCEAN,3,191500.0,261979.02631088285
-120.66,35.28,31.0,2773.0,844.0,1358.0,794.0,1.4036,NEAR OCEAN,1,209600.0,234431.84837483984
-118.14,34.07,42.0,1036.0,199.0,656.0,215.0,4.1902,<1H OCEAN,3,235000.0,242456.88069688817
-118.33,34.18,48.0,2122.0,385.0,926.0,362.0,5.6975,<1H OCEAN,4,231400.0,354163.454532701
-122.3,38.27,4.0,1051.0,263.0,455.0,248.0,3.6389,NEAR BAY,3,130200.0,183921.85187674084
-119.19,34.21,34.0,3413.0,693.0,2223.0,651.0,3.8239,NEAR OCEAN,3,208200.0,245113.72175469698
-118.4,34.04,40.0,2079.0,268.0,720.0,282.0,9.272,<1H OCEAN,5,500001.0,512298.8604787897
-118.44,34.22,41.0,1582.0,399.0,1159.0,378.0,2.825,<1H OCEAN,2,168600.0,184767.67097513535
-122.26,37.77,52.0,2097.0,444.0,915.0,413.0,2.9899,NEAR BAY,2,228100.0,220522.81019354504
-121.35,38.55,22.0,2607.0,411.0,1216.0,407.0,5.0427,INLAND,4,126900.0,172348.23114274777
-121.44,38.73,25.0,1287.0,224.0,727.0,236.0,4.7396,INLAND,4,135500.0,157086.1094669894
-118.61,34.73,25.0,3080.0,587.0,1558.0,510.0,5.0839,INLAND,4,156700.0,164753.65750105033
-117.68,34.11,16.0,3190.0,471.0,1414.0,464.0,5.5292,INLAND,4,208600.0,204745.3876744024
-121.66,37.11,19.0,3785.0,611.0,2198.0,610.0,5.1514,<1H OCEAN,4,436700.0,265894.17013757693
-119.29,36.34,35.0,1235.0,369.0,1246.0,341.0,1.474,INLAND,1,71000.0,48598.20081170745
-121.14,39.86,16.0,2534.0,557.0,638.0,244.0,2.2101,INLAND,2,88800.0,97177.96582648746
-122.06,37.77,12.0,14316.0,2045.0,5781.0,2007.0,7.2634,NEAR BAY,5,341600.0,329343.19330681424
-118.22,33.89,41.0,990.0,228.0,776.0,207.0,2.125,<1H OCEAN,2,120200.0,126652.2884039757
-118.22,33.98,36.0,1514.0,453.0,1496.0,448.0,2.1044,<1H OCEAN,2,148200.0,125685.17418021109
-122.13,37.45,37.0,2295.0,332.0,933.0,332.0,6.7257,NEAR BAY,5,500001.0,395070.9351752438
-122.41,37.78,52.0,1534.0,763.0,1520.0,614.0,1.4554,NEAR BAY,1,375000.0,273307.4598922075
-122.27,37.82,43.0,1007.0,312.0,558.0,253.0,1.7348,NEAR BAY,2,137500.0,165642.1777074502
-117.15,34.48,31.0,265.0,55.0,186.0,55.0,2.125,INLAND,2,64800.0,70182.36941557395
-122.65,38.48,17.0,1090.0,164.0,473.0,163.0,5.5061,<1H OCEAN,4,231800.0,245129.64607828963
-118.34,33.94,36.0,2796.0,1041.0,4033.0,944.0,2.4886,<1H OCEAN,2,160700.0,178221.9345784229
-117.8,33.69,14.0,1800.0,362.0,874.0,373.0,4.2083,<1H OCEAN,3,251000.0,217914.9137322564
-122.27,38.53,22.0,678.0,137.0,336.0,103.0,4.4,INLAND,3,142500.0,153088.41612153547
-121.33,37.98,9.0,2370.0,424.0,1129.0,386.0,5.143,INLAND,4,176500.0,187823.4411389062
-119.06,34.22,13.0,4175.0,1321.0,2257.0,1271.0,3.1446,<1H OCEAN,3,177100.0,227973.59670379246
-118.0,34.16,42.0,1020.0,156.0,398.0,157.0,6.101,INLAND,5,311800.0,319252.5709204764
-121.33,37.98,36.0,3113.0,576.0,1746.0,544.0,3.4625,INLAND,3,84600.0,112239.25318745422
-120.46,38.09,16.0,3758.0,715.0,1777.0,615.0,3.0,INLAND,2,122600.0,107749.03742337805
-117.92,33.94,30.0,2506.0,394.0,1255.0,421.0,4.7813,<1H OCEAN,4,198200.0,222280.23547893384
-117.87,33.6,35.0,1598.0,398.0,782.0,411.0,5.1155,<1H OCEAN,4,500000.0,352986.8384475749
-117.59,33.67,29.0,1223.0,215.0,633.0,204.0,6.5143,<1H OCEAN,5,279800.0,362286.464285612
-121.8,37.26,26.0,1394.0,238.0,990.0,315.0,4.8862,<1H OCEAN,4,195000.0,238383.85405178624
-120.95,38.79,12.0,3247.0,579.0,1459.0,517.0,4.3981,INLAND,3,202800.0,163248.687394608
-122.31,37.55,27.0,3931.0,933.0,1877.0,851.0,3.9722,NEAR OCEAN,3,354100.0,314770.4152785534
-121.95,37.96,18.0,2739.0,393.0,1072.0,374.0,6.1436,INLAND,5,259500.0,229084.93661276216
-119.64,34.43,32.0,1872.0,318.0,749.0,296.0,4.625,<1H OCEAN,4,500001.0,268428.73032510484
-117.87,33.92,17.0,4575.0,764.0,2054.0,737.0,6.0571,<1H OCEAN,5,272400.0,277280.76320578426
-117.22,32.82,35.0,756.0,135.0,423.0,136.0,3.5234,NEAR OCEAN,3,183900.0,204527.19025550032
-121.99,37.33,33.0,2023.0,425.0,1016.0,405.0,3.9417,<1H OCEAN,3,285800.0,245308.76596837188
-117.92,33.64,5.0,949.0,287.0,497.0,244.0,2.75,<1H OCEAN,2,225000.0,185896.76223680296
-118.29,34.17,52.0,1732.0,305.0,875.0,311.0,4.325,<1H OCEAN,3,292600.0,270308.2463990579
-119.31,36.63,26.0,1874.0,416.0,1834.0,432.0,1.6486,INLAND,2,55200.0,46250.733741132826
-117.97,33.74,18.0,2814.0,539.0,1439.0,493.0,3.599,<1H OCEAN,3,262000.0,203029.74240167273
-117.06,32.69,9.0,521.0,111.0,491.0,110.0,5.1305,NEAR OCEAN,4,158900.0,200147.58239367694
-118.32,33.93,37.0,2379.0,462.0,1327.0,445.0,4.25,<1H OCEAN,3,172100.0,234323.65473816608
-117.97,33.84,25.0,2471.0,518.0,1539.0,500.0,4.2679,<1H OCEAN,3,191700.0,209030.1770227614
-121.89,36.6,40.0,626.0,164.0,337.0,150.0,2.7917,<1H OCEAN,2,225000.0,200003.75370914
-121.39,38.69,38.0,300.0,47.0,154.0,51.0,4.0909,INLAND,3,108300.0,144430.7995839252
-121.48,38.56,44.0,1151.0,263.0,518.0,258.0,2.0089,INLAND,2,113600.0,91460.50129888262
-116.95,32.81,15.0,2619.0,599.0,1513.0,537.0,2.543,<1H OCEAN,2,100000.0,128967.89966741127
-118.75,34.42,28.0,1000.0,206.0,545.0,154.0,2.4167,<1H OCEAN,2,191700.0,171891.57004283363
-117.16,34.06,33.0,2101.0,468.0,1997.0,412.0,2.8125,INLAND,2,117200.0,98001.34278059566
-117.75,34.05,46.0,1480.0,358.0,1511.0,348.0,1.9718,INLAND,2,110600.0,87179.76675579342
-119.87,36.79,8.0,2875.0,548.0,1718.0,551.0,3.6522,INLAND,3,80200.0,102706.99482937905
-118.31,34.02,45.0,1423.0,278.0,822.0,276.0,2.4519,<1H OCEAN,2,98100.0,182847.22503086418
-121.93,36.62,39.0,869.0,173.0,406.0,165.0,4.0313,NEAR OCEAN,3,253800.0,259715.8939455456
-119.3,36.34,27.0,1515.0,358.0,1178.0,309.0,1.4432,INLAND,1,48100.0,49944.45266154927
-117.62,34.11,31.0,2561.0,414.0,1204.0,435.0,4.4637,INLAND,3,192800.0,180638.17680946316
-116.96,32.78,26.0,2807.0,630.0,1785.0,580.0,2.1638,<1H OCEAN,2,132800.0,114225.52060109285
-117.96,33.75,22.0,2300.0,539.0,1625.0,542.0,2.78,<1H OCEAN,2,196300.0,165400.01564390238
-117.7,33.47,20.0,1577.0,363.0,764.0,333.0,4.1563,<1H OCEAN,3,320800.0,229487.8445246246
-118.4,34.03,24.0,1101.0,318.0,491.0,287.0,3.2222,<1H OCEAN,3,319400.0,295549.6058028002
-122.08,37.03,36.0,4682.0,899.0,2143.0,832.0,4.5096,NEAR OCEAN,4,203700.0,292158.95765952277
-122.38,37.71,47.0,1088.0,190.0,558.0,166.0,4.2708,NEAR BAY,3,207100.0,273886.817645304
-120.54,38.07,37.0,736.0,148.0,339.0,140.0,2.2875,INLAND,2,79900.0,90165.85638731463
-118.35,34.11,33.0,7478.0,1678.0,2701.0,1500.0,4.1717,<1H OCEAN,3,500001.0,297914.20338144345
-120.8,35.33,20.0,2200.0,393.0,996.0,365.0,3.587,NEAR OCEAN,3,330000.0,258209.02862780658
-118.21,33.8,45.0,1160.0,274.0,1095.0,269.0,2.7308,NEAR OCEAN,2,139000.0,154139.8973415471
-117.86,33.79,34.0,1883.0,408.0,1227.0,424.0,3.8929,<1H OCEAN,3,187500.0,194626.94587876715
-121.39,38.58,41.0,2577.0,365.0,913.0,339.0,6.3406,INLAND,5,448300.0,321629.58915110293
-117.16,32.81,34.0,2275.0,375.0,1021.0,379.0,3.6371,NEAR OCEAN,3,176300.0,201390.23567154558
-118.28,33.92,37.0,1761.0,409.0,1309.0,357.0,2.1875,<1H OCEAN,2,175900.0,123545.98504752369
-120.87,37.05,29.0,4176.0,779.0,2092.0,741.0,2.595,INLAND,2,104200.0,124902.65524793358
-118.05,34.05,36.0,1084.0,202.0,920.0,199.0,3.7279,<1H OCEAN,3,162200.0,195798.75468056888
-117.97,34.06,34.0,3580.0,684.0,2786.0,636.0,4.0469,<1H OCEAN,3,166800.0,209119.37611773447
-118.15,33.92,28.0,1038.0,252.0,912.0,245.0,2.5875,<1H OCEAN,2,161200.0,134501.8663236703
-118.25,34.12,11.0,1281.0,418.0,1584.0,330.0,2.8889,<1H OCEAN,2,153100.0,174158.41998683964
-117.14,32.8,41.0,2423.0,469.0,1813.0,466.0,2.1157,NEAR OCEAN,2,156900.0,119727.77061518635
-118.02,34.04,28.0,6175.0,1449.0,5041.0,1408.0,2.8821,<1H OCEAN,2,158100.0,200208.32677957337
-124.16,40.79,52.0,1264.0,277.0,591.0,284.0,1.7778,NEAR OCEAN,2,76900.0,110491.36880463698
-122.11,37.67,32.0,3028.0,811.0,2037.0,703.0,3.0645,NEAR BAY,3,165400.0,190252.21743885413
-121.06,37.42,52.0,504.0,96.0,295.0,97.0,3.5,INLAND,3,73500.0,156513.4403695746
-119.05,35.36,16.0,4507.0,1049.0,2261.0,959.0,3.3261,INLAND,3,118400.0,120309.83066962755
-117.97,34.08,8.0,2027.0,480.0,1781.0,447.0,3.0806,INLAND,3,142400.0,133135.40769411562
-117.82,33.88,15.0,5392.0,895.0,2531.0,827.0,6.2185,<1H OCEAN,5,280300.0,277137.65215706924
-120.93,38.5,15.0,1248.0,234.0,529.0,216.0,3.3393,INLAND,3,107200.0,126078.78402996236
-118.1,34.01,23.0,1724.0,576.0,1336.0,542.0,1.3365,<1H OCEAN,1,183300.0,155398.5512437597
-122.3,40.58,19.0,1043.0,204.0,505.0,183.0,1.6033,INLAND,2,98800.0,62073.94123959109
-118.28,33.73,39.0,2602.0,802.0,2178.0,737.0,2.0469,NEAR OCEAN,2,234500.0,180444.5259755802
-119.17,34.21,33.0,1039.0,256.0,1432.0,272.0,3.1103,NEAR OCEAN,3,143500.0,194203.05584934648
-118.31,33.99,49.0,857.0,196.0,694.0,228.0,2.895,<1H OCEAN,2,108000.0,185892.3616147008
-119.44,38.53,20.0,1963.0,434.0,682.0,273.0,1.5817,INLAND,2,97800.0,88701.93187701062
-117.32,34.12,37.0,2868.0,574.0,2055.0,563.0,2.3508,INLAND,2,70500.0,90131.36131419602
-116.84,33.08,15.0,2755.0,519.0,1474.0,460.0,4.0408,<1H OCEAN,3,225900.0,175762.4233218587
-122.42,37.65,39.0,4402.0,894.0,2941.0,887.0,3.8565,NEAR OCEAN,3,239800.0,255788.7774311272
-117.19,33.69,3.0,6484.0,1037.0,3295.0,1074.0,4.5881,<1H OCEAN,4,136400.0,221825.62852550118
-122.12,37.68,45.0,2179.0,401.0,1159.0,399.0,3.4839,NEAR BAY,3,180600.0,194362.87973685414
-118.3,33.84,36.0,1428.0,268.0,825.0,250.0,4.7222,<1H OCEAN,4,239600.0,232483.18492549538
-121.87,37.26,24.0,2383.0,343.0,1146.0,341.0,5.6223,<1H OCEAN,4,265700.0,272972.89957537065
-121.84,37.98,8.0,7505.0,1089.0,3325.0,1016.0,5.2699,INLAND,4,204200.0,186432.46262673027
-118.33,33.99,43.0,2224.0,550.0,1598.0,545.0,2.8274,<1H OCEAN,2,122500.0,184744.63714250192
-117.19,32.82,35.0,1074.0,180.0,442.0,173.0,5.253,NEAR OCEAN,4,204000.0,272723.11723433324
-118.06,33.8,20.0,1379.0,333.0,937.0,304.0,3.6217,<1H OCEAN,3,195300.0,188839.07061561637
-121.98,36.98,29.0,2681.0,632.0,1652.0,620.0,3.075,NEAR OCEAN,3,215800.0,229219.02596165513
-117.8,33.55,35.0,2067.0,428.0,724.0,377.0,5.8371,<1H OCEAN,4,500001.0,416388.0424679877
-122.31,40.75,18.0,1411.0,330.0,494.0,227.0,1.4911,INLAND,1,75800.0,73129.35603644796
-122.29,37.76,18.0,2873.0,763.0,1243.0,663.0,5.1702,NEAR BAY,4,265400.0,273619.3060293945
-122.22,37.81,52.0,1971.0,335.0,765.0,308.0,6.5217,NEAR BAY,5,273700.0,377098.5289178218
-118.31,34.0,47.0,1551.0,362.0,1329.0,322.0,1.9792,<1H OCEAN,2,116400.0,163847.61630482247
-121.34,37.96,27.0,1839.0,442.0,2010.0,416.0,2.1284,INLAND,2,59400.0,68560.82692440847
-122.21,37.78,52.0,1477.0,300.0,1065.0,269.0,1.8472,NEAR BAY,2,137000.0,132194.50847622743
-122.34,40.51,16.0,2247.0,502.0,1206.0,463.0,1.9946,INLAND,2,119200.0,66866.07693323847
-118.49,34.24,35.0,2707.0,446.0,1224.0,445.0,5.2939,<1H OCEAN,4,244200.0,281547.72237411985
-118.36,33.93,30.0,1132.0,347.0,1433.0,341.0,2.68,<1H OCEAN,2,170000.0,165844.01022286052
-117.67,33.57,18.0,1614.0,210.0,692.0,209.0,7.9294,<1H OCEAN,5,280300.0,383027.0003575122
-118.23,34.21,50.0,309.0,47.0,121.0,45.0,6.213,<1H OCEAN,5,285000.0,346045.91578516376
-116.31,33.65,8.0,3079.0,558.0,1572.0,474.0,4.5938,INLAND,4,102600.0,148875.54031069032
-120.81,38.73,38.0,2005.0,385.0,882.0,353.0,2.5104,INLAND,2,120500.0,110416.79294251
-122.44,37.76,52.0,2959.0,683.0,1145.0,666.0,4.2222,NEAR BAY,3,361600.0,404908.29531294265
-122.12,37.91,34.0,5683.0,755.0,1962.0,723.0,8.3678,NEAR BAY,5,455300.0,417581.0092327389
-118.49,34.42,23.0,4166.0,756.0,2082.0,743.0,4.4107,<1H OCEAN,3,213400.0,247900.80940932402
-118.31,33.93,35.0,1580.0,266.0,926.0,282.0,5.0653,<1H OCEAN,4,158000.0,237049.8669272995
-117.97,33.94,36.0,1870.0,338.0,947.0,324.0,4.1205,<1H OCEAN,3,217000.0,190269.14555744088
-115.51,32.99,20.0,1402.0,287.0,1104.0,317.0,1.9088,INLAND,2,63700.0,52485.91859694143
-122.07,37.58,16.0,1644.0,251.0,1033.0,267.0,6.5116,NEAR BAY,5,244300.0,306176.50887069653
-118.32,34.04,47.0,1989.0,532.0,1430.0,519.0,1.8333,<1H OCEAN,2,151100.0,180942.39366427786
-117.42,33.95,32.0,4251.0,848.0,2494.0,798.0,2.8173,INLAND,2,110800.0,104336.75018087571
-118.33,34.06,52.0,1368.0,231.0,737.0,248.0,8.3617,<1H OCEAN,5,433800.0,458449.87495713285
-122.36,37.94,26.0,1540.0,343.0,1007.0,338.0,1.3365,NEAR BAY,1,72900.0,101345.30418337329
-118.26,33.88,40.0,519.0,102.0,330.0,95.0,3.0972,<1H OCEAN,3,108500.0,176531.9892241638
-122.23,37.88,41.0,880.0,129.0,322.0,126.0,8.3252,NEAR BAY,5,452600.0,420808.4272909771
-117.89,33.89,17.0,1671.0,192.0,678.0,206.0,13.1107,<1H OCEAN,5,467600.0,421632.437387694
-117.22,33.36,16.0,3165.0,482.0,1351.0,452.0,4.605,<1H OCEAN,4,263300.0,217523.3129664188
-120.83,35.36,28.0,4323.0,886.0,1650.0,705.0,2.7266,NEAR OCEAN,2,266800.0,243754.6589732292
-122.05,37.31,25.0,4111.0,538.0,1585.0,568.0,9.2298,<1H OCEAN,5,500001.0,474554.24033124396
-119.76,36.77,36.0,2507.0,466.0,1227.0,474.0,2.785,INLAND,2,72300.0,91758.63542139866
-118.37,34.22,17.0,1787.0,463.0,1671.0,448.0,3.5521,<1H OCEAN,3,151500.0,214931.3746811891
