longitude,latitude,housing_median_age,total_rooms,total_bedrooms,population,households,median_income,ocean_proximity,income_cat,Actual_price,Predicted_Price
-119.01,36.06,25.0,1505.0,,1392.0,359.0,1.6812,INLAND,2,47700.0,50921.0
-119.46,35.14,30.0,2943.0,,1565.0,584.0,2.5313,INLAND,2,45800.0,70244.5
-122.44,37.8,52.0,3830.0,,1310.0,963.0,3.4801,NEAR BAY,3,500001.0,464703.4
-118.72,34.28,17.0,3051.0,,1705.0,495.0,5.7376,<1H OCEAN,4,218600.0,258147.5
-121.93,36.62,34.0,2351.0,,1063.0,428.0,3.725,NEAR OCEAN,3,278000.0,267298.0
-117.61,34.08,12.0,4427.0,,2400.0,843.0,4.7147,INLAND,4,158700.0,162838.0
-118.02,33.89,36.0,1375.0,,670.0,221.0,5.0839,<1H OCEAN,4,198200.0,222503.01
-118.08,33.92,38.0,1335.0,,1011.0,269.0,3.6908,<1H OCEAN,3,157500.0,167379.5
-122.08,37.39,4.0,2292.0,,1050.0,584.0,4.8036,NEAR BAY,4,340000.0,291298.055
-118.23,34.18,45.0,2332.0,,943.0,339.0,8.1132,<1H OCEAN,5,446600.0,484233.23
-120.37,38.01,30.0,473.0,,242.0,93.0,2.5417,INLAND,2,123200.0,133263.5
-118.12,34.08,35.0,2248.0,,1762.0,622.0,3.0,<1H OCEAN,2,253900.0,204215.0
-117.91,33.76,20.0,4413.0,,4818.0,1063.0,2.8594,<1H OCEAN,2,215100.0,173011.0
-119.19,34.2,18.0,3620.0,,3171.0,779.0,3.3409,NEAR OCEAN,3,220500.0,205960.5
-117.98,33.92,27.0,3700.0,,1793.0,552.0,5.3668,<1H OCEAN,4,219800.0,252604.0
-117.91,34.02,22.0,6269.0,,5587.0,1251.0,3.8201,<1H OCEAN,3,136200.0,176338.5
-122.1,37.69,41.0,746.0,,387.0,161.0,3.9063,NEAR BAY,3,178400.0,193502.505
-121.02,37.48,26.0,467.0,,244.0,83.0,4.1346,INLAND,3,187500.0,180860.0
-117.05,32.75,36.0,2024.0,,1030.0,390.0,3.8233,NEAR OCEAN,3,139800.0,162021.0
-120.97,37.43,27.0,1380.0,,810.0,262.0,2.1875,INLAND,2,137500.0,91722.5
-122.16,37.45,47.0,4234.0,,1808.0,1093.0,4.2297,NEAR BAY,3,425000.0,344163.07
-118.37,34.07,50.0,2519.0,,1117.0,516.0,4.3667,<1H OCEAN,3,405600.0,460174.92
-119.73,36.83,8.0,3602.0,,1959.0,580.0,5.3478,INLAND,4,138800.0,148218.5
-122.39,37.59,32.0,4497.0,,1846.0,715.0,6.1323,NEAR OCEAN,5,500001.0,427376.36
-117.14,32.9,16.0,3217.0,,2054.0,687.0,4.2234,<1H OCEAN,3,162100.0,183216.0
-119.38,36.53,38.0,1281.0,,1423.0,293.0,1.9602,INLAND,2,51400.0,58334.5
-118.36,33.96,26.0,3543.0,,2742.0,951.0,2.5504,<1H OCEAN,2,151300.0,166435.5
-124.13,40.55,38.0,544.0,,240.0,91.0,3.25,<1H OCEAN,3,94800.0,101484.0
-121.98,37.96,22.0,2987.0,,1420.0,540.0,3.65,INLAND,3,204100.0,151924.5
-118.3,33.72,35.0,2790.0,,1167.0,441.0,6.2028,NEAR OCEAN,5,361500.0,398637.585
-122.17,37.75,38.0,992.0,,732.0,259.0,1.6196,NEAR BAY,2,85100.0,94293.5
-118.31,34.03,47.0,1315.0,,785.0,245.0,1.23,<1H OCEAN,1,138400.0,165347.005
-117.23,32.75,5.0,1824.0,,892.0,426.0,3.4286,NEAR OCEAN,3,137500.0,204267.04
-122.08,37.37,29.0,1229.0,,707.0,194.0,7.1108,NEAR BAY,5,465000.0,463708.475
-122.5,37.75,44.0,1819.0,,1137.0,354.0,3.4919,NEAR OCEAN,3,271800.0,288367.5
-118.5,34.46,17.0,10267.0,,4956.0,1483.0,5.5061,<1H OCEAN,4,239400.0,258463.505
-122.39,37.6,34.0,707.0,,381.0,156.0,4.375,NEAR OCEAN,3,340900.0,340685.06
-117.96,34.03,35.0,2093.0,,1755.0,403.0,3.4115,<1H OCEAN,3,150400.0,162465.5
-121.13,38.87,48.0,1127.0,,530.0,186.0,3.0917,INLAND,3,128100.0,137564.0
-118.17,33.98,41.0,756.0,,873.0,212.0,2.7321,<1H OCEAN,2,156000.0,172996.5
-118.75,34.29,17.0,5512.0,,2734.0,814.0,6.6073,<1H OCEAN,5,258100.0,321060.075
-119.45,36.61,24.0,1302.0,,693.0,243.0,3.7917,INLAND,3,90500.0,98803.0
-120.85,37.78,25.0,421.0,,303.0,106.0,2.2679,INLAND,2,71300.0,118587.5
-117.98,33.73,18.0,3833.0,,2192.0,996.0,3.4679,<1H OCEAN,3,219700.0,186119.0
-117.65,34.04,15.0,3393.0,,2039.0,611.0,3.9336,INLAND,3,151000.0,148081.5
-118.43,34.2,28.0,3386.0,,2240.0,737.0,3.0221,<1H OCEAN,3,290100.0,216126.0
-117.03,32.73,34.0,2061.0,,1169.0,400.0,3.5096,NEAR OCEAN,3,142000.0,131436.5
-117.09,32.77,31.0,3062.0,,1263.0,539.0,3.0875,NEAR OCEAN,3,291500.0,166450.0
-118.3,33.73,42.0,1731.0,,866.0,403.0,2.7451,NEAR OCEAN,2,255400.0,249633.51
-124.06,40.86,34.0,4183.0,,1891.0,669.0,3.2216,NEAR OCEAN,3,98100.0,102826.5
-122.91,38.46,18.0,2021.0,,912.0,329.0,4.5,<1H OCEAN,3,251900.0,261135.0
-118.28,34.25,29.0,2559.0,,1886.0,769.0,2.6036,<1H OCEAN,2,162100.0,196308.0
-116.95,32.84,31.0,1307.0,,752.0,231.0,3.4286,<1H OCEAN,3,129400.0,155322.5
-120.4,37.3,28.0,1401.0,,967.0,257.0,1.5917,INLAND,2,89400.0,68540.5
-118.18,34.04,42.0,1670.0,,1997.0,452.0,2.788,<1H OCEAN,2,150500.0,140966.0
-119.33,36.3,11.0,3045.0,,1563.0,516.0,5.4337,INLAND,4,133800.0,136396.5
-117.22,34.11,26.0,2972.0,,1972.0,532.0,2.0388,INLAND,2,80400.0,80311.5
-117.91,34.05,35.0,3189.0,,1727.0,500.0,5.0758,<1H OCEAN,4,211100.0,230810.5
-117.2,32.79,29.0,1213.0,,654.0,246.0,4.5987,NEAR OCEAN,4,255600.0,301468.105
-117.34,33.94,13.0,7910.0,,3382.0,1176.0,5.5563,INLAND,4,214500.0,195787.5
-118.1,33.74,32.0,2035.0,,934.0,512.0,4.2287,NEAR OCEAN,3,500001.0,370432.615
-118.36,34.05,42.0,1372.0,,674.0,271.0,2.8793,<1H OCEAN,2,202100.0,329986.19
-120.93,37.73,14.0,2799.0,,2294.0,596.0,2.6343,INLAND,2,81500.0,113289.0
-124.0,40.92,29.0,1429.0,,672.0,266.0,2.9485,<1H OCEAN,2,98800.0,109579.0
-117.98,33.68,24.0,4177.0,,1704.0,606.0,6.2473,<1H OCEAN,5,281900.0,282390.005
-118.26,33.83,24.0,3059.0,,2064.0,629.0,3.5518,<1H OCEAN,3,184600.0,187267.0
-122.41,38.16,37.0,1549.0,,863.0,275.0,2.7457,NEAR BAY,2,254700.0,133729.005
-121.95,38.03,5.0,5526.0,,3207.0,1012.0,4.0767,INLAND,3,143100.0,146822.5
-118.28,34.06,42.0,2472.0,,3795.0,1179.0,1.2254,<1H OCEAN,1,162500.0,170638.505
-118.17,34.06,43.0,464.0,,416.0,120.0,2.475,<1H OCEAN,2,142600.0,156811.015
-120.67,40.5,15.0,5343.0,,2503.0,902.0,3.5962,INLAND,3,85900.0,124680.0
-122.14,37.67,37.0,3342.0,,1635.0,557.0,4.7933,NEAR BAY,4,186900.0,203716.5
-119.68,36.79,16.0,1551.0,,1010.0,292.0,3.5417,INLAND,3,71300.0,92027.0
-116.91,32.83,16.0,5203.0,,2515.0,862.0,4.105,<1H OCEAN,3,174400.0,167005.0
-118.35,33.9,31.0,1547.0,,956.0,287.0,3.4698,<1H OCEAN,3,225000.0,226429.5
-122.7,38.35,14.0,2313.0,,954.0,397.0,3.7813,<1H OCEAN,3,146500.0,179855.5
-122.28,37.51,33.0,4719.0,,1980.0,757.0,6.1064,NEAR OCEAN,5,405000.0,410473.73
-117.66,33.51,18.0,2626.0,,1302.0,522.0,4.0167,<1H OCEAN,3,189600.0,215058.0
-118.09,33.89,42.0,991.0,,717.0,219.0,4.0926,<1H OCEAN,3,164400.0,178163.5
-118.46,34.03,52.0,523.0,,317.0,130.0,2.2794,<1H OCEAN,2,337500.0,342097.28
-119.15,36.29,18.0,1435.0,,657.0,254.0,2.4281,INLAND,2,72500.0,74214.5
-117.91,33.87,29.0,1121.0,,762.0,276.0,2.5,<1H OCEAN,2,143800.0,191062.0
-118.27,34.07,27.0,1190.0,,1795.0,422.0,1.7016,<1H OCEAN,2,160000.0,188966.0
-118.27,34.04,13.0,1784.0,,2158.0,682.0,1.7038,<1H OCEAN,2,118100.0,177661.5
-118.27,34.17,52.0,2010.0,,908.0,326.0,6.9135,<1H OCEAN,5,374000.0,437459.945
-117.14,33.16,16.0,1660.0,,733.0,214.0,5.6874,<1H OCEAN,4,202700.0,249379.515
-122.72,38.88,29.0,2781.0,,890.0,310.0,1.9906,INLAND,2,96600.0,90436.5
-121.47,38.61,31.0,1072.0,,781.0,281.0,1.6563,INLAND,2,65800.0,74757.0
-119.18,34.19,19.0,2393.0,,1938.0,762.0,1.6953,NEAR OCEAN,2,167400.0,180332.5
-118.59,34.2,21.0,1789.0,,2300.0,677.0,2.754,<1H OCEAN,2,179800.0,197275.5
-122.22,38.08,37.0,2811.0,,1574.0,516.0,3.1053,NEAR BAY,3,96700.0,120802.5
-121.97,37.34,33.0,3162.0,,1553.0,686.0,3.6682,<1H OCEAN,3,266100.0,250237.0
-117.14,32.71,52.0,500.0,,480.0,108.0,1.8696,NEAR OCEAN,2,91100.0,120182.5
-119.75,36.71,38.0,1481.0,,1543.0,372.0,1.4577,INLAND,1,49800.0,48711.5
-121.3,38.58,16.0,1537.0,,1125.0,375.0,2.6471,INLAND,2,90700.0,118722.5
-117.76,34.04,34.0,1914.0,,1564.0,328.0,2.8347,INLAND,2,115800.0,124770.5
-122.45,37.77,52.0,2602.0,,1330.0,647.0,3.5435,NEAR BAY,3,278600.0,426253.81
-117.15,32.72,51.0,1321.0,,781.0,499.0,1.3071,NEAR OCEAN,1,250000.0,172273.5
-122.08,37.88,26.0,2947.0,,825.0,626.0,2.933,NEAR BAY,2,85000.0,209800.0
-117.87,33.73,45.0,2264.0,,1970.0,499.0,3.4193,<1H OCEAN,3,177000.0,172976.5
-117.67,34.04,13.0,1543.0,,776.0,358.0,3.0598,INLAND,3,99700.0,136419.0
-117.66,33.58,6.0,4186.0,,1794.0,541.0,9.6986,<1H OCEAN,5,357600.0,442328.665
-117.27,32.85,26.0,1373.0,,608.0,268.0,4.425,NEAR OCEAN,3,475000.0,329498.185
-117.02,32.66,19.0,771.0,,376.0,108.0,6.6272,NEAR OCEAN,5,273600.0,295967.55
-118.05,33.99,38.0,1619.0,,886.0,357.0,3.7328,<1H OCEAN,3,182400.0,178546.0
-117.92,33.87,33.0,1597.0,,1888.0,423.0,3.055,<1H OCEAN,3,157800.0,175308.0
-118.31,34.09,37.0,773.0,,835.0,312.0,1.8576,<1H OCEAN,2,193800.0,189710.015
-118.38,34.05,49.0,702.0,,458.0,187.0,4.8958,<1H OCEAN,4,333600.0,401684.115
-121.95,37.31,27.0,4140.0,,2135.0,893.0,3.6292,<1H OCEAN,3,264600.0,257853.5
-120.98,37.6,36.0,1437.0,,1073.0,320.0,2.1779,INLAND,2,58400.0,91208.0
-122.28,37.78,29.0,5154.0,,3741.0,1273.0,2.5762,NEAR BAY,2,173400.0,251218.005
-118.23,34.13,48.0,1308.0,,835.0,294.0,4.2891,<1H OCEAN,3,214800.0,251862.005
-119.11,35.42,52.0,154.0,,37.0,16.0,10.0263,INLAND,5,200000.0,311023.64
-121.89,37.44,8.0,2534.0,,1527.0,364.0,7.8532,<1H OCEAN,5,422800.0,397937.6
-121.44,38.54,39.0,2855.0,,1217.0,562.0,3.2404,INLAND,3,93600.0,120494.0
-118.37,34.03,37.0,1236.0,,966.0,292.0,3.0694,<1H OCEAN,3,122200.0,223195.525
-118.1,33.91,36.0,726.0,,490.0,130.0,3.6389,<1H OCEAN,3,167600.0,183587.505
-118.5,34.17,37.0,880.0,,369.0,155.0,4.1429,<1H OCEAN,3,303600.0,279689.05
-117.96,33.78,33.0,1520.0,,658.0,242.0,4.875,<1H OCEAN,4,269300.0,217545.51
-117.86,34.01,16.0,4632.0,,3038.0,727.0,5.1762,<1H OCEAN,4,264400.0,249938.5
-122.79,38.48,7.0,6837.0,,3468.0,1405.0,3.1662,<1H OCEAN,3,191000.0,200708.0
-118.31,33.94,40.0,1550.0,,798.0,270.0,3.775,<1H OCEAN,3,153800.0,145236.0
-122.44,37.73,39.0,1912.0,,970.0,406.0,4.7813,NEAR BAY,4,275500.0,283085.505
-118.32,34.09,44.0,2666.0,,2297.0,726.0,1.676,<1H OCEAN,2,208800.0,220390.01
-116.93,32.79,19.0,3354.0,,1948.0,682.0,3.0192,<1H OCEAN,3,142300.0,155248.5
-119.44,36.58,37.0,1054.0,,879.0,257.0,2.5234,INLAND,2,63500.0,70280.5
-117.3,34.05,6.0,2155.0,,1039.0,391.0,1.6675,INLAND,2,95800.0,108614.5
-118.29,33.73,30.0,3161.0,,1865.0,771.0,2.7139,NEAR OCEAN,2,231700.0,217582.5
-118.4,34.17,24.0,6347.0,,2945.0,1492.0,3.3545,<1H OCEAN,3,221500.0,248738.0
-119.78,36.82,25.0,5016.0,,2133.0,928.0,3.625,INLAND,3,89500.0,102688.0
-117.73,34.1,37.0,3457.0,,1344.0,530.0,5.8891,INLAND,4,226000.0,300970.51
-118.18,34.19,48.0,1371.0,,528.0,155.0,15.0001,<1H OCEAN,5,500001.0,495903.44
-122.5,37.75,45.0,1620.0,,941.0,328.0,4.3859,NEAR OCEAN,3,270200.0,276674.5
-120.32,37.29,38.0,576.0,,478.0,112.0,2.3382,INLAND,2,59600.0,92190.0
-122.65,38.25,23.0,4030.0,,1852.0,778.0,3.402,<1H OCEAN,3,193300.0,215081.0
-117.28,34.26,18.0,3895.0,,1086.0,375.0,3.3672,INLAND,3,133600.0,119145.0
-122.16,37.77,47.0,1256.0,,570.0,218.0,4.375,NEAR BAY,3,161900.0,229145.53
-119.73,34.44,38.0,1729.0,,801.0,395.0,3.1364,NEAR OCEAN,3,357500.0,287870.505
-122.48,38.5,37.0,3049.0,,1287.0,439.0,4.3125,INLAND,3,276500.0,240264.0
-118.88,34.17,15.0,4260.0,,1701.0,669.0,5.1033,<1H OCEAN,4,410700.0,281142.015
-122.15,37.43,20.0,11709.0,,7604.0,3589.0,1.9045,NEAR BAY,2,375000.0,210085.0
-117.01,32.74,31.0,3473.0,,2098.0,677.0,2.6973,<1H OCEAN,2,135200.0,138164.0
-118.21,34.07,52.0,1770.0,,1848.0,439.0,2.4135,<1H OCEAN,2,167200.0,153284.5
-118.36,34.05,45.0,2283.0,,1093.0,475.0,2.5658,<1H OCEAN,2,252000.0,250155.525
-118.53,34.26,18.0,3674.0,,1590.0,550.0,8.176,<1H OCEAN,5,308400.0,410919.15
-118.19,33.98,36.0,4179.0,,4582.0,1196.0,2.0087,<1H OCEAN,2,172100.0,169744.54
-122.4,37.58,26.0,3281.0,,1145.0,480.0,6.358,NEAR OCEAN,5,500001.0,444479.83
-122.38,37.73,40.0,543.0,,259.0,89.0,2.2167,NEAR BAY,2,193800.0,243900.04
-121.08,39.22,30.0,2188.0,,1033.0,437.0,2.1419,INLAND,2,105200.0,106194.0
-117.28,34.09,44.0,376.0,,273.0,107.0,2.2917,INLAND,2,90800.0,102392.5
-118.29,34.05,34.0,1102.0,,1325.0,439.0,1.5972,<1H OCEAN,2,168800.0,206046.5
-121.33,38.02,31.0,1466.0,,608.0,254.0,3.1827,INLAND,3,162100.0,125901.5
-118.05,34.04,33.0,1348.0,,1098.0,257.0,4.2917,<1H OCEAN,3,161200.0,164698.5
-118.16,34.01,40.0,1552.0,,1919.0,427.0,2.2596,<1H OCEAN,2,137500.0,153741.0
-121.9,36.58,31.0,1431.0,,704.0,393.0,3.1977,NEAR OCEAN,3,289300.0,279822.515
-117.65,33.6,15.0,5736.0,,2529.0,762.0,6.4114,<1H OCEAN,5,278700.0,292516.52
-117.92,33.7,15.0,3201.0,,1510.0,622.0,4.2708,<1H OCEAN,3,161700.0,186256.0
-117.87,33.83,27.0,2287.0,,1140.0,351.0,5.6163,<1H OCEAN,4,231000.0,259092.505
-120.61,37.36,16.0,638.0,,380.0,132.0,1.9135,INLAND,2,87500.0,100789.995
-118.25,33.95,28.0,2136.0,,1799.0,476.0,1.5427,<1H OCEAN,2,95700.0,101168.5
-116.66,32.79,13.0,843.0,,918.0,152.0,6.2152,<1H OCEAN,5,240600.0,268843.055
-118.07,34.1,32.0,4275.0,,2812.0,1012.0,3.3512,<1H OCEAN,3,214100.0,221041.0
-118.55,34.28,16.0,8879.0,,3468.0,1200.0,8.1125,<1H OCEAN,5,428600.0,393826.02
-121.85,36.61,38.0,238.0,,191.0,67.0,1.3897,<1H OCEAN,1,125000.0,274284.605
-122.42,40.44,16.0,994.0,,495.0,181.0,2.1875,INLAND,2,76400.0,82901.5
-119.75,34.45,6.0,2864.0,,1404.0,603.0,5.5073,NEAR OCEAN,4,263800.0,299556.005
-118.8,34.41,45.0,1610.0,,1148.0,347.0,2.7,<1H OCEAN,2,120400.0,206090.0
-119.3,36.57,32.0,728.0,,461.0,149.0,3.0156,INLAND,3,109100.0,99180.5
-118.55,34.19,18.0,5862.0,,3161.0,1280.0,3.1106,<1H OCEAN,3,170600.0,212636.505
-121.88,37.4,9.0,6751.0,,4240.0,1438.0,5.34,<1H OCEAN,4,257400.0,261587.0
-121.9,37.28,26.0,3756.0,,1408.0,535.0,5.6427,<1H OCEAN,4,320000.0,288221.505
-117.17,32.75,52.0,1052.0,,381.0,201.0,3.0726,NEAR OCEAN,3,289600.0,270737.035
-117.2,33.24,12.0,4992.0,,2106.0,801.0,6.2079,<1H OCEAN,5,307300.0,293199.005
-117.64,33.45,26.0,1528.0,,607.0,218.0,6.2871,NEAR OCEAN,5,325500.0,345405.18
-122.1,40.03,25.0,2516.0,,1266.0,494.0,1.7566,INLAND,2,58400.0,60721.0
-114.59,34.83,41.0,812.0,,375.0,158.0,1.7083,INLAND,2,48500.0,65896.475
-122.23,38.17,45.0,350.0,,225.0,72.0,1.8942,NEAR BAY,2,216700.0,135447.015
-117.31,34.25,29.0,4610.0,,1569.0,592.0,2.7663,INLAND,2,97900.0,95166.5
-121.77,39.66,20.0,3759.0,,1705.0,600.0,4.712,INLAND,4,158600.0,153352.0
-119.72,36.76,23.0,6403.0,,3573.0,1260.0,2.3006,INLAND,2,69000.0,79436.5
-122.01,37.94,23.0,3741.0,,1339.0,499.0,6.7061,NEAR BAY,5,322300.0,325231.005
-121.75,37.11,18.0,3167.0,,1414.0,482.0,6.8773,<1H OCEAN,5,467700.0,346066.565
-117.02,32.78,31.0,2567.0,,1198.0,499.0,3.4659,<1H OCEAN,3,163000.0,161682.0
-121.97,37.35,30.0,1955.0,,999.0,386.0,4.6328,<1H OCEAN,4,287100.0,276947.01
-119.69,36.83,32.0,1098.0,,726.0,224.0,1.4913,INLAND,1,54600.0,58239.0
-118.25,33.94,43.0,793.0,,736.0,231.0,0.8527,<1H OCEAN,1,90400.0,104333.5
-117.97,34.06,31.0,2516.0,,2194.0,497.0,3.2413,<1H OCEAN,3,155500.0,166607.5
-118.3,34.07,18.0,3759.0,,3296.0,1462.0,2.2708,<1H OCEAN,2,175000.0,258179.005
-122.0,37.36,17.0,2070.0,,797.0,275.0,8.6155,<1H OCEAN,5,411200.0,458291.96
-118.35,34.01,35.0,3776.0,,1583.0,749.0,3.5486,<1H OCEAN,3,332100.0,286160.505
-118.2,33.92,45.0,1283.0,,1025.0,248.0,3.2798,<1H OCEAN,3,141200.0,149824.5
-122.24,37.75,45.0,891.0,,384.0,146.0,4.9489,NEAR BAY,4,247100.0,290794.545
-117.99,34.14,30.0,2346.0,,1988.0,474.0,2.5625,INLAND,2,153000.0,152574.0
-118.22,34.05,34.0,1113.0,,928.0,290.0,3.1654,<1H OCEAN,3,155000.0,152507.0
-121.19,38.71,11.0,4415.0,,1520.0,627.0,3.2321,INLAND,3,390800.0,146151.5
-119.32,36.25,21.0,1231.0,,609.0,206.0,2.8365,INLAND,2,90000.0,77047.0
-118.56,34.2,35.0,2273.0,,1431.0,403.0,4.0789,<1H OCEAN,3,196700.0,213193.0
-116.21,33.75,22.0,894.0,,830.0,202.0,3.0673,INLAND,3,68200.0,88776.0
-118.49,34.13,24.0,4394.0,,1443.0,528.0,11.2979,<1H OCEAN,5,500001.0,500001.0
-118.23,33.94,36.0,1110.0,,1417.0,302.0,2.3333,<1H OCEAN,2,92100.0,131405.5
-122.48,37.7,33.0,4492.0,,3477.0,1537.0,3.0546,NEAR OCEAN,3,297900.0,282523.0
-117.87,33.62,8.0,1266.0,,375.0,183.0,9.802,<1H OCEAN,5,500001.0,443003.255
-122.53,38.32,22.0,3577.0,,1371.0,501.0,5.795,<1H OCEAN,4,332300.0,296856.51
-122.22,38.15,7.0,5129.0,,2824.0,738.0,5.5138,NEAR BAY,4,171100.0,202652.0
-118.45,34.3,27.0,2676.0,,2661.0,623.0,4.3047,<1H OCEAN,3,152100.0,185564.515
-122.46,37.72,39.0,2254.0,,1388.0,404.0,2.9688,NEAR OCEAN,2,232000.0,238317.5
-120.98,37.66,10.0,934.0,,401.0,255.0,0.9336,INLAND,1,127100.0,108296.5
-120.67,37.37,18.0,164.0,30.0,104.0,32.0,1.6607,INLAND,2,87500.0,119565.485
-118.01,33.89,34.0,1653.0,292.0,1003.0,310.0,4.6,<1H OCEAN,4,203400.0,195350.5
-121.97,36.97,15.0,2849.0,668.0,1546.0,582.0,2.7587,NEAR OCEAN,2,228600.0,235677.5
-118.25,33.98,47.0,617.0,162.0,754.0,144.0,2.2969,<1H OCEAN,2,116700.0,107521.0
-121.81,37.38,29.0,570.0,76.0,244.0,72.0,12.3292,<1H OCEAN,5,416700.0,500001.0
-118.36,33.89,34.0,760.0,174.0,723.0,198.0,5.3169,<1H OCEAN,4,227600.0,271857.505
-117.28,33.1,13.0,2644.0,422.0,1197.0,399.0,6.5338,NEAR OCEAN,5,267900.0,322156.54
-122.25,38.1,52.0,1591.0,372.0,817.0,357.0,2.1411,NEAR BAY,2,97200.0,123006.5
-118.15,34.15,49.0,806.0,199.0,698.0,172.0,2.3654,<1H OCEAN,2,137500.0,155892.51
-118.27,34.08,35.0,1147.0,365.0,1016.0,296.0,2.3913,<1H OCEAN,2,198800.0,183504.5
-119.31,36.39,32.0,2293.0,466.0,1538.0,468.0,1.9342,INLAND,2,68600.0,60651.5
-122.07,37.39,30.0,1695.0,480.0,932.0,447.0,3.5045,NEAR BAY,3,352500.0,265237.5
-118.27,34.0,46.0,1748.0,428.0,1707.0,409.0,2.148,<1H OCEAN,2,103800.0,108991.5
-119.99,38.88,17.0,2807.0,529.0,675.0,251.0,2.7457,INLAND,2,107800.0,125012.0
-121.2,38.7,28.0,2970.0,471.0,1379.0,463.0,4.3214,INLAND,3,131700.0,174978.0
-122.42,37.74,52.0,2019.0,418.0,999.0,448.0,4.2212,NEAR BAY,3,271300.0,272229.005
-117.29,34.14,52.0,1683.0,266.0,646.0,256.0,4.0481,INLAND,3,97300.0,137758.0
-123.8,39.44,52.0,1533.0,336.0,754.0,340.0,1.9213,<1H OCEAN,2,95000.0,98461.5
-122.7,38.35,14.0,1555.0,369.0,493.0,335.0,1.6033,<1H OCEAN,2,67500.0,174666.0
-118.3,34.19,52.0,1704.0,277.0,746.0,262.0,4.7986,<1H OCEAN,4,326100.0,321277.01
-116.09,34.15,13.0,9444.0,1997.0,4166.0,1482.0,2.6111,INLAND,2,65600.0,85506.5
-117.7,33.62,19.0,2957.0,492.0,1639.0,495.0,5.0686,<1H OCEAN,4,225600.0,258719.505
-117.23,32.74,44.0,1404.0,229.0,513.0,217.0,4.1806,NEAR OCEAN,3,263800.0,324639.535
-118.45,34.0,46.0,1777.0,362.0,896.0,334.0,4.45,<1H OCEAN,3,348300.0,343277.025
-118.42,34.0,33.0,1139.0,299.0,734.0,257.0,3.2708,<1H OCEAN,3,325000.0,326529.005
-118.31,34.02,46.0,2217.0,489.0,1227.0,448.0,1.6851,<1H OCEAN,2,108800.0,120797.0
-122.43,37.77,52.0,1760.0,366.0,742.0,318.0,4.445,NEAR BAY,3,400000.0,404368.685
-121.08,38.9,27.0,3436.0,755.0,1568.0,709.0,2.4273,INLAND,2,138400.0,135540.5
-119.63,36.32,36.0,1518.0,287.0,749.0,255.0,2.2333,INLAND,2,61000.0,74646.0
-122.35,37.53,27.0,2169.0,305.0,905.0,319.0,7.7743,NEAR OCEAN,5,453100.0,435068.13
-118.4,33.88,36.0,1543.0,214.0,474.0,187.0,9.3399,<1H OCEAN,5,500001.0,499323.975
-118.29,33.92,40.0,1935.0,461.0,1616.0,433.0,2.875,<1H OCEAN,2,120200.0,143527.0
-118.36,33.89,40.0,756.0,122.0,371.0,130.0,5.0299,<1H OCEAN,4,329200.0,238186.0
-118.15,33.79,5.0,3700.0,993.0,1657.0,848.0,3.7826,NEAR OCEAN,3,196300.0,252820.505
-117.38,33.97,30.0,2953.0,703.0,1406.0,580.0,2.6895,INLAND,2,150000.0,101981.5
-118.03,34.07,37.0,1091.0,269.0,905.0,242.0,3.1042,<1H OCEAN,3,152000.0,185653.0
-122.28,37.86,52.0,2031.0,450.0,958.0,445.0,1.9327,NEAR BAY,2,169900.0,186231.0
-117.93,33.87,10.0,1277.0,488.0,730.0,417.0,1.4803,<1H OCEAN,1,137500.0,154140.505
-118.12,33.94,33.0,2206.0,393.0,973.0,364.0,4.675,<1H OCEAN,4,283000.0,226902.0
-117.18,32.7,42.0,1691.0,286.0,761.0,281.0,5.1386,NEAR OCEAN,4,404500.0,377004.335
-117.01,32.81,21.0,4203.0,618.0,1620.0,600.0,5.3441,<1H OCEAN,4,193500.0,211669.0
-117.15,32.78,25.0,1577.0,266.0,611.0,284.0,5.25,NEAR OCEAN,4,205100.0,209671.515
-121.27,38.69,16.0,3389.0,597.0,1674.0,568.0,4.4489,INLAND,3,145600.0,146864.0
-121.7,38.65,22.0,1360.0,282.0,808.0,229.0,2.4167,INLAND,2,225000.0,107116.5
-122.82,38.4,40.0,2406.0,423.0,1054.0,426.0,3.8846,<1H OCEAN,3,215900.0,203021.5
-118.17,34.08,39.0,787.0,181.0,731.0,179.0,3.2279,<1H OCEAN,3,158500.0,149265.0
-121.79,38.0,34.0,3090.0,593.0,1588.0,566.0,3.6118,INLAND,3,124700.0,143200.0
-116.15,33.64,10.0,1711.0,499.0,1896.0,443.0,1.6557,INLAND,2,65400.0,65108.5
-118.91,34.28,6.0,6106.0,1134.0,3246.0,1062.0,5.2206,<1H OCEAN,4,280200.0,245183.0
-118.14,34.03,45.0,1569.0,359.0,1203.0,359.0,2.4612,<1H OCEAN,2,180500.0,174228.0
-117.4,34.08,21.0,3622.0,667.0,2503.0,720.0,3.8531,INLAND,3,105400.0,119952.0
-118.25,33.93,36.0,2452.0,734.0,2664.0,667.0,0.9298,<1H OCEAN,1,100000.0,131004.505
-117.03,32.79,17.0,7352.0,1699.0,3331.0,1634.0,2.7006,<1H OCEAN,2,166300.0,154270.5
-120.43,34.89,30.0,1979.0,342.0,999.0,320.0,5.0286,<1H OCEAN,4,158000.0,209239.52
-122.02,37.36,21.0,2471.0,677.0,1486.0,689.0,3.9038,<1H OCEAN,3,243800.0,265523.0
-122.28,37.9,52.0,2318.0,328.0,779.0,312.0,7.1754,NEAR BAY,5,362900.0,373653.05
-118.27,33.82,28.0,1642.0,434.0,1575.0,420.0,4.1292,<1H OCEAN,3,201900.0,188080.0
-120.12,41.4,33.0,2820.0,515.0,976.0,403.0,2.6062,INLAND,2,52600.0,68062.0
-118.39,34.05,42.0,3105.0,559.0,1253.0,531.0,5.222,<1H OCEAN,4,500001.0,441836.835
-118.25,33.97,37.0,794.0,210.0,814.0,213.0,2.2917,<1H OCEAN,2,112000.0,105866.0
-120.95,36.47,52.0,1691.0,301.0,618.0,239.0,3.2292,<1H OCEAN,3,225000.0,276858.61
-117.25,32.99,10.0,4926.0,749.0,1478.0,634.0,7.472,NEAR OCEAN,5,439900.0,387527.09
-117.31,34.05,6.0,7423.0,2111.0,4092.0,1789.0,2.7002,INLAND,2,88300.0,114044.0
-122.22,37.44,32.0,4281.0,501.0,1318.0,484.0,15.0001,NEAR OCEAN,5,500001.0,500001.0
-122.29,37.9,49.0,1283.0,238.0,576.0,236.0,3.3333,NEAR BAY,3,276800.0,220399.5
-118.1,34.06,36.0,1463.0,369.0,1492.0,366.0,3.25,<1H OCEAN,3,179200.0,171374.5
-117.99,33.9,30.0,1677.0,372.0,1021.0,332.0,3.5859,<1H OCEAN,3,199700.0,186263.5
-117.04,32.74,5.0,2878.0,785.0,1727.0,758.0,1.7179,NEAR OCEAN,2,132000.0,151784.505
-118.09,33.77,26.0,5359.0,1508.0,1829.0,1393.0,1.7675,<1H OCEAN,2,61300.0,153798.0
-122.2,38.09,18.0,6860.0,1079.0,3205.0,1058.0,5.2957,NEAR BAY,4,171900.0,222747.5
-120.76,38.47,17.0,1521.0,309.0,607.0,240.0,3.5,INLAND,3,123800.0,142156.0
-117.51,34.02,24.0,7779.0,1835.0,3996.0,1765.0,2.1764,INLAND,2,135300.0,119725.0
-117.3,34.18,19.0,2526.0,381.0,1176.0,381.0,5.5136,INLAND,4,137100.0,184094.5
-118.18,34.08,35.0,2226.0,602.0,2230.0,549.0,2.9167,<1H OCEAN,2,129300.0,163047.5
-119.0,34.19,5.0,3634.0,718.0,1317.0,743.0,4.2917,<1H OCEAN,3,227900.0,262083.545
-121.35,38.4,11.0,2322.0,459.0,1373.0,424.0,3.175,INLAND,3,94400.0,111893.5
-122.24,38.1,49.0,1851.0,356.0,849.0,307.0,2.9432,NEAR BAY,2,103500.0,128928.0
-117.18,32.69,37.0,3112.0,716.0,1304.0,674.0,3.2121,NEAR OCEAN,3,320800.0,345532.73
-119.08,34.17,32.0,166.0,22.0,63.0,29.0,7.3004,NEAR OCEAN,5,125000.0,396915.85
-121.9,37.67,15.0,2130.0,273.0,876.0,285.0,7.2639,<1H OCEAN,5,332400.0,307222.52
-117.65,34.02,9.0,2107.0,411.0,1138.0,389.0,4.4042,INLAND,3,159100.0,147176.0
-122.0,37.4,35.0,1542.0,298.0,1164.0,318.0,5.9145,<1H OCEAN,4,236900.0,288362.0
-118.05,33.71,25.0,4150.0,570.0,1424.0,547.0,8.8281,NEAR OCEAN,5,461600.0,448632.48
-117.98,34.05,35.0,2342.0,426.0,2176.0,416.0,3.7454,<1H OCEAN,3,156900.0,161742.5
-119.16,34.95,14.0,4054.0,787.0,1581.0,579.0,3.0882,INLAND,3,148200.0,86238.5
-117.13,32.81,26.0,2119.0,444.0,1202.0,440.0,3.2308,NEAR OCEAN,3,166500.0,158324.5
-118.25,34.14,30.0,1615.0,570.0,1245.0,544.0,1.8929,<1H OCEAN,2,196900.0,219674.5
-118.26,34.08,45.0,2174.0,627.0,1992.0,557.0,2.5428,<1H OCEAN,2,167800.0,191307.5
-121.33,38.03,10.0,629.0,140.0,635.0,146.0,2.2961,INLAND,2,126700.0,102486.0
-118.15,33.76,36.0,2916.0,785.0,1183.0,749.0,3.5985,NEAR OCEAN,3,500001.0,374871.625
-121.56,39.51,47.0,1064.0,245.0,603.0,190.0,1.3654,INLAND,1,57900.0,62082.0
-121.96,37.41,17.0,3208.0,617.0,2286.0,602.0,5.2937,<1H OCEAN,4,238000.0,253395.5
-116.92,32.79,24.0,4055.0,742.0,2123.0,744.0,4.5224,<1H OCEAN,4,142000.0,177327.0
-118.14,34.71,32.0,1164.0,248.0,588.0,270.0,1.1917,INLAND,1,86900.0,105666.0
-121.7,39.36,37.0,2330.0,495.0,1505.0,470.0,2.0474,INLAND,2,56000.0,73205.5
-118.44,33.88,35.0,2020.0,451.0,724.0,399.0,6.6494,NEAR OCEAN,5,500001.0,457655.36
-117.08,32.68,26.0,3071.0,615.0,2156.0,568.0,2.9318,NEAR OCEAN,2,112400.0,136306.0
-121.26,37.96,43.0,527.0,133.0,367.0,152.0,2.5,INLAND,2,63600.0,84132.0
-122.28,37.5,33.0,6499.0,998.0,2694.0,957.0,7.4787,NEAR OCEAN,5,431300.0,448722.14
-118.28,34.07,14.0,1924.0,926.0,2226.0,792.0,2.2552,<1H OCEAN,2,265900.0,197555.5
-120.38,36.76,25.0,991.0,272.0,941.0,262.0,1.8125,INLAND,2,58000.0,57426.5
-118.94,35.39,13.0,3137.0,417.0,1318.0,397.0,7.7751,INLAND,5,194100.0,289324.0
-117.87,33.86,28.0,2292.0,531.0,2197.0,509.0,3.4856,<1H OCEAN,3,142800.0,187336.0
-118.11,34.0,33.0,2886.0,726.0,2650.0,728.0,2.625,<1H OCEAN,2,178700.0,171194.5
-118.42,34.2,34.0,161.0,48.0,66.0,33.0,1.0,<1H OCEAN,1,187500.0,214909.02
-117.85,33.77,16.0,2186.0,511.0,908.0,466.0,4.575,<1H OCEAN,4,225000.0,198192.0
-119.28,34.42,23.0,4763.0,828.0,2198.0,771.0,4.8105,NEAR OCEAN,4,313000.0,295859.59
-118.49,34.05,52.0,2416.0,291.0,810.0,270.0,13.8556,<1H OCEAN,5,500001.0,500001.0
-118.08,33.89,37.0,1152.0,259.0,981.0,225.0,3.2857,<1H OCEAN,3,153600.0,166669.0
-119.98,36.9,26.0,1284.0,239.0,820.0,254.0,2.5833,INLAND,2,62300.0,93927.0
-116.38,33.74,7.0,17579.0,3479.0,3581.0,1820.0,4.084,INLAND,3,194500.0,184523.0
-117.55,33.94,30.0,5398.0,926.0,2672.0,864.0,4.4762,INLAND,3,163900.0,163722.5
-122.26,38.36,25.0,1821.0,344.0,349.0,179.0,6.9931,INLAND,5,398800.0,278815.51
-122.11,37.14,29.0,3201.0,640.0,1722.0,570.0,4.4597,NEAR OCEAN,3,204100.0,242357.01
-119.3,34.39,35.0,3079.0,579.0,1807.0,589.0,4.69,NEAR OCEAN,4,199300.0,298931.555
-118.13,34.16,36.0,2162.0,658.0,1337.0,590.0,2.2095,<1H OCEAN,2,176700.0,181459.5
-117.91,33.62,35.0,2426.0,359.0,937.0,387.0,9.2175,<1H OCEAN,5,500001.0,483153.235
-116.87,32.75,15.0,2053.0,321.0,993.0,309.0,5.5164,<1H OCEAN,4,248900.0,199957.0
-118.14,33.97,36.0,1407.0,385.0,1763.0,350.0,2.6364,<1H OCEAN,2,150000.0,165606.0
-117.58,34.14,7.0,11818.0,1745.0,5499.0,1600.0,5.3678,INLAND,4,231700.0,214749.5
-116.86,33.97,11.0,658.0,131.0,376.0,120.0,2.3977,INLAND,2,58000.0,109999.5
-120.16,39.04,18.0,2040.0,402.0,350.0,129.0,4.0313,INLAND,3,126000.0,130040.0
-118.07,33.99,41.0,1204.0,252.0,1002.0,248.0,3.0577,<1H OCEAN,3,163300.0,166731.0
-120.99,37.8,32.0,2564.0,513.0,1198.0,459.0,2.9083,INLAND,2,113400.0,125780.5
-121.91,36.85,22.0,2442.0,624.0,1301.0,290.0,3.1563,NEAR OCEAN,3,300000.0,250127.5
-122.28,37.53,34.0,1980.0,385.0,970.0,391.0,5.1207,NEAR OCEAN,4,310900.0,333919.53
-117.99,33.71,19.0,1967.0,487.0,1251.0,404.0,3.6696,<1H OCEAN,3,218800.0,211460.505
-119.75,36.77,32.0,1962.0,399.0,1005.0,392.0,2.6726,INLAND,2,70400.0,74128.5
-122.25,38.0,16.0,2978.0,411.0,1531.0,400.0,6.5006,NEAR BAY,5,237700.0,292456.505
-117.0,32.74,17.0,2357.0,599.0,1423.0,510.0,1.8856,<1H OCEAN,2,118800.0,120071.0
-115.49,32.67,24.0,1266.0,275.0,1083.0,298.0,1.4828,INLAND,1,73100.0,63469.5
-121.0,37.62,28.0,1153.0,420.0,1043.0,357.0,1.0801,INLAND,1,75000.0,76292.0
-118.52,34.3,17.0,4542.0,621.0,2144.0,597.0,8.8467,<1H OCEAN,5,450700.0,453976.51
-121.97,37.97,26.0,1977.0,264.0,817.0,273.0,5.7512,INLAND,4,240200.0,230113.5
-115.38,32.82,38.0,1892.0,394.0,1175.0,374.0,1.9939,INLAND,2,65800.0,68073.0
-116.51,34.85,15.0,3149.0,713.0,1281.0,486.0,2.0,INLAND,2,64700.0,74599.485
-118.18,33.87,44.0,1832.0,401.0,1056.0,405.0,4.0658,<1H OCEAN,3,175100.0,178032.0
-118.58,34.2,21.0,2979.0,744.0,1824.0,692.0,3.5,<1H OCEAN,3,223700.0,211990.0
-122.03,38.69,23.0,1796.0,380.0,939.0,330.0,2.7955,INLAND,2,96300.0,116990.0
-122.42,37.6,34.0,3562.0,565.0,1542.0,563.0,5.8783,NEAR OCEAN,4,405100.0,405583.685
-122.3,37.53,38.0,984.0,171.0,429.0,157.0,5.3261,NEAR OCEAN,4,376800.0,321577.01
-117.31,32.82,42.0,2785.0,389.0,833.0,333.0,11.3074,NEAR OCEAN,5,500001.0,497546.95
-122.06,37.64,20.0,1655.0,450.0,857.0,430.0,3.5541,NEAR BAY,3,350000.0,194283.5
-118.96,34.19,16.0,1807.0,346.0,587.0,296.0,1.9811,<1H OCEAN,2,162500.0,211773.51
-117.91,33.87,52.0,2031.0,506.0,1191.0,463.0,2.9076,<1H OCEAN,2,177300.0,191105.0
-118.28,33.96,41.0,1175.0,340.0,1241.0,352.0,1.2273,<1H OCEAN,1,98400.0,95769.0
-121.11,39.09,16.0,1000.0,197.0,508.0,190.0,2.3062,INLAND,2,138800.0,124608.0
-118.37,33.96,26.0,138.0,23.0,100.0,20.0,4.875,<1H OCEAN,4,175000.0,286060.02
-122.01,36.97,43.0,2162.0,509.0,1208.0,464.0,2.5417,NEAR OCEAN,2,260900.0,231110.5
-118.18,36.63,23.0,2311.0,487.0,1019.0,384.0,2.2574,INLAND,2,104700.0,74727.495
-117.92,33.8,17.0,1317.0,256.0,679.0,272.0,4.6696,<1H OCEAN,4,159500.0,201069.5
-118.36,33.86,37.0,1768.0,314.0,802.0,290.0,5.0784,<1H OCEAN,4,295900.0,286737.52
-117.2,32.77,30.0,156.0,45.0,77.0,40.0,3.2679,NEAR OCEAN,3,137500.0,201074.025
-121.89,36.59,32.0,784.0,112.0,262.0,114.0,6.918,NEAR OCEAN,5,500001.0,429488.845
-117.69,33.6,17.0,2150.0,361.0,1194.0,335.0,5.4622,<1H OCEAN,4,227000.0,258265.505
-118.24,34.22,41.0,2476.0,506.0,1271.0,485.0,3.4531,<1H OCEAN,3,263900.0,268008.0
-117.71,34.06,16.0,1458.0,295.0,912.0,331.0,3.625,INLAND,3,160400.0,142891.5
-118.31,33.94,43.0,2104.0,393.0,1132.0,394.0,3.0682,<1H OCEAN,3,142000.0,140897.0
-118.1,33.96,36.0,1184.0,240.0,946.0,232.0,4.0357,<1H OCEAN,3,162500.0,168047.0
-118.36,33.9,39.0,1166.0,222.0,640.0,206.0,3.5313,<1H OCEAN,3,230400.0,226436.5
-122.2,37.43,38.0,3626.0,528.0,1350.0,532.0,7.3681,NEAR OCEAN,5,500001.0,462167.865
-121.99,37.32,20.0,4461.0,864.0,2042.0,808.0,4.7083,<1H OCEAN,4,217700.0,280660.5
-118.34,33.99,48.0,1172.0,205.0,497.0,190.0,3.825,<1H OCEAN,3,183000.0,187053.5
-121.88,37.43,17.0,3469.0,896.0,2762.0,808.0,3.3884,<1H OCEAN,3,245800.0,206499.5
-122.71,38.42,23.0,1569.0,414.0,1031.0,368.0,1.6267,<1H OCEAN,2,129200.0,140288.0
-120.06,36.98,12.0,2710.0,575.0,1724.0,516.0,1.4712,INLAND,1,60400.0,65514.0
-124.15,40.81,50.0,340.0,74.0,235.0,83.0,1.75,NEAR OCEAN,2,67500.0,95538.0
-121.9,36.97,21.0,3707.0,751.0,1420.0,608.0,4.4485,NEAR OCEAN,3,295200.0,295206.52
-117.99,33.85,35.0,1661.0,272.0,949.0,276.0,5.2548,<1H OCEAN,4,192600.0,214332.0
-118.09,34.01,36.0,1465.0,363.0,1538.0,342.0,3.5469,<1H OCEAN,3,150600.0,159335.5
-118.12,34.69,17.0,2479.0,390.0,1219.0,363.0,4.6417,INLAND,4,125700.0,160450.0
-121.62,39.13,41.0,1147.0,243.0,583.0,239.0,2.2431,INLAND,2,63400.0,82874.5
-121.35,38.72,2.0,21897.0,3513.0,8652.0,2873.0,4.5432,INLAND,4,151300.0,157464.5
-118.64,34.19,30.0,2399.0,373.0,1062.0,377.0,6.0094,<1H OCEAN,5,245600.0,347734.53
-117.81,33.82,20.0,2819.0,319.0,1019.0,319.0,12.2092,<1H OCEAN,5,500001.0,488135.625
-118.28,33.8,38.0,1471.0,329.0,1207.0,335.0,4.0,<1H OCEAN,3,165500.0,183682.0
-117.45,34.07,21.0,3465.0,639.0,2292.0,628.0,3.3553,INLAND,3,113500.0,115039.0
-122.55,37.79,32.0,2131.0,625.0,1229.0,572.0,2.9201,NEAR OCEAN,2,322200.0,334372.085
-118.39,34.09,27.0,4312.0,1214.0,1634.0,1097.0,3.6207,<1H OCEAN,3,362500.0,437728.84
-119.45,36.35,22.0,1824.0,333.0,1076.0,282.0,2.3365,INLAND,2,69600.0,76521.5
-118.21,33.94,41.0,1807.0,442.0,1628.0,443.0,2.84,<1H OCEAN,2,156100.0,152144.0
-117.1,32.59,21.0,2350.0,667.0,1621.0,613.0,2.0734,NEAR OCEAN,2,87500.0,116278.5
-118.07,33.8,17.0,2439.0,554.0,1161.0,532.0,3.6442,<1H OCEAN,3,193100.0,207492.0
-117.93,33.8,34.0,3903.0,717.0,2054.0,716.0,4.2731,<1H OCEAN,3,218000.0,206160.0
-118.25,33.93,42.0,763.0,191.0,754.0,174.0,2.0486,<1H OCEAN,2,101800.0,95889.0
-118.31,34.0,52.0,1542.0,309.0,939.0,276.0,1.6892,<1H OCEAN,2,129100.0,114936.0
-121.38,37.88,44.0,1158.0,226.0,1094.0,224.0,2.6842,INLAND,2,156300.0,81014.5
-117.15,32.91,10.0,2349.0,431.0,1598.0,435.0,4.8229,<1H OCEAN,4,183200.0,184450.5
-118.19,33.95,42.0,1651.0,463.0,1559.0,436.0,2.3882,<1H OCEAN,2,148100.0,159187.0
-118.34,34.08,52.0,1721.0,195.0,688.0,196.0,15.0001,<1H OCEAN,5,500001.0,500001.0
-117.94,33.65,20.0,5476.0,1073.0,2327.0,963.0,5.6637,<1H OCEAN,4,222100.0,310589.085
-118.2,34.12,52.0,1580.0,426.0,1462.0,406.0,3.3326,<1H OCEAN,3,167600.0,175750.0
-118.25,34.14,25.0,5980.0,1856.0,5217.0,1772.0,2.506,<1H OCEAN,2,184500.0,216009.5
-122.44,37.76,52.0,1968.0,472.0,784.0,430.0,3.3702,NEAR BAY,3,370000.0,361686.555
-122.47,37.71,42.0,1961.0,427.0,1211.0,409.0,3.5156,NEAR OCEAN,3,239400.0,245402.5
-118.08,33.97,36.0,1620.0,298.0,1258.0,309.0,3.9773,<1H OCEAN,3,166700.0,166358.5
-118.12,34.06,25.0,1137.0,293.0,800.0,281.0,2.4286,<1H OCEAN,2,233300.0,189345.0
-122.01,36.97,35.0,1605.0,392.0,743.0,382.0,2.5368,NEAR OCEAN,2,240000.0,286026.0
-119.94,38.95,25.0,1789.0,536.0,1134.0,396.0,2.32,INLAND,2,91300.0,110497.0
-118.51,34.24,31.0,5297.0,664.0,1986.0,657.0,8.6454,<1H OCEAN,5,483500.0,487658.81
-118.16,34.0,37.0,1341.0,336.0,1233.0,306.0,3.6583,<1H OCEAN,3,150500.0,181350.505
-120.94,37.58,19.0,1549.0,369.0,770.0,370.0,2.0493,INLAND,2,99500.0,114160.5
-118.39,34.18,42.0,1957.0,389.0,985.0,414.0,2.9327,<1H OCEAN,2,240200.0,213918.0
-122.16,37.76,45.0,2299.0,514.0,1437.0,484.0,2.5122,NEAR BAY,2,95500.0,121039.0
-117.92,33.61,37.0,1244.0,173.0,394.0,154.0,10.3682,<1H OCEAN,5,500001.0,498129.455
-118.06,34.09,40.0,1975.0,389.0,1116.0,378.0,4.2898,<1H OCEAN,3,251600.0,224225.5
-116.96,32.8,16.0,3920.0,1094.0,2612.0,1023.0,1.3291,<1H OCEAN,1,120800.0,123311.505
-121.31,38.67,26.0,1387.0,226.0,807.0,244.0,4.1563,INLAND,3,135700.0,136748.0
-118.59,34.21,34.0,2389.0,521.0,1560.0,514.0,4.8333,<1H OCEAN,4,225400.0,228887.0
-118.42,34.14,27.0,3990.0,892.0,1417.0,800.0,4.0439,<1H OCEAN,3,500001.0,401472.075
-120.49,40.31,16.0,1821.0,360.0,969.0,359.0,3.4643,INLAND,3,85100.0,117604.5
-118.84,34.11,12.0,7508.0,1058.0,2484.0,965.0,5.8788,NEAR OCEAN,4,500001.0,374844.715
-118.19,33.95,41.0,1368.0,309.0,1244.0,312.0,3.0833,<1H OCEAN,3,164800.0,159279.5
-121.27,38.67,15.0,2116.0,524.0,866.0,519.0,2.7388,INLAND,2,111600.0,136455.0
-121.34,38.64,12.0,2772.0,578.0,1335.0,565.0,3.8068,INLAND,3,161000.0,144325.5
-121.78,37.97,4.0,17032.0,2546.0,7653.0,2359.0,5.5601,INLAND,4,213700.0,215570.5
-120.25,38.03,21.0,4924.0,966.0,1175.0,454.0,2.9457,INLAND,2,116500.0,125829.0
-121.98,37.14,37.0,74.0,19.0,63.0,17.0,9.5908,<1H OCEAN,5,350000.0,293380.21
-118.34,33.93,35.0,1213.0,284.0,742.0,253.0,4.0625,<1H OCEAN,3,159900.0,184986.5
-118.28,34.11,45.0,1607.0,331.0,633.0,332.0,3.1445,<1H OCEAN,3,438300.0,263920.51
-122.32,38.01,26.0,3054.0,492.0,1495.0,496.0,4.6944,NEAR BAY,4,171100.0,178520.5
-118.32,33.79,21.0,6638.0,1634.0,3240.0,1568.0,3.6797,<1H OCEAN,3,271100.0,346138.5
-119.55,34.38,17.0,1951.0,368.0,681.0,350.0,2.7275,<1H OCEAN,2,500001.0,265303.51
-121.02,37.6,33.0,1009.0,238.0,1027.0,246.0,2.5993,INLAND,2,68000.0,94021.5
-118.48,34.2,23.0,2850.0,864.0,2249.0,777.0,2.6957,<1H OCEAN,2,191700.0,208547.0
-118.03,33.77,24.0,3810.0,579.0,1818.0,590.0,5.8053,<1H OCEAN,4,255900.0,253333.0
-118.2,34.06,46.0,453.0,119.0,533.0,132.0,2.2961,<1H OCEAN,2,112500.0,132893.5
-117.02,32.81,14.0,3173.0,599.0,1451.0,585.0,3.7292,<1H OCEAN,3,182200.0,160769.5
-122.23,37.84,47.0,3175.0,454.0,1098.0,485.0,5.2868,NEAR BAY,4,347600.0,320684.52
-121.95,37.25,30.0,3298.0,634.0,1532.0,602.0,5.0863,<1H OCEAN,4,332000.0,285623.505
-120.98,37.79,20.0,2458.0,491.0,1227.0,481.0,2.7857,INLAND,2,110900.0,125138.5
-118.4,34.2,13.0,4859.0,1293.0,3351.0,1200.0,3.6875,<1H OCEAN,3,211900.0,207886.0
-118.51,34.2,33.0,2327.0,479.0,1166.0,472.0,4.2344,<1H OCEAN,3,262500.0,235270.005
-119.12,34.38,28.0,7200.0,1281.0,3793.0,1238.0,4.075,<1H OCEAN,3,237900.0,254566.505
-118.25,33.93,38.0,180.0,43.0,246.0,56.0,2.85,<1H OCEAN,2,90000.0,119080.5
-118.38,33.83,35.0,2152.0,454.0,902.0,414.0,4.5179,<1H OCEAN,4,427200.0,415599.72
-117.25,32.94,15.0,1804.0,339.0,673.0,296.0,5.9806,NEAR OCEAN,4,370500.0,318998.545
-121.79,39.73,8.0,5690.0,1189.0,2887.0,1077.0,3.0625,INLAND,3,116300.0,124114.0
-118.0,33.88,18.0,2628.0,720.0,2276.0,649.0,2.735,<1H OCEAN,2,170800.0,174248.5
-118.49,34.28,31.0,3508.0,585.0,1957.0,588.0,6.6458,<1H OCEAN,5,285500.0,339827.03
-117.4,33.95,46.0,2189.0,423.0,866.0,389.0,3.1384,INLAND,3,111500.0,123624.5
-120.08,36.72,22.0,1339.0,251.0,820.0,276.0,3.6,INLAND,3,83200.0,116578.5
-122.06,37.54,20.0,6483.0,1068.0,3526.0,1060.0,5.0838,NEAR BAY,4,248200.0,247538.51
-122.25,37.49,40.0,2709.0,521.0,1156.0,510.0,4.6366,NEAR OCEAN,4,395500.0,363850.56
-118.31,34.17,12.0,3188.0,931.0,2118.0,850.0,3.1823,<1H OCEAN,3,218300.0,238120.015
-122.1,37.39,35.0,2471.0,349.0,881.0,342.0,7.6229,NEAR BAY,5,500001.0,462171.54
-121.49,39.49,20.0,2505.0,468.0,1174.0,429.0,2.9965,INLAND,2,88900.0,90851.5
-122.08,37.69,43.0,1575.0,324.0,740.0,284.0,2.8512,NEAR BAY,2,181000.0,174478.0
-119.83,34.45,24.0,2168.0,373.0,934.0,366.0,5.4197,NEAR OCEAN,4,280900.0,324416.0
-118.37,34.05,35.0,2457.0,552.0,1159.0,523.0,3.0862,<1H OCEAN,3,345300.0,315621.065
-117.93,34.04,23.0,6361.0,1168.0,4580.0,1109.0,4.9342,<1H OCEAN,4,181000.0,227772.0
-118.02,33.94,33.0,2382.0,404.0,1339.0,389.0,5.3016,<1H OCEAN,4,192200.0,228228.0
-121.09,39.48,25.0,1665.0,374.0,845.0,330.0,1.5603,INLAND,2,78100.0,66610.0
-121.01,37.64,52.0,201.0,35.0,74.0,22.0,1.3036,INLAND,1,75000.0,107153.495
-122.12,37.88,35.0,2785.0,362.0,1001.0,363.0,8.0448,NEAR BAY,5,433300.0,417680.67
-117.97,34.1,26.0,1399.0,277.0,1285.0,276.0,4.0,INLAND,3,160100.0,151667.5
-117.22,33.74,7.0,1810.0,386.0,931.0,355.0,2.5221,<1H OCEAN,2,109200.0,178479.0
-121.42,38.7,10.0,2562.0,460.0,1478.0,433.0,4.0625,INLAND,3,96200.0,125651.5
-121.27,38.87,16.0,2094.0,358.0,1092.0,357.0,4.4769,INLAND,3,191400.0,160789.0
-120.1,39.19,18.0,3824.0,559.0,241.0,106.0,5.5456,INLAND,4,360000.0,202999.525
-122.79,38.42,9.0,4967.0,885.0,2581.0,915.0,5.038,<1H OCEAN,4,185600.0,245384.0
-117.01,33.97,18.0,4775.0,886.0,1868.0,836.0,2.3355,INLAND,2,118800.0,107692.5
-122.23,37.79,30.0,610.0,145.0,425.0,140.0,1.6198,NEAR BAY,2,122700.0,127422.005
-117.55,34.14,3.0,5710.0,919.0,2874.0,886.0,5.3638,INLAND,4,206300.0,203694.0
-117.46,34.06,24.0,2831.0,478.0,1582.0,435.0,4.3397,INLAND,3,195600.0,137339.5
-117.13,32.7,48.0,786.0,230.0,917.0,231.0,1.875,NEAR OCEAN,2,75600.0,89841.5
-122.35,40.25,10.0,1621.0,318.0,866.0,283.0,3.5,INLAND,3,104300.0,115109.5
-118.35,34.13,39.0,1610.0,278.0,511.0,278.0,4.3333,<1H OCEAN,3,385900.0,408560.715
-117.07,32.74,38.0,1901.0,392.0,1099.0,406.0,2.7661,NEAR OCEAN,2,113900.0,128210.5
-122.36,37.94,43.0,369.0,107.0,371.0,111.0,1.6,NEAR BAY,2,79400.0,89188.505
-119.85,36.77,9.0,1142.0,314.0,620.0,283.0,2.0446,INLAND,2,81300.0,67554.0
-118.36,33.96,17.0,3431.0,934.0,2365.0,810.0,3.0393,<1H OCEAN,3,129200.0,174789.5
-122.64,38.87,16.0,1177.0,240.0,519.0,199.0,1.5739,INLAND,2,73500.0,94368.5
-122.03,38.01,27.0,3228.0,562.0,1666.0,588.0,4.5707,NEAR BAY,4,175900.0,179936.0
-118.44,34.27,29.0,1701.0,419.0,1616.0,371.0,3.3603,<1H OCEAN,3,142400.0,160555.0
-118.35,34.05,47.0,2815.0,679.0,1533.0,594.0,2.5806,<1H OCEAN,2,234100.0,298819.515
-122.28,37.53,25.0,3710.0,1015.0,2068.0,958.0,3.5445,NEAR OCEAN,3,286700.0,332690.505
-121.54,38.29,47.0,1396.0,254.0,630.0,218.0,2.8616,INLAND,2,92500.0,118809.5
-116.91,32.82,14.0,1978.0,424.0,1085.0,387.0,3.8073,<1H OCEAN,3,170100.0,151579.0
-121.83,36.62,33.0,1771.0,398.0,1037.0,388.0,2.7708,<1H OCEAN,2,161800.0,157532.0
-118.11,33.83,36.0,1462.0,233.0,664.0,220.0,5.1171,<1H OCEAN,4,225300.0,235932.0
-118.35,33.93,33.0,2040.0,576.0,2649.0,561.0,2.3375,<1H OCEAN,2,170600.0,167970.5
-118.39,34.03,25.0,3442.0,1050.0,1890.0,914.0,3.0574,<1H OCEAN,3,319400.0,304415.525
-119.27,35.51,28.0,1089.0,179.0,544.0,190.0,3.2279,INLAND,3,95800.0,87420.0
-116.87,33.94,35.0,4448.0,906.0,2736.0,843.0,2.218,INLAND,2,73400.0,90634.5
-121.24,40.31,36.0,1597.0,301.0,632.0,262.0,3.5962,INLAND,3,93600.0,103859.0
-119.79,36.84,22.0,1529.0,375.0,1543.0,395.0,1.7926,INLAND,2,51700.0,54941.5
-118.47,33.99,52.0,2167.0,622.0,1095.0,570.0,2.8514,<1H OCEAN,2,358700.0,387910.12
-119.82,36.79,18.0,5822.0,1439.0,3415.0,1224.0,1.6854,INLAND,2,64700.0,70432.0
-117.24,33.05,11.0,5827.0,882.0,2588.0,842.0,6.4027,NEAR OCEAN,5,344200.0,311793.505
-122.57,38.02,33.0,9531.0,1487.0,3798.0,1409.0,5.6512,NEAR BAY,4,314000.0,345122.01
-118.38,34.03,43.0,912.0,255.0,705.0,246.0,2.6402,<1H OCEAN,2,185700.0,236235.5
-122.03,37.94,21.0,5541.0,776.0,2214.0,737.0,5.5777,NEAR BAY,4,279300.0,255529.5
-122.28,37.85,52.0,610.0,145.0,281.0,132.0,2.9018,NEAR BAY,2,119400.0,164584.0
-121.96,37.28,33.0,1940.0,327.0,877.0,314.0,5.4386,<1H OCEAN,4,280400.0,293087.52
-121.7,37.91,17.0,1962.0,291.0,825.0,267.0,4.8958,INLAND,4,187100.0,199816.0
-123.52,41.01,17.0,1564.0,345.0,517.0,222.0,2.1542,INLAND,2,83800.0,80198.0
-118.15,34.11,39.0,2618.0,582.0,1314.0,532.0,3.5875,<1H OCEAN,3,309300.0,262217.01
-122.17,38.08,7.0,18392.0,2782.0,8276.0,2742.0,6.4232,NEAR BAY,5,229200.0,306195.515
-122.02,36.99,30.0,2156.0,487.0,1023.0,458.0,2.7875,NEAR OCEAN,2,245000.0,231063.5
-118.13,33.83,45.0,3087.0,574.0,1474.0,567.0,5.5196,<1H OCEAN,4,227600.0,310395.095
-118.42,34.05,33.0,2921.0,652.0,1124.0,608.0,5.0151,<1H OCEAN,4,500001.0,471899.095
-121.12,35.58,16.0,4109.0,798.0,1298.0,626.0,3.4799,NEAR OCEAN,3,320800.0,248688.005
-121.28,38.68,16.0,3467.0,615.0,1478.0,601.0,3.75,INLAND,3,147300.0,140834.5
-116.98,32.74,16.0,3361.0,537.0,1754.0,578.0,5.1098,<1H OCEAN,4,162300.0,190215.0
-117.68,33.6,24.0,1956.0,262.0,969.0,256.0,6.8154,<1H OCEAN,5,265900.0,291344.03
-118.43,33.87,41.0,847.0,173.0,344.0,170.0,6.822,NEAR OCEAN,5,500001.0,427979.905
-117.16,32.89,5.0,8576.0,1952.0,5006.0,1827.0,4.3598,<1H OCEAN,3,189100.0,209575.0
-116.91,32.78,15.0,4058.0,511.0,1580.0,473.0,7.5,<1H OCEAN,5,316400.0,364711.14
-118.39,34.23,18.0,3405.0,831.0,3001.0,795.0,3.0083,<1H OCEAN,3,181900.0,178096.5
-117.16,32.74,27.0,2335.0,604.0,982.0,590.0,3.1921,NEAR OCEAN,3,261500.0,217102.515
-117.33,34.12,33.0,933.0,219.0,838.0,211.0,1.3417,INLAND,1,69000.0,68551.5
-122.39,37.72,52.0,135.0,34.0,93.0,26.0,2.1484,NEAR BAY,2,181300.0,285125.07
-118.36,33.87,19.0,2512.0,575.0,1275.0,544.0,4.9375,<1H OCEAN,4,293000.0,308837.0
-117.3,34.18,28.0,2685.0,425.0,1304.0,420.0,4.3676,INLAND,3,111100.0,129265.5
-118.14,33.86,44.0,1276.0,234.0,538.0,213.0,4.8667,<1H OCEAN,4,218300.0,209549.5
-118.2,34.04,36.0,1625.0,490.0,2003.0,478.0,2.181,<1H OCEAN,2,147200.0,141758.0
-119.11,34.17,37.0,470.0,105.0,522.0,83.0,2.0368,NEAR OCEAN,2,243800.0,156260.005
-117.85,34.11,25.0,9255.0,1659.0,4944.0,1627.0,4.5708,INLAND,4,223000.0,219078.5
-117.97,34.11,18.0,123.0,28.0,121.0,26.0,3.0417,INLAND,3,137500.0,186969.51
-122.36,40.69,32.0,3611.0,772.0,2060.0,759.0,1.7427,INLAND,2,60600.0,66317.0
-117.76,35.22,4.0,18.0,3.0,8.0,6.0,1.625,INLAND,2,275000.0,169072.055
-119.7,34.42,52.0,329.0,109.0,291.0,102.0,1.4722,<1H OCEAN,1,350000.0,234147.595
-118.38,34.21,38.0,1363.0,395.0,1798.0,405.0,2.3182,<1H OCEAN,2,171200.0,174175.5
-122.18,37.74,42.0,541.0,154.0,380.0,123.0,2.3456,NEAR BAY,2,83500.0,90885.5
-118.29,33.72,21.0,1568.0,452.0,801.0,422.0,3.5109,NEAR OCEAN,3,225000.0,256983.555
-121.92,37.32,31.0,1902.0,554.0,1485.0,494.0,2.4207,<1H OCEAN,2,165600.0,210813.0
-118.45,34.28,38.0,1527.0,332.0,1303.0,340.0,3.5714,<1H OCEAN,3,152000.0,161175.0
-122.39,37.73,52.0,1931.0,329.0,1025.0,293.0,2.9063,NEAR BAY,2,192000.0,223082.5
-117.04,32.81,12.0,2880.0,406.0,1381.0,418.0,6.5412,<1H OCEAN,5,254200.0,292602.5
-118.06,34.71,14.0,2606.0,514.0,1228.0,512.0,2.5764,INLAND,2,150000.0,108277.5
-118.06,33.8,22.0,1892.0,442.0,1015.0,404.0,4.1379,<1H OCEAN,3,212500.0,207850.5
-122.42,40.63,23.0,2248.0,489.0,1132.0,444.0,1.6429,INLAND,2,80400.0,70798.0
-122.08,37.62,27.0,1826.0,309.0,1016.0,313.0,5.64,NEAR BAY,4,206500.0,253838.0
-122.53,37.5,19.0,4768.0,807.0,2199.0,805.0,6.1896,NEAR OCEAN,5,331100.0,366141.62
-118.56,34.19,35.0,782.0,144.0,425.0,140.0,5.4548,<1H OCEAN,4,201400.0,253113.52
-121.36,38.42,6.0,3254.0,465.0,1168.0,345.0,5.1811,INLAND,4,188400.0,182578.0
-117.78,33.71,4.0,974.0,232.0,428.0,203.0,4.6141,<1H OCEAN,4,195400.0,215785.565
-121.99,37.26,17.0,4034.0,611.0,1158.0,560.0,8.2069,<1H OCEAN,5,442500.0,419435.7
-120.47,34.7,24.0,2387.0,385.0,1051.0,382.0,4.4595,NEAR OCEAN,3,152700.0,185080.5
-118.43,34.14,44.0,1693.0,239.0,498.0,216.0,10.9237,<1H OCEAN,5,500001.0,500001.0
-118.09,33.82,36.0,2219.0,393.0,1042.0,396.0,5.2299,<1H OCEAN,4,239800.0,241752.0
-120.89,37.48,27.0,1118.0,195.0,647.0,209.0,2.9135,INLAND,2,159400.0,119327.5
-116.31,33.67,11.0,4686.0,851.0,2466.0,731.0,3.3333,INLAND,3,91800.0,123218.0
-122.43,37.73,52.0,1985.0,401.0,1337.0,424.0,4.1071,NEAR BAY,3,240900.0,254203.5
-117.74,34.09,30.0,3199.0,591.0,2192.0,563.0,3.4871,INLAND,3,136400.0,141818.0
-117.1,32.69,29.0,4174.0,1195.0,3675.0,1124.0,1.8112,NEAR OCEAN,2,103600.0,117829.5
-121.29,38.12,18.0,1534.0,275.0,741.0,263.0,3.9607,INLAND,3,132500.0,127564.5
-122.31,37.56,40.0,1351.0,330.0,701.0,297.0,3.32,NEAR OCEAN,3,292900.0,308873.505
-116.01,33.41,20.0,1996.0,515.0,659.0,295.0,2.8684,INLAND,2,62800.0,95384.5
-122.34,37.93,45.0,2225.0,486.0,1304.0,459.0,2.64,NEAR BAY,2,112100.0,113745.5
-118.96,35.4,27.0,2473.0,400.0,1271.0,427.0,3.5524,INLAND,3,89100.0,88769.0
-117.02,33.76,20.0,1317.0,203.0,453.0,158.0,2.8393,INLAND,2,120700.0,137179.0
-122.44,37.78,52.0,3017.0,851.0,1588.0,800.0,3.3882,NEAR BAY,3,471400.0,440288.53
-118.15,34.13,50.0,2443.0,494.0,947.0,451.0,4.7344,<1H OCEAN,4,314700.0,373248.78
-118.14,33.93,32.0,2065.0,438.0,1075.0,442.0,4.4279,<1H OCEAN,3,226400.0,223750.005
-117.17,32.7,33.0,4084.0,897.0,1804.0,833.0,4.0488,NEAR OCEAN,3,409700.0,245899.05
-118.05,33.94,34.0,495.0,120.0,527.0,130.0,1.9453,<1H OCEAN,2,149000.0,138860.0
-119.69,36.73,30.0,2437.0,349.0,1005.0,380.0,7.2211,INLAND,5,171700.0,373524.75
-122.1,37.96,25.0,1374.0,206.0,569.0,235.0,6.3699,NEAR BAY,5,235500.0,312414.055
-117.68,33.52,5.0,3621.0,632.0,1546.0,567.0,5.753,<1H OCEAN,4,322800.0,305297.1
-122.0,37.32,34.0,3450.0,731.0,1915.0,689.0,4.7402,<1H OCEAN,4,244500.0,275436.5
-117.29,33.63,7.0,16010.0,2726.0,7139.0,2426.0,3.8056,<1H OCEAN,3,162200.0,171929.5
-122.06,37.88,34.0,4781.0,703.0,1879.0,714.0,6.5378,NEAR BAY,5,340900.0,384522.605
-118.99,35.37,36.0,832.0,198.0,814.0,174.0,1.4773,INLAND,1,57400.0,53494.5
-118.37,34.18,33.0,1829.0,512.0,1345.0,500.0,3.1629,<1H OCEAN,3,198900.0,221020.505
-122.27,37.83,51.0,2665.0,574.0,1258.0,536.0,2.7303,NEAR BAY,2,109700.0,185917.5
-118.29,34.01,39.0,751.0,207.0,1010.0,231.0,1.6036,<1H OCEAN,2,137500.0,127458.0
-117.66,35.62,11.0,5897.0,1138.0,2728.0,1072.0,4.15,INLAND,3,85700.0,106783.0
-121.53,39.19,27.0,2080.0,412.0,1082.0,382.0,2.5495,INLAND,2,98300.0,92074.5
-117.95,33.92,32.0,1661.0,312.0,1201.0,302.0,4.0,<1H OCEAN,3,178200.0,168686.5
-122.0,37.0,16.0,32.0,4.0,36.0,5.0,2.625,NEAR OCEAN,2,137500.0,350347.335
-122.42,37.75,52.0,2163.0,607.0,1447.0,546.0,3.3555,NEAR BAY,3,275000.0,351654.5
-117.96,33.9,9.0,1899.0,284.0,1070.0,293.0,7.2532,<1H OCEAN,5,381500.0,326552.025
-118.4,33.89,36.0,2127.0,314.0,807.0,306.0,8.1596,<1H OCEAN,5,500001.0,495083.405
-117.25,32.84,19.0,1759.0,214.0,659.0,195.0,10.7751,NEAR OCEAN,5,500001.0,486874.73
-120.12,39.18,17.0,2839.0,525.0,390.0,189.0,3.5667,INLAND,3,179200.0,132825.5
-121.1,35.6,20.0,3389.0,704.0,1309.0,520.0,3.2112,NEAR OCEAN,3,204500.0,243025.505
-118.24,34.24,31.0,3019.0,469.0,1349.0,462.0,7.1463,<1H OCEAN,5,394100.0,423506.7
-117.99,33.75,30.0,1859.0,462.0,1314.0,418.0,3.0909,<1H OCEAN,3,184400.0,185152.0
-122.1,37.68,37.0,2116.0,503.0,1109.0,448.0,2.535,NEAR BAY,2,174000.0,169657.5
-120.79,37.43,17.0,2534.0,517.0,1764.0,502.0,2.8519,INLAND,2,80700.0,97487.0
-122.06,37.96,37.0,1784.0,313.0,788.0,304.0,4.2917,NEAR BAY,3,189600.0,185165.5
-119.83,36.54,31.0,1732.0,332.0,979.0,294.0,2.5208,INLAND,2,60000.0,78345.0
-118.22,33.89,36.0,873.0,240.0,1086.0,217.0,2.25,<1H OCEAN,2,126600.0,109761.5
-117.99,33.67,17.0,1692.0,427.0,903.0,423.0,3.5859,<1H OCEAN,3,262500.0,225916.015
-122.21,37.79,34.0,2364.0,557.0,1517.0,516.0,2.8365,NEAR BAY,2,139200.0,148163.0
-119.8,36.7,28.0,1592.0,304.0,962.0,282.0,1.3304,INLAND,1,51300.0,51324.0
-118.65,34.27,23.0,1724.0,265.0,934.0,306.0,6.0783,<1H OCEAN,5,229200.0,260288.51
-119.77,36.83,19.0,3237.0,507.0,1378.0,510.0,4.7804,INLAND,4,101100.0,128984.5
-118.15,34.71,35.0,1503.0,309.0,842.0,300.0,2.5278,INLAND,2,97700.0,105214.0
-118.22,34.07,36.0,839.0,250.0,1079.0,245.0,1.7463,<1H OCEAN,2,158300.0,148383.0
-122.04,37.89,33.0,2423.0,322.0,998.0,346.0,7.5349,NEAR BAY,5,349100.0,376303.505
-119.77,36.81,28.0,1713.0,302.0,663.0,282.0,3.567,INLAND,3,85500.0,93092.5
-118.14,33.87,44.0,1607.0,271.0,799.0,283.0,5.084,<1H OCEAN,4,214100.0,233514.01
-118.13,33.81,36.0,1749.0,322.0,855.0,319.0,4.6473,<1H OCEAN,4,227100.0,234096.0
-116.92,32.82,17.0,2492.0,494.0,1278.0,439.0,2.8875,<1H OCEAN,2,155700.0,144516.0
-124.14,40.59,22.0,1665.0,405.0,826.0,382.0,1.5625,NEAR OCEAN,2,66800.0,77284.5
-117.93,34.07,36.0,1207.0,209.0,683.0,213.0,5.3559,<1H OCEAN,4,207300.0,216738.0
-121.37,37.77,19.0,2610.0,474.0,1290.0,452.0,4.1298,INLAND,3,222800.0,213297.0
-122.43,37.77,52.0,4397.0,1116.0,1939.0,1053.0,2.7587,NEAR BAY,2,354500.0,403282.6
-118.47,34.03,31.0,2642.0,681.0,1303.0,625.0,3.5987,<1H OCEAN,3,340500.0,371371.58
-119.06,36.15,25.0,2402.0,478.0,1527.0,461.0,2.3194,INLAND,2,52900.0,64019.0
-122.3,37.86,50.0,499.0,127.0,287.0,128.0,2.75,NEAR BAY,2,140600.0,172339.0
-117.95,34.04,27.0,2610.0,846.0,2296.0,750.0,2.274,<1H OCEAN,2,150800.0,174456.5
-120.08,41.79,34.0,1355.0,262.0,434.0,178.0,2.0903,INLAND,2,56100.0,58634.0
-121.91,37.69,23.0,2179.0,308.0,926.0,299.0,5.9345,<1H OCEAN,4,259600.0,278421.515
-118.32,33.83,51.0,2399.0,516.0,1160.0,514.0,3.8456,<1H OCEAN,3,318900.0,296272.0
-118.33,33.93,37.0,1831.0,356.0,925.0,338.0,4.4091,<1H OCEAN,3,148400.0,186625.0
-117.97,33.99,22.0,5284.0,982.0,2613.0,932.0,4.7332,<1H OCEAN,4,289900.0,210843.0
-117.92,33.89,12.0,1859.0,393.0,622.0,316.0,5.0258,<1H OCEAN,4,161800.0,243562.51
-118.3,33.74,40.0,1896.0,416.0,950.0,383.0,2.425,NEAR OCEAN,2,255000.0,237736.005
-121.3,38.02,4.0,1515.0,384.0,491.0,348.0,2.8523,INLAND,2,87500.0,129302.5
-117.93,33.94,30.0,2658.0,382.0,1135.0,392.0,6.0516,<1H OCEAN,5,245000.0,324716.005
-118.42,34.01,42.0,1700.0,438.0,997.0,436.0,2.9213,<1H OCEAN,2,305000.0,329099.525
-118.15,34.13,34.0,824.0,224.0,430.0,213.0,3.6389,<1H OCEAN,3,215000.0,227586.0
-117.17,32.75,38.0,5430.0,1176.0,2357.0,1100.0,3.654,NEAR OCEAN,3,249000.0,289553.53
-118.42,34.08,48.0,2413.0,261.0,770.0,248.0,15.0001,<1H OCEAN,5,500001.0,500001.0
-118.43,33.99,45.0,1899.0,461.0,1260.0,415.0,2.6667,<1H OCEAN,2,320000.0,327110.07
-118.04,33.95,36.0,1976.0,368.0,1236.0,355.0,4.615,<1H OCEAN,4,174000.0,177880.5
-121.93,37.3,16.0,2111.0,485.0,1285.0,499.0,5.0477,<1H OCEAN,4,292500.0,262396.0
-117.26,32.82,34.0,5846.0,785.0,1817.0,747.0,8.496,NEAR OCEAN,5,500001.0,450385.47
-122.23,37.76,52.0,3037.0,516.0,1242.0,518.0,5.2128,NEAR BAY,4,289900.0,326503.08
-122.13,37.43,40.0,3454.0,648.0,1498.0,647.0,5.2114,NEAR BAY,4,438400.0,375268.13
-118.28,34.08,42.0,1618.0,522.0,1454.0,440.0,3.1607,<1H OCEAN,3,182000.0,204650.505
-118.33,34.02,11.0,1249.0,313.0,625.0,336.0,0.8702,<1H OCEAN,1,170500.0,191545.005
-119.82,36.78,36.0,1582.0,313.0,761.0,318.0,2.6055,INLAND,2,69200.0,74328.5
-117.07,32.67,35.0,3200.0,725.0,1723.0,610.0,1.8977,NEAR OCEAN,2,95600.0,122439.505
-117.83,33.66,15.0,2355.0,438.0,747.0,450.0,6.5356,<1H OCEAN,5,272800.0,340487.05
-121.84,38.13,33.0,596.0,105.0,212.0,94.0,4.2813,INLAND,3,81300.0,147771.0
-122.5,37.75,46.0,2298.0,457.0,1429.0,477.0,4.0217,NEAR OCEAN,3,272400.0,282948.0
-120.48,35.05,24.0,2314.0,468.0,1549.0,463.0,2.8203,<1H OCEAN,2,152600.0,164506.5
-121.25,37.94,28.0,964.0,232.0,782.0,218.0,2.3269,INLAND,2,55900.0,77469.5
-117.82,33.85,18.0,1810.0,305.0,1189.0,326.0,5.2227,<1H OCEAN,4,213500.0,240662.0
-121.52,38.65,17.0,1269.0,233.0,494.0,231.0,3.9615,INLAND,3,331300.0,131278.0
-118.0,33.81,33.0,2970.0,547.0,1869.0,539.0,4.3636,<1H OCEAN,3,201800.0,201324.0
-119.81,36.76,52.0,1792.0,352.0,1049.0,357.0,2.4375,INLAND,2,57100.0,79119.5
-118.33,34.15,44.0,1321.0,303.0,471.0,301.0,4.2679,<1H OCEAN,3,331800.0,398495.135
-118.01,34.13,36.0,1332.0,217.0,648.0,203.0,4.7159,INLAND,4,365900.0,236940.5
-121.27,37.82,26.0,1170.0,238.0,830.0,216.0,2.6458,INLAND,2,127500.0,105101.0
-119.57,37.02,16.0,4199.0,794.0,2140.0,722.0,3.332,INLAND,3,111800.0,106677.0
-122.46,37.64,26.0,2806.0,375.0,1617.0,396.0,5.3922,NEAR OCEAN,4,353700.0,292246.51
-119.23,34.27,22.0,3536.0,615.0,1650.0,612.0,4.2381,NEAR OCEAN,3,229300.0,237199.515
-118.25,33.93,40.0,975.0,270.0,1068.0,270.0,0.9889,<1H OCEAN,1,87500.0,91115.5
-118.31,33.88,21.0,1490.0,430.0,686.0,400.0,2.3812,<1H OCEAN,2,237500.0,226161.015
-122.36,40.55,21.0,2500.0,466.0,1428.0,502.0,2.6513,INLAND,2,113300.0,89720.5
-117.39,34.1,19.0,1000.0,211.0,572.0,230.0,2.4028,INLAND,2,112500.0,106631.5
-118.09,34.7,6.0,4558.0,804.0,1543.0,563.0,2.8548,INLAND,2,138500.0,111218.5
-117.25,32.81,32.0,2402.0,551.0,1020.0,532.0,3.3942,NEAR OCEAN,3,307400.0,325829.04
-118.24,33.89,34.0,1479.0,332.0,1166.0,322.0,2.6165,<1H OCEAN,2,100900.0,103211.5
-121.78,38.68,39.0,2806.0,662.0,1659.0,638.0,1.9787,INLAND,2,97800.0,91469.5
-118.3,34.25,36.0,1300.0,304.0,688.0,261.0,3.1523,<1H OCEAN,3,176700.0,226699.5
-121.85,36.6,21.0,2381.0,701.0,1264.0,659.0,2.5372,<1H OCEAN,2,218000.0,165019.5
-122.09,37.4,17.0,748.0,184.0,412.0,180.0,3.4375,NEAR BAY,3,290600.0,190128.0
-118.06,33.91,24.0,4880.0,1044.0,4516.0,1050.0,4.1387,<1H OCEAN,3,157700.0,195767.0
-117.64,33.59,4.0,3274.0,383.0,1312.0,390.0,8.1611,<1H OCEAN,5,348000.0,344073.005
-121.24,37.97,47.0,886.0,196.0,517.0,188.0,2.1991,INLAND,2,67200.0,94573.5
-118.07,34.14,42.0,3200.0,685.0,1668.0,628.0,3.375,INLAND,3,260400.0,250940.0
-120.8,38.31,37.0,1341.0,256.0,533.0,242.0,3.2135,INLAND,3,123600.0,122290.0
-119.63,36.33,14.0,2928.0,600.0,1633.0,559.0,1.8385,INLAND,2,67500.0,63537.0
-121.22,38.67,20.0,1412.0,226.0,700.0,227.0,4.05,INLAND,3,130700.0,146521.0
-122.31,40.47,26.0,2723.0,551.0,1326.0,547.0,2.3594,INLAND,2,66000.0,81333.5
-122.03,37.99,37.0,1755.0,327.0,882.0,350.0,4.59,NEAR BAY,4,166600.0,183587.5
-117.26,33.18,9.0,4540.0,793.0,2235.0,746.0,4.5781,NEAR OCEAN,4,225600.0,247490.035
-118.23,34.15,26.0,1649.0,522.0,1332.0,483.0,3.1004,<1H OCEAN,3,257100.0,219142.5
-117.81,33.64,4.0,1741.0,225.0,811.0,233.0,12.3411,<1H OCEAN,5,500001.0,487103.985
-118.21,33.89,39.0,1565.0,364.0,1389.0,360.0,2.7443,<1H OCEAN,2,113900.0,117024.5
-117.53,33.88,22.0,2855.0,667.0,2453.0,624.0,3.1312,INLAND,3,91000.0,129576.0
-121.26,38.64,40.0,1098.0,175.0,415.0,160.0,4.8375,INLAND,4,217400.0,164940.0
-117.1,34.03,24.0,4144.0,826.0,2127.0,772.0,2.5172,INLAND,2,96000.0,109552.5
-120.55,38.46,16.0,1443.0,249.0,435.0,181.0,3.2031,INLAND,3,129200.0,118413.0
-117.98,33.69,22.0,3957.0,520.0,1774.0,527.0,7.0907,<1H OCEAN,5,350200.0,338094.51
-117.81,33.64,16.0,2404.0,349.0,868.0,329.0,11.0138,<1H OCEAN,5,442100.0,492322.065
-116.77,32.82,16.0,3688.0,817.0,1969.0,767.0,2.875,<1H OCEAN,2,222900.0,156287.5
-120.98,37.62,26.0,3819.0,955.0,3010.0,932.0,1.9206,INLAND,2,81300.0,85901.0
-117.89,33.74,34.0,1759.0,353.0,2083.0,330.0,3.2292,<1H OCEAN,3,160600.0,163430.0
-118.76,34.13,10.0,4355.0,716.0,2030.0,674.0,6.5571,NEAR OCEAN,5,500001.0,352626.125
-118.57,34.29,4.0,6995.0,1151.0,2907.0,1089.0,7.0808,<1H OCEAN,5,341200.0,358468.05
-118.93,34.18,18.0,2730.0,415.0,1248.0,412.0,6.187,<1H OCEAN,5,287900.0,284975.505
-122.05,37.37,27.0,3885.0,661.0,1537.0,606.0,6.6085,<1H OCEAN,5,344700.0,385736.6
-117.96,33.81,35.0,1996.0,326.0,1409.0,330.0,4.7738,<1H OCEAN,4,180000.0,189201.0
-117.59,33.66,3.0,1206.0,256.0,563.0,287.0,5.1589,<1H OCEAN,4,167800.0,246657.045
-116.46,33.78,25.0,1137.0,414.0,604.0,240.0,1.3801,INLAND,1,55000.0,83120.0
-118.98,35.38,34.0,1020.0,247.0,795.0,228.0,1.625,INLAND,2,50800.0,52358.5
-117.93,33.74,15.0,1206.0,282.0,677.0,270.0,3.9219,<1H OCEAN,3,142600.0,184033.0
-121.83,37.3,17.0,1299.0,211.0,825.0,217.0,4.5,<1H OCEAN,3,235800.0,212886.03
-122.22,38.11,43.0,1939.0,353.0,968.0,392.0,3.1848,NEAR BAY,3,112700.0,143537.505
-118.2,33.8,45.0,2456.0,495.0,1300.0,450.0,3.9792,NEAR OCEAN,3,210200.0,216182.5
-121.48,36.49,28.0,1006.0,228.0,738.0,193.0,1.9722,<1H OCEAN,2,210700.0,146510.0
-121.47,38.53,44.0,543.0,146.0,506.0,125.0,1.3646,INLAND,1,65400.0,70173.0
-118.19,33.78,8.0,992.0,393.0,694.0,331.0,2.5544,NEAR OCEAN,2,162500.0,177259.5
-117.97,34.14,15.0,3595.0,964.0,1839.0,877.0,2.6014,INLAND,2,150300.0,159797.5
-118.4,34.05,26.0,4473.0,923.0,1518.0,805.0,5.0762,<1H OCEAN,4,500001.0,453801.05
-122.19,37.77,45.0,1852.0,393.0,1132.0,349.0,2.7159,NEAR BAY,2,101400.0,120635.5
-118.52,34.18,42.0,1611.0,410.0,879.0,386.0,3.1923,<1H OCEAN,3,221800.0,230840.525
-121.57,37.0,18.0,7241.0,1225.0,4168.0,1138.0,4.5714,INLAND,4,260300.0,240771.5
-117.86,33.78,21.0,2713.0,731.0,1952.0,722.0,2.6959,<1H OCEAN,2,178800.0,181035.5
-118.37,34.2,33.0,1438.0,309.0,1378.0,306.0,2.8917,<1H OCEAN,2,170400.0,185730.0
-118.49,34.28,27.0,2535.0,389.0,1071.0,386.0,6.8695,<1H OCEAN,5,319400.0,372185.055
-121.4,36.38,39.0,2288.0,529.0,1449.0,410.0,3.3289,<1H OCEAN,3,190600.0,172736.505
-117.3,33.22,4.0,14960.0,2988.0,6666.0,2612.0,3.7568,NEAR OCEAN,3,184100.0,226859.0
-118.53,34.2,26.0,2221.0,662.0,1998.0,603.0,2.8701,<1H OCEAN,2,191100.0,203004.0
-118.31,33.95,44.0,2490.0,430.0,1305.0,411.0,4.8295,<1H OCEAN,4,149600.0,172113.0
-122.2,37.43,22.0,3294.0,744.0,1337.0,655.0,5.2391,NEAR OCEAN,4,500001.0,409985.285
-118.09,33.94,36.0,2762.0,472.0,1576.0,493.0,4.0846,<1H OCEAN,3,183400.0,190827.5
-117.07,33.07,8.0,2756.0,343.0,1045.0,340.0,8.5957,<1H OCEAN,5,444100.0,381452.545
-122.41,37.62,39.0,3119.0,758.0,1807.0,696.0,3.2216,NEAR OCEAN,3,242700.0,249371.5
-117.4,34.0,31.0,1192.0,307.0,1013.0,283.0,2.0742,INLAND,2,76200.0,98933.0
-122.35,37.98,34.0,3756.0,726.0,2237.0,686.0,3.7562,NEAR BAY,3,132900.0,135940.0
-118.22,34.19,36.0,2443.0,492.0,1115.0,493.0,3.9777,<1H OCEAN,3,409800.0,288231.51
-121.28,38.55,35.0,7088.0,1279.0,4885.0,1272.0,2.6981,INLAND,2,112500.0,95609.5
-122.11,37.44,35.0,2016.0,349.0,1023.0,376.0,5.6413,NEAR BAY,4,376600.0,340712.04
-121.26,37.97,31.0,1189.0,295.0,891.0,292.0,2.5536,INLAND,2,50500.0,84335.5
-118.48,34.16,30.0,3507.0,536.0,1427.0,525.0,6.7082,<1H OCEAN,5,500001.0,385138.075
-122.03,37.62,35.0,1298.0,236.0,632.0,204.0,3.8929,NEAR BAY,3,209500.0,183124.0
-121.67,40.87,31.0,1581.0,299.0,776.0,287.0,2.9063,INLAND,2,77800.0,86999.5
-119.22,34.28,24.0,2212.0,332.0,899.0,331.0,5.533,NEAR OCEAN,4,299700.0,313406.505
-118.29,34.36,34.0,503.0,99.0,275.0,68.0,4.5491,INLAND,4,375000.0,211815.5
-117.06,32.57,16.0,1269.0,282.0,1609.0,298.0,2.6985,NEAR OCEAN,2,156500.0,117704.0
-121.94,37.28,18.0,4356.0,1334.0,1968.0,1245.0,3.6294,<1H OCEAN,3,240000.0,271065.035
-122.12,39.91,16.0,4006.0,797.0,2028.0,752.0,2.3929,INLAND,2,77200.0,90847.5
-118.92,36.04,28.0,1148.0,233.0,521.0,212.0,2.9208,INLAND,2,98500.0,78142.0
-122.41,37.8,52.0,2583.0,672.0,1335.0,613.0,3.1477,NEAR BAY,3,500001.0,400972.785
-121.43,37.74,40.0,859.0,196.0,427.0,176.0,3.5789,INLAND,3,110400.0,139436.5
-120.37,36.13,10.0,2522.0,533.0,1335.0,493.0,3.2639,INLAND,3,86400.0,106345.5
-118.3,34.09,36.0,2332.0,993.0,3155.0,927.0,2.2612,<1H OCEAN,2,230400.0,246585.5
-117.96,34.14,33.0,1994.0,405.0,993.0,403.0,3.766,INLAND,3,163900.0,162591.5
-122.11,37.38,36.0,3598.0,500.0,1296.0,533.0,7.8177,NEAR BAY,5,500001.0,471528.075
-121.03,40.35,52.0,5486.0,1044.0,1977.0,754.0,2.1833,INLAND,2,49500.0,72158.5
-118.07,34.58,34.0,3416.0,601.0,1929.0,567.0,4.0147,INLAND,3,107400.0,125996.0
-121.84,36.25,20.0,958.0,245.0,590.0,189.0,2.6094,NEAR OCEAN,2,362500.0,184647.005
-118.16,34.04,38.0,1076.0,286.0,1535.0,323.0,2.7026,<1H OCEAN,2,145000.0,142741.0
-121.93,37.34,48.0,2068.0,495.0,946.0,452.0,3.0375,<1H OCEAN,3,218500.0,238760.005
-117.99,34.12,37.0,1527.0,331.0,1504.0,324.0,3.2857,INLAND,3,130100.0,155109.5
-118.07,33.89,32.0,1819.0,386.0,1679.0,360.0,3.5562,<1H OCEAN,3,146000.0,164713.5
-121.79,38.67,17.0,2875.0,810.0,1876.0,749.0,1.951,INLAND,2,152500.0,116473.5
-122.31,37.52,35.0,1817.0,262.0,659.0,262.0,6.8336,NEAR OCEAN,5,457200.0,460364.99
-121.82,37.98,13.0,3995.0,605.0,1969.0,607.0,5.0164,INLAND,4,165200.0,177594.5
-118.42,34.02,28.0,3167.0,737.0,1248.0,665.0,3.1941,<1H OCEAN,3,394700.0,350144.515
-117.09,32.55,8.0,6533.0,1217.0,4797.0,1177.0,3.9583,NEAR OCEAN,3,144400.0,168324.5
-121.39,38.61,36.0,2396.0,536.0,1225.0,515.0,2.9559,INLAND,2,136600.0,99813.5
-122.02,38.38,16.0,808.0,137.0,371.0,145.0,6.0767,INLAND,5,216400.0,217192.0
-121.16,37.73,7.0,4956.0,941.0,3006.0,915.0,3.4426,INLAND,3,139000.0,146559.0
-121.63,39.16,7.0,1879.0,444.0,1065.0,410.0,2.4183,INLAND,2,103800.0,108955.5
-118.38,33.81,41.0,1889.0,301.0,802.0,278.0,6.015,NEAR OCEAN,5,488500.0,406186.32
-117.26,33.09,13.0,3730.0,761.0,1335.0,603.0,4.1667,NEAR OCEAN,3,227100.0,237702.545
-117.63,33.63,6.0,3068.0,549.0,985.0,536.0,4.2009,<1H OCEAN,3,238000.0,215607.01
-118.31,34.27,35.0,1446.0,274.0,759.0,291.0,6.0808,<1H OCEAN,5,215600.0,295699.505
-122.21,37.84,44.0,3424.0,597.0,1358.0,597.0,6.0194,NEAR BAY,5,292300.0,365926.055
-117.09,32.64,38.0,2095.0,536.0,1240.0,550.0,2.7218,NEAR OCEAN,2,145900.0,136232.5
-117.16,33.57,2.0,20391.0,3245.0,7132.0,2716.0,3.9443,<1H OCEAN,3,187300.0,193129.005
-121.02,39.01,17.0,4786.0,799.0,2066.0,770.0,3.9734,INLAND,3,185400.0,167334.0
-118.25,34.16,24.0,5131.0,1436.0,2690.0,1371.0,2.5668,<1H OCEAN,2,280000.0,225140.01
-118.21,33.94,34.0,710.0,205.0,1134.0,233.0,2.7734,<1H OCEAN,2,141100.0,134819.0
-122.09,37.68,43.0,1415.0,348.0,569.0,293.0,2.5156,NEAR BAY,2,190900.0,185413.5
-117.37,34.07,52.0,50.0,9.0,60.0,16.0,4.125,INLAND,3,262500.0,198376.52
-122.49,37.86,52.0,2175.0,510.0,809.0,503.0,4.5398,NEAR BAY,4,442000.0,391460.245
-118.88,34.22,22.0,3654.0,517.0,1565.0,518.0,6.2748,<1H OCEAN,5,274800.0,287854.005
-117.3,34.15,40.0,961.0,199.0,509.0,182.0,2.06,INLAND,2,85500.0,79417.0
-122.01,37.58,17.0,4313.0,717.0,2629.0,721.0,5.7579,NEAR BAY,4,231800.0,265469.5
-118.71,34.29,24.0,2983.0,406.0,1203.0,381.0,6.3236,<1H OCEAN,5,302000.0,295347.005
-118.62,34.2,23.0,3098.0,542.0,1486.0,492.0,5.7613,<1H OCEAN,4,235800.0,276266.0
-122.25,39.79,16.0,2127.0,412.0,1104.0,369.0,3.0469,INLAND,3,72200.0,97197.5
-121.82,37.35,24.0,2298.0,575.0,2409.0,569.0,3.4509,<1H OCEAN,3,182400.0,173085.0
-122.42,37.8,52.0,4985.0,1355.0,1848.0,1255.0,4.9211,NEAR BAY,4,500001.0,464996.375
-121.83,39.72,52.0,1890.0,420.0,974.0,383.0,1.6827,INLAND,2,78700.0,69441.5
-118.45,34.19,11.0,2479.0,900.0,2466.0,855.0,2.2264,<1H OCEAN,2,181300.0,205430.5
-117.84,34.13,26.0,3773.0,694.0,2103.0,688.0,4.6937,INLAND,4,198000.0,216783.0
-118.34,33.92,29.0,1475.0,349.0,965.0,370.0,3.3558,<1H OCEAN,3,199600.0,192314.5
-120.04,36.93,11.0,3606.0,699.0,2074.0,644.0,2.6941,INLAND,2,63300.0,85221.5
-118.94,37.13,12.0,2255.0,472.0,1006.0,334.0,4.1563,INLAND,3,94000.0,147053.5
-119.19,34.17,31.0,1872.0,434.0,1511.0,405.0,3.2314,NEAR OCEAN,3,186800.0,192845.515
-117.05,32.72,35.0,1777.0,369.0,1158.0,353.0,3.4107,NEAR OCEAN,3,117000.0,128859.5
-121.87,38.02,31.0,3644.0,746.0,2229.0,678.0,3.1389,INLAND,3,117800.0,114726.5
-117.03,34.02,26.0,3909.0,670.0,1884.0,665.0,4.1361,INLAND,3,121000.0,147105.5
-118.39,34.03,39.0,1366.0,375.0,1237.0,370.0,3.7206,<1H OCEAN,3,230900.0,278152.515
-122.43,37.76,52.0,3771.0,1017.0,1575.0,921.0,3.5655,NEAR BAY,3,427300.0,374049.035
-116.87,33.57,12.0,1153.0,265.0,446.0,195.0,3.038,INLAND,3,128100.0,163648.0
-117.77,33.53,46.0,1033.0,223.0,462.0,224.0,3.2708,<1H OCEAN,3,384700.0,361786.38
-122.43,37.71,24.0,4299.0,857.0,2249.0,788.0,4.6098,NEAR BAY,4,290400.0,288414.0
-117.1,32.75,11.0,2393.0,726.0,1905.0,711.0,1.3448,NEAR OCEAN,1,91300.0,114502.5
-120.06,36.95,24.0,646.0,134.0,454.0,149.0,2.125,INLAND,2,61900.0,66223.965
-119.01,34.23,11.0,5785.0,1035.0,2760.0,985.0,4.693,<1H OCEAN,4,232200.0,296485.0
-121.35,38.7,5.0,14414.0,2979.0,7608.0,2832.0,3.5802,INLAND,3,129600.0,125968.0
-117.42,34.08,21.0,4460.0,930.0,2657.0,839.0,2.7569,INLAND,2,127500.0,112064.5
-117.86,33.73,31.0,1115.0,268.0,1369.0,259.0,3.5694,<1H OCEAN,3,150500.0,164292.5
-117.16,32.8,25.0,1399.0,329.0,1308.0,355.0,2.5682,NEAR OCEAN,2,187500.0,163318.0
-118.07,33.67,13.0,5126.0,711.0,2429.0,718.0,9.5268,NEAR OCEAN,5,437900.0,446039.8
-118.14,34.68,25.0,1703.0,342.0,775.0,309.0,4.5455,INLAND,4,126500.0,170540.5
-122.55,37.9,34.0,1431.0,224.0,503.0,220.0,7.9606,NEAR BAY,5,453400.0,452957.395
-121.87,37.67,28.0,1812.0,294.0,853.0,278.0,4.9879,INLAND,4,229400.0,215037.5
-122.27,37.51,39.0,3996.0,793.0,1744.0,761.0,4.5075,NEAR OCEAN,4,364900.0,353982.5
-122.68,38.43,18.0,2723.0,529.0,1150.0,520.0,3.5885,<1H OCEAN,3,191900.0,177264.0
-118.23,33.95,37.0,2667.0,671.0,2865.0,683.0,0.6831,<1H OCEAN,1,87500.0,143184.525
-119.45,35.07,45.0,973.0,183.0,500.0,177.0,2.6389,INLAND,2,30000.0,84372.0
-117.91,33.63,30.0,2071.0,412.0,1081.0,412.0,4.9125,<1H OCEAN,4,335700.0,318411.635
-122.49,38.29,26.0,1726.0,289.0,672.0,251.0,3.8,<1H OCEAN,3,242100.0,208663.0
-118.43,34.23,37.0,1737.0,369.0,1061.0,356.0,3.9615,<1H OCEAN,3,173700.0,194547.5
-119.22,36.31,17.0,2079.0,459.0,2022.0,462.0,1.5464,INLAND,2,54100.0,56862.5
-120.84,35.33,15.0,3276.0,670.0,1520.0,613.0,3.6412,NEAR OCEAN,3,207800.0,228217.505
-115.64,32.75,19.0,377.0,69.0,198.0,55.0,1.625,INLAND,2,112500.0,65831.0
-117.91,34.1,35.0,2746.0,478.0,1779.0,501.0,4.25,<1H OCEAN,3,166700.0,170026.0
-122.3,37.56,37.0,1962.0,367.0,1267.0,382.0,4.7344,NEAR OCEAN,4,271800.0,336475.565
-117.06,32.57,17.0,2252.0,378.0,1776.0,365.0,4.6364,NEAR OCEAN,4,141100.0,152172.5
-118.05,34.02,31.0,40.0,8.0,25.0,7.0,2.125,<1H OCEAN,2,375000.0,212587.05
-118.39,34.23,43.0,1193.0,299.0,1184.0,320.0,2.1518,<1H OCEAN,2,161600.0,165474.505
-117.99,33.88,15.0,2298.0,567.0,1261.0,527.0,4.2422,<1H OCEAN,3,159400.0,181744.5
-121.28,37.83,32.0,696.0,151.0,443.0,144.0,2.5156,INLAND,2,86300.0,109094.0
-121.99,36.98,40.0,1104.0,224.0,669.0,215.0,4.3409,NEAR OCEAN,3,256300.0,261400.0
-118.53,34.21,18.0,3124.0,796.0,1855.0,725.0,2.9389,<1H OCEAN,2,213200.0,204170.5
-117.85,33.85,17.0,4678.0,1065.0,2427.0,1020.0,4.2276,<1H OCEAN,3,254100.0,219122.0
-117.24,33.95,11.0,6617.0,1118.0,3710.0,1087.0,4.7877,INLAND,4,132600.0,154193.0
-117.32,33.23,24.0,2580.0,604.0,982.0,569.0,1.6402,NEAR OCEAN,2,169300.0,200102.665
-122.43,37.75,52.0,2960.0,623.0,1191.0,589.0,3.95,NEAR BAY,3,347700.0,366981.005
-117.98,34.1,22.0,5661.0,1209.0,5389.0,1178.0,3.7727,INLAND,3,159700.0,172593.5
-120.1,36.96,20.0,2100.0,317.0,910.0,274.0,4.8187,INLAND,4,90900.0,133196.0
-118.17,33.83,46.0,1362.0,214.0,531.0,222.0,4.3125,NEAR OCEAN,3,290500.0,283746.505
-117.85,34.1,22.0,5179.0,944.0,2315.0,884.0,4.51,<1H OCEAN,4,189900.0,214369.5
-118.36,34.13,36.0,6871.0,1180.0,2216.0,1130.0,8.0499,<1H OCEAN,5,495600.0,494604.385
-122.21,37.83,34.0,5065.0,788.0,1627.0,766.0,6.8976,NEAR BAY,5,333300.0,371795.07
-121.75,37.69,26.0,2647.0,536.0,1422.0,522.0,3.7212,INLAND,3,183800.0,171419.5
-117.95,34.08,37.0,1137.0,203.0,672.0,226.0,3.2969,<1H OCEAN,3,189000.0,192783.0
-121.48,38.58,52.0,2501.0,757.0,1081.0,708.0,1.5872,INLAND,2,157500.0,123739.0
-119.78,36.3,30.0,1846.0,391.0,1255.0,352.0,2.1681,INLAND,2,66600.0,62326.5
-117.26,34.24,10.0,4750.0,844.0,1220.0,428.0,4.5536,INLAND,4,132400.0,139913.0
-118.23,34.11,33.0,2612.0,646.0,2496.0,606.0,3.133,<1H OCEAN,3,156000.0,210685.0
-118.46,34.04,31.0,2621.0,707.0,1632.0,673.0,3.287,<1H OCEAN,3,348100.0,347579.54
-121.92,36.61,27.0,1619.0,352.0,831.0,344.0,4.3,NEAR OCEAN,3,226400.0,268499.0
-118.05,36.64,34.0,2090.0,478.0,896.0,426.0,2.0357,INLAND,2,74200.0,66303.495
-117.75,33.71,15.0,2849.0,537.0,878.0,520.0,3.2841,<1H OCEAN,3,158300.0,179335.01
-122.07,37.36,28.0,4612.0,608.0,1686.0,567.0,10.0346,<1H OCEAN,5,500001.0,499499.495
-118.13,33.89,29.0,2823.0,737.0,1723.0,678.0,2.7121,<1H OCEAN,2,165500.0,181804.0
-121.95,37.31,27.0,2462.0,570.0,1278.0,565.0,3.5652,<1H OCEAN,3,329500.0,257361.0
-117.1,32.76,30.0,1835.0,474.0,934.0,415.0,2.875,NEAR OCEAN,2,139600.0,152243.5
-117.04,32.6,18.0,4747.0,846.0,3002.0,872.0,3.9076,NEAR OCEAN,3,152900.0,149004.0
-118.11,33.77,15.0,9103.0,1847.0,3333.0,1712.0,5.1508,NEAR OCEAN,4,367300.0,308604.105
-122.04,39.72,23.0,2502.0,481.0,1443.0,455.0,2.5625,INLAND,2,70000.0,91530.5
-118.28,33.93,42.0,1898.0,460.0,1503.0,429.0,2.5179,<1H OCEAN,2,97400.0,129228.5
-121.62,39.12,35.0,2787.0,587.0,1431.0,601.0,2.5469,INLAND,2,65900.0,85579.5
-118.99,35.36,31.0,1498.0,359.0,1168.0,340.0,1.2232,INLAND,1,49300.0,51851.5
-117.89,34.01,23.0,4535.0,955.0,3881.0,930.0,3.6275,<1H OCEAN,3,154100.0,179385.5
-118.35,33.91,25.0,1884.0,554.0,1337.0,549.0,2.8512,<1H OCEAN,2,272800.0,216855.0
-118.32,34.17,47.0,2589.0,465.0,1284.0,485.0,5.1008,<1H OCEAN,4,247100.0,302636.015
-122.27,37.87,30.0,1465.0,439.0,862.0,425.0,1.7778,NEAR BAY,2,268800.0,189542.0
-118.12,34.05,32.0,3775.0,786.0,2416.0,792.0,3.6625,<1H OCEAN,3,247600.0,254431.0
-118.31,33.77,20.0,5776.0,956.0,2757.0,936.0,6.6447,<1H OCEAN,5,416800.0,363892.65
-121.3,38.65,36.0,1665.0,293.0,846.0,306.0,3.5852,INLAND,3,121600.0,123511.0
-118.2,33.96,44.0,3114.0,779.0,2959.0,776.0,3.1875,<1H OCEAN,3,171700.0,159916.0
-118.85,34.18,11.0,5873.0,1455.0,3089.0,1365.0,3.5504,<1H OCEAN,3,173800.0,217240.0
-118.04,33.75,16.0,3757.0,650.0,1291.0,614.0,5.2001,<1H OCEAN,4,235600.0,282572.08
-118.09,34.15,49.0,1467.0,259.0,688.0,260.0,4.3452,INLAND,3,260100.0,304797.0
-118.28,34.1,48.0,805.0,246.0,633.0,235.0,2.3421,<1H OCEAN,2,200000.0,205408.5
-118.11,33.94,36.0,1949.0,319.0,909.0,325.0,5.1587,<1H OCEAN,4,296600.0,246456.0
-121.51,37.02,19.0,2372.0,394.0,1142.0,365.0,4.0238,INLAND,3,374600.0,235295.0
-122.31,37.91,45.0,3924.0,834.0,1992.0,773.0,4.1146,NEAR BAY,3,177800.0,231003.51
-117.87,34.15,37.0,2655.0,415.0,1056.0,401.0,5.4224,INLAND,4,269500.0,290270.5
-120.36,36.14,18.0,1206.0,274.0,622.0,217.0,1.8264,INLAND,2,62000.0,71692.5
-118.28,34.25,35.0,2045.0,450.0,1166.0,407.0,3.5214,<1H OCEAN,3,197600.0,228089.5
-121.27,37.96,43.0,948.0,221.0,749.0,208.0,1.962,INLAND,2,52700.0,66102.0
-117.98,33.8,32.0,2161.0,432.0,1503.0,402.0,4.3036,<1H OCEAN,3,191400.0,190520.5
-122.49,37.74,52.0,2442.0,449.0,1188.0,436.0,4.3909,NEAR OCEAN,3,317700.0,321149.5
-118.29,33.8,21.0,9944.0,1623.0,4185.0,1582.0,4.526,<1H OCEAN,4,329400.0,249927.5
-118.4,33.96,43.0,2416.0,454.0,1028.0,409.0,5.6732,<1H OCEAN,4,330700.0,395415.235
-118.41,34.3,28.0,3187.0,569.0,2205.0,559.0,5.1668,<1H OCEAN,4,187400.0,224144.005
-118.06,34.16,46.0,1467.0,298.0,816.0,267.0,3.6705,INLAND,3,286500.0,257586.0
-116.43,33.75,24.0,2596.0,438.0,473.0,237.0,3.7727,INLAND,3,500001.0,142526.0
-121.78,38.01,19.0,2688.0,469.0,1216.0,422.0,4.4491,INLAND,3,133900.0,153045.0
-118.53,34.22,29.0,4101.0,849.0,2630.0,867.0,4.6607,<1H OCEAN,4,199800.0,271676.5
-114.63,32.76,15.0,1448.0,378.0,949.0,300.0,0.8585,INLAND,1,45000.0,67468.0
-122.02,37.3,26.0,1983.0,301.0,924.0,297.0,6.7123,<1H OCEAN,5,354600.0,338971.015
-118.42,33.99,35.0,1724.0,419.0,1079.0,394.0,4.5521,<1H OCEAN,4,263800.0,343381.52
-118.01,34.12,32.0,1937.0,332.0,922.0,340.0,3.94,INLAND,3,278400.0,221391.0
-118.19,33.8,38.0,2010.0,595.0,1535.0,525.0,1.9848,NEAR OCEAN,2,160400.0,140100.0
-117.97,33.92,32.0,2620.0,398.0,1296.0,429.0,5.7796,<1H OCEAN,4,241300.0,251200.5
-120.84,38.63,12.0,1313.0,231.0,731.0,232.0,5.7373,INLAND,4,208300.0,195035.5
-121.9,37.27,28.0,4538.0,685.0,1996.0,667.0,5.4609,<1H OCEAN,4,263600.0,271825.0
-116.92,32.85,23.0,1378.0,269.0,767.0,266.0,4.0625,<1H OCEAN,3,145000.0,162969.5
-123.04,38.49,30.0,3977.0,930.0,1387.0,582.0,2.6161,NEAR OCEAN,2,132500.0,143111.0
-118.18,34.11,33.0,1523.0,391.0,753.0,298.0,2.6591,<1H OCEAN,2,183800.0,174110.51
-119.85,36.75,24.0,1143.0,245.0,608.0,240.0,2.8194,INLAND,2,81100.0,75513.5
-118.43,34.23,35.0,1225.0,228.0,720.0,231.0,3.4013,<1H OCEAN,3,176500.0,190067.5
-118.27,34.16,47.0,1453.0,356.0,787.0,345.0,3.0114,<1H OCEAN,3,255500.0,235330.0
-118.13,33.88,32.0,1788.0,459.0,1131.0,461.0,3.5278,<1H OCEAN,3,166100.0,210840.5
-121.31,38.71,18.0,3998.0,744.0,2071.0,660.0,4.3836,INLAND,3,102000.0,133617.0
-117.31,34.14,44.0,1487.0,273.0,972.0,281.0,3.2292,INLAND,3,86100.0,94220.0
-122.4,40.51,20.0,1750.0,352.0,834.0,340.0,2.485,INLAND,2,100600.0,85331.0
-122.45,37.77,52.0,2191.0,627.0,1100.0,585.0,3.0409,NEAR BAY,3,500000.0,375839.6
-118.2,33.81,47.0,2347.0,437.0,1219.0,420.0,5.3096,NEAR OCEAN,4,209900.0,283035.04
-121.28,37.95,49.0,1200.0,364.0,1448.0,318.0,1.1094,INLAND,1,52500.0,66819.0
-118.34,34.2,41.0,2860.0,682.0,1516.0,621.0,3.0431,<1H OCEAN,3,262900.0,212650.5
-119.82,36.84,7.0,2289.0,342.0,1077.0,354.0,5.4868,INLAND,4,158800.0,135253.0
-117.86,34.13,40.0,1304.0,280.0,607.0,256.0,2.588,INLAND,2,209500.0,150825.0
-118.31,34.1,33.0,766.0,347.0,918.0,305.0,1.705,<1H OCEAN,2,350000.0,180421.5
-118.46,34.26,36.0,1394.0,254.0,761.0,262.0,4.9485,<1H OCEAN,4,217100.0,204585.0
-120.55,37.32,21.0,1410.0,229.0,590.0,205.0,3.3194,INLAND,3,141400.0,108257.0
-116.31,33.67,15.0,2214.0,410.0,1152.0,350.0,2.9187,INLAND,2,93400.0,128809.5
-122.27,37.86,52.0,2307.0,583.0,1127.0,548.0,1.8447,NEAR BAY,2,198200.0,175699.0
-117.88,33.75,34.0,3004.0,673.0,5477.0,640.0,2.8342,<1H OCEAN,2,187200.0,155212.5
-122.39,37.74,45.0,1462.0,308.0,924.0,302.0,2.1767,NEAR BAY,2,185300.0,201505.0
-118.04,34.13,35.0,249.0,31.0,268.0,29.0,15.0001,INLAND,5,500001.0,379100.92
-119.04,34.34,35.0,462.0,90.0,334.0,96.0,5.3582,<1H OCEAN,4,281300.0,321324.735
-118.24,33.91,36.0,1446.0,316.0,1286.0,314.0,2.7083,<1H OCEAN,2,103600.0,107497.5
-122.59,38.12,25.0,7784.0,1145.0,3445.0,1166.0,6.0132,<1H OCEAN,5,287900.0,351754.565
-118.29,34.17,12.0,2238.0,682.0,1882.0,611.0,2.9,<1H OCEAN,2,208300.0,224904.505
-122.33,37.98,3.0,2850.0,544.0,1024.0,515.0,6.0115,NEAR BAY,5,175000.0,307284.545
-122.97,38.5,44.0,3234.0,746.0,1112.0,470.0,1.9265,<1H OCEAN,2,132700.0,125063.505
-117.9,34.07,35.0,1646.0,294.0,1056.0,280.0,3.055,<1H OCEAN,3,172000.0,178650.0
-117.8,33.83,17.0,2971.0,350.0,1180.0,346.0,11.1228,<1H OCEAN,5,500001.0,486614.94
-115.49,32.69,17.0,1960.0,389.0,1691.0,356.0,1.899,INLAND,2,64000.0,75263.0
-122.28,37.88,52.0,1909.0,416.0,811.0,406.0,3.006,NEAR BAY,3,227900.0,219875.5
-119.32,36.21,25.0,2360.0,460.0,1424.0,436.0,2.3152,INLAND,2,63100.0,63626.0
-117.12,32.7,36.0,1011.0,253.0,763.0,226.0,1.8187,NEAR OCEAN,2,84100.0,86908.5
-122.26,38.33,34.0,2048.0,316.0,780.0,267.0,5.815,NEAR BAY,4,339200.0,284135.015
-120.16,36.96,18.0,508.0,104.0,393.0,114.0,3.0,INLAND,2,156300.0,113060.5
-117.25,32.73,38.0,1840.0,291.0,633.0,283.0,4.9125,NEAR OCEAN,4,383600.0,374717.15
-117.55,33.87,18.0,8136.0,1584.0,4976.0,1516.0,3.9414,INLAND,3,137100.0,149563.5
-119.66,36.32,24.0,2652.0,568.0,1532.0,445.0,2.3256,INLAND,2,56800.0,68725.0
-121.27,37.98,43.0,2608.0,516.0,1322.0,528.0,2.5714,INLAND,2,70000.0,92888.0
-121.42,38.22,35.0,1507.0,313.0,868.0,283.0,2.0284,INLAND,2,96300.0,79420.0
-121.31,37.96,52.0,1829.0,301.0,694.0,319.0,3.3466,INLAND,3,92600.0,122385.5
-118.05,33.78,25.0,2356.0,330.0,937.0,326.0,6.6264,<1H OCEAN,5,359100.0,320894.03
-118.09,33.9,36.0,1215.0,279.0,862.0,285.0,3.7604,<1H OCEAN,3,158700.0,168363.5
-118.4,33.86,41.0,2237.0,597.0,938.0,523.0,4.7105,<1H OCEAN,4,500001.0,409309.685
-121.0,35.94,16.0,3077.0,628.0,1479.0,536.0,3.3724,<1H OCEAN,3,114600.0,179631.0
-117.77,33.88,8.0,4874.0,627.0,2070.0,619.0,8.1117,<1H OCEAN,5,410200.0,372452.51
-121.95,37.32,20.0,1145.0,198.0,431.0,173.0,3.1103,<1H OCEAN,3,281900.0,234498.005
-122.34,40.58,7.0,4843.0,992.0,2223.0,932.0,3.0549,INLAND,3,101700.0,116438.5
-122.24,37.8,49.0,2838.0,749.0,1487.0,677.0,2.5238,NEAR BAY,2,169300.0,182205.505
-118.15,33.78,13.0,3056.0,861.0,1600.0,824.0,3.3003,NEAR OCEAN,3,207800.0,247822.02
-122.53,37.9,44.0,2846.0,551.0,1232.0,537.0,3.8839,NEAR BAY,3,327200.0,370958.05
-118.31,33.8,31.0,4464.0,991.0,2420.0,947.0,4.0425,<1H OCEAN,3,277900.0,324142.0
-116.76,34.29,14.0,3959.0,849.0,1064.0,376.0,2.8214,INLAND,2,111400.0,100798.5
-122.21,37.76,52.0,1420.0,314.0,1085.0,300.0,1.7546,NEAR BAY,2,80600.0,105839.0
-117.77,33.7,3.0,3636.0,749.0,1486.0,696.0,5.5464,<1H OCEAN,4,207500.0,281031.13
-122.03,37.91,29.0,5438.0,871.0,2310.0,890.0,5.0362,NEAR BAY,4,275300.0,265992.5
-121.93,37.33,44.0,2142.0,358.0,846.0,375.0,5.4273,<1H OCEAN,4,421000.0,326364.02
-122.23,40.2,17.0,762.0,138.0,322.0,139.0,4.2917,INLAND,3,128800.0,133826.0
-121.93,36.63,28.0,3983.0,852.0,1582.0,778.0,3.5147,NEAR OCEAN,3,313900.0,269905.5
-118.91,35.37,32.0,4121.0,755.0,2590.0,721.0,3.3462,INLAND,3,67600.0,77460.5
-120.73,37.38,37.0,653.0,176.0,827.0,176.0,1.9236,INLAND,2,64400.0,78876.0
-118.34,33.93,36.0,1528.0,486.0,1824.0,470.0,2.2679,<1H OCEAN,2,153900.0,157169.5
-121.35,38.66,8.0,3322.0,805.0,1694.0,774.0,2.7011,INLAND,2,130700.0,128460.5
-118.38,34.17,33.0,1588.0,454.0,739.0,392.0,2.8208,<1H OCEAN,2,238500.0,255943.045
-122.15,37.46,42.0,1995.0,412.0,794.0,374.0,5.6234,NEAR BAY,4,379600.0,340996.025
-117.82,33.75,24.0,893.0,209.0,342.0,197.0,2.8261,<1H OCEAN,2,146500.0,184496.55
-118.19,33.85,45.0,1167.0,302.0,773.0,287.0,3.2798,NEAR OCEAN,3,150300.0,262008.525
-117.71,33.61,25.0,3004.0,718.0,891.0,626.0,2.395,<1H OCEAN,2,80300.0,89975.505
-121.17,38.71,15.0,3084.0,557.0,1040.0,562.0,2.5183,INLAND,2,293300.0,131374.5
-122.08,37.9,29.0,4133.0,770.0,1691.0,744.0,5.1097,NEAR BAY,4,288000.0,280333.01
-121.87,38.0,17.0,2713.0,442.0,1475.0,415.0,4.8542,INLAND,4,144100.0,153536.5
-117.62,34.07,15.0,4061.0,811.0,2884.0,734.0,3.3936,INLAND,3,127000.0,138101.0
-122.12,37.71,38.0,1164.0,284.0,632.0,289.0,3.0345,NEAR BAY,3,152100.0,185747.0
-121.22,39.11,14.0,1405.0,269.0,660.0,228.0,3.0804,INLAND,3,156800.0,138601.0
-117.04,34.0,25.0,3750.0,781.0,1594.0,785.0,2.4167,INLAND,2,104900.0,104912.0
-118.45,34.1,31.0,6675.0,842.0,2092.0,796.0,11.8442,<1H OCEAN,5,500001.0,499847.995
-117.07,32.58,25.0,1607.0,280.0,899.0,260.0,3.8194,NEAR OCEAN,3,134400.0,141931.5
-122.21,37.42,28.0,564.0,72.0,191.0,79.0,11.9666,NEAR OCEAN,5,500001.0,499463.995
-117.82,33.72,24.0,3260.0,458.0,1383.0,442.0,6.5987,<1H OCEAN,5,272800.0,304912.03
-117.26,34.53,10.0,3103.0,520.0,1283.0,464.0,3.071,INLAND,3,151600.0,100353.0
-118.31,33.81,23.0,3942.0,748.0,1679.0,711.0,4.1169,<1H OCEAN,3,362600.0,328760.0
-118.25,33.87,18.0,6812.0,1263.0,3704.0,1216.0,4.25,<1H OCEAN,3,169200.0,195518.5
-117.18,32.79,30.0,5201.0,1104.0,2961.0,1064.0,3.2661,NEAR OCEAN,3,140400.0,216583.03
-119.27,35.88,32.0,1393.0,343.0,1282.0,336.0,1.5069,INLAND,2,43700.0,49591.0
-122.0,38.35,34.0,432.0,65.0,208.0,71.0,5.5435,INLAND,4,136000.0,193944.5
-118.75,34.27,20.0,3495.0,449.0,1629.0,428.0,5.8096,<1H OCEAN,4,264400.0,256710.005
-117.04,32.76,37.0,2979.0,557.0,1285.0,564.0,3.7368,NEAR OCEAN,3,152200.0,184733.0
-118.32,34.1,30.0,2193.0,965.0,2197.0,836.0,1.8277,<1H OCEAN,2,137500.0,237094.01
-118.11,34.06,32.0,1273.0,344.0,1148.0,368.0,2.1061,<1H OCEAN,2,214700.0,180159.51
-118.78,34.27,20.0,2743.0,685.0,1798.0,613.0,3.6761,<1H OCEAN,3,170900.0,201535.0
-121.81,37.26,14.0,3379.0,683.0,1465.0,620.0,4.0547,<1H OCEAN,3,236200.0,231884.5
-122.5,37.74,40.0,2310.0,445.0,1266.0,490.0,3.7969,NEAR OCEAN,3,297800.0,286339.5
-119.94,37.04,14.0,1636.0,253.0,766.0,225.0,3.125,INLAND,3,88500.0,107345.0
-117.1,32.58,27.0,2616.0,591.0,1889.0,577.0,2.3824,NEAR OCEAN,2,127600.0,129398.0
-121.37,38.69,35.0,1093.0,192.0,590.0,190.0,2.7009,INLAND,2,80200.0,96219.5
-122.42,37.75,52.0,2164.0,533.0,1122.0,469.0,3.2632,NEAR BAY,3,306000.0,350574.505
-118.29,34.11,48.0,1448.0,295.0,681.0,287.0,3.2333,<1H OCEAN,3,436400.0,274856.51
-117.78,33.69,16.0,4702.0,806.0,2529.0,814.0,5.1299,<1H OCEAN,4,238900.0,233476.505
-117.83,33.88,18.0,2112.0,340.0,1048.0,315.0,6.9308,<1H OCEAN,5,231700.0,299223.505
-118.19,34.05,47.0,1273.0,264.0,1193.0,260.0,2.4375,<1H OCEAN,2,122900.0,133834.5
-118.11,33.82,37.0,1756.0,345.0,836.0,335.0,4.375,<1H OCEAN,3,218200.0,229291.5
-122.28,37.9,52.0,2003.0,250.0,658.0,244.0,10.0825,NEAR BAY,5,397000.0,494725.435
-122.83,38.39,19.0,1765.0,394.0,868.0,388.0,2.462,<1H OCEAN,2,260300.0,177653.5
-122.54,37.95,38.0,2310.0,400.0,971.0,386.0,5.697,NEAR BAY,4,435700.0,391322.575
-118.35,33.95,45.0,1076.0,213.0,781.0,238.0,3.95,<1H OCEAN,3,164000.0,203389.0
-122.03,37.0,30.0,2077.0,342.0,816.0,328.0,5.2078,NEAR OCEAN,4,440500.0,314305.0
-122.18,39.7,23.0,1658.0,307.0,836.0,297.0,3.35,INLAND,3,85400.0,96340.0
-117.2,34.48,7.0,4998.0,953.0,2764.0,891.0,3.205,INLAND,3,101900.0,100881.5
-117.96,34.48,32.0,1896.0,342.0,806.0,299.0,4.5769,INLAND,4,159400.0,209866.5
-117.89,33.92,17.0,2936.0,555.0,1381.0,535.0,5.4617,<1H OCEAN,4,190300.0,288289.005
-119.65,36.51,30.0,1671.0,319.0,966.0,282.0,3.1333,INLAND,3,100000.0,80295.0
-118.16,34.02,34.0,1474.0,511.0,1962.0,501.0,1.8715,<1H OCEAN,2,139600.0,155895.0
-118.49,34.14,28.0,3539.0,441.0,1190.0,421.0,10.6796,<1H OCEAN,5,500001.0,500001.0
-122.04,37.12,30.0,1427.0,311.0,686.0,251.0,4.0781,NEAR OCEAN,3,154500.0,249147.0
-118.21,34.12,35.0,1937.0,439.0,1523.0,412.0,3.5638,<1H OCEAN,3,170500.0,207255.5
-117.57,33.88,39.0,679.0,164.0,769.0,179.0,2.3036,INLAND,2,110600.0,117025.0
-121.86,36.6,33.0,1409.0,307.0,633.0,290.0,3.5568,<1H OCEAN,3,191200.0,242571.5
-117.9,34.06,35.0,1313.0,194.0,599.0,209.0,7.5,<1H OCEAN,5,287200.0,416974.985
-116.99,32.7,15.0,3660.0,622.0,2629.0,612.0,4.0444,NEAR OCEAN,3,150100.0,144963.0
-117.82,33.89,24.0,2168.0,421.0,1050.0,397.0,4.6172,<1H OCEAN,4,238300.0,221096.0
-118.24,34.12,34.0,80.0,26.0,125.0,35.0,0.8907,<1H OCEAN,1,154200.0,255715.05
-121.94,37.31,30.0,1680.0,312.0,858.0,310.0,4.0474,<1H OCEAN,3,280500.0,257791.5
-118.1,33.9,37.0,1061.0,202.0,768.0,206.0,4.75,<1H OCEAN,4,161900.0,173470.0
-122.63,38.5,19.0,2107.0,332.0,874.0,341.0,5.7819,<1H OCEAN,4,265600.0,292220.51
-117.1,32.58,33.0,393.0,76.0,330.0,80.0,4.1029,NEAR OCEAN,3,122700.0,157764.5
-122.04,37.57,12.0,5719.0,1064.0,3436.0,1057.0,5.2879,NEAR BAY,4,231200.0,250242.5
-122.49,37.75,43.0,2044.0,393.0,979.0,378.0,3.9205,NEAR OCEAN,3,319100.0,300204.505
-117.93,33.78,36.0,2169.0,359.0,1018.0,370.0,4.3906,<1H OCEAN,3,231300.0,201276.5
-121.89,37.46,5.0,1519.0,186.0,705.0,186.0,10.3798,<1H OCEAN,5,500001.0,479741.64
-121.45,38.56,51.0,1250.0,235.0,452.0,232.0,2.625,INLAND,2,121200.0,116360.0
-118.51,34.27,34.0,3787.0,771.0,1966.0,738.0,4.055,<1H OCEAN,3,222500.0,242383.5
-121.72,37.7,17.0,1671.0,352.0,729.0,252.0,6.1023,INLAND,5,450000.0,237802.0
-118.28,33.96,34.0,2074.0,562.0,1913.0,514.0,1.6156,<1H OCEAN,2,102100.0,101317.0
-117.94,34.08,34.0,1970.0,476.0,1269.0,406.0,4.064,<1H OCEAN,3,201200.0,184483.5
-121.41,38.6,16.0,5407.0,1467.0,2523.0,1265.0,2.0471,INLAND,2,104200.0,111303.5
-118.37,34.12,34.0,2821.0,399.0,843.0,391.0,11.615,<1H OCEAN,5,500001.0,500001.0
-120.42,34.96,19.0,2298.0,511.0,1246.0,513.0,2.212,<1H OCEAN,2,132000.0,139697.5
-118.23,34.12,32.0,2094.0,491.0,1413.0,479.0,4.5089,<1H OCEAN,4,221100.0,247208.5
-118.4,34.7,10.0,4122.0,814.0,2164.0,710.0,4.2941,INLAND,3,151600.0,134821.5
-122.29,38.3,52.0,935.0,224.0,315.0,207.0,1.8287,NEAR BAY,2,146900.0,187469.005
-117.13,32.91,16.0,3230.0,579.0,1825.0,576.0,4.2969,<1H OCEAN,3,151200.0,182918.0
-118.44,34.26,34.0,1102.0,212.0,949.0,212.0,4.0792,<1H OCEAN,3,165100.0,175440.5
-118.12,33.86,34.0,2116.0,427.0,972.0,396.0,4.8516,<1H OCEAN,4,213600.0,215801.0
-118.28,34.08,39.0,3162.0,896.0,1934.0,818.0,2.875,<1H OCEAN,2,213500.0,216897.505
-118.56,34.17,35.0,2987.0,391.0,1244.0,387.0,7.1322,<1H OCEAN,5,500001.0,444316.73
-122.17,37.87,38.0,1261.0,177.0,472.0,183.0,6.917,NEAR BAY,5,438000.0,382580.055
-121.83,37.36,22.0,3936.0,860.0,3508.0,877.0,4.2312,<1H OCEAN,3,183800.0,187090.5
-122.41,37.8,52.0,2892.0,751.0,1785.0,733.0,3.5746,NEAR BAY,3,350000.0,423936.295
-118.74,37.58,20.0,3301.0,779.0,1085.0,448.0,3.7315,INLAND,3,159300.0,139482.0
-117.01,32.71,20.0,3506.0,692.0,1977.0,668.0,2.981,NEAR OCEAN,2,129100.0,137302.0
-119.55,36.51,46.0,1889.0,390.0,971.0,403.0,2.2132,INLAND,2,76600.0,65804.5
-117.22,32.75,24.0,3914.0,985.0,2147.0,874.0,2.9735,NEAR OCEAN,2,225000.0,216487.0
-118.45,34.2,18.0,2729.0,800.0,2099.0,742.0,2.5842,<1H OCEAN,2,230800.0,203051.5
-117.81,33.81,19.0,3154.0,390.0,1404.0,384.0,8.9257,<1H OCEAN,5,431800.0,434000.235
-118.32,33.96,47.0,1453.0,247.0,721.0,276.0,5.5176,<1H OCEAN,4,191000.0,278996.035
-122.19,37.73,45.0,1528.0,291.0,801.0,287.0,1.2625,NEAR BAY,1,84700.0,94992.505
-118.18,33.78,20.0,1852.0,556.0,1712.0,556.0,1.4565,NEAR OCEAN,1,152500.0,141026.0
-121.46,38.63,26.0,3185.0,658.0,2444.0,626.0,1.56,INLAND,2,67600.0,71261.5
-118.15,33.87,29.0,2690.0,659.0,1747.0,617.0,3.3713,<1H OCEAN,3,198200.0,204809.0
-118.23,34.2,48.0,1473.0,294.0,807.0,296.0,3.399,<1H OCEAN,3,306300.0,243953.5
-123.22,39.15,36.0,1166.0,216.0,504.0,203.0,3.5938,<1H OCEAN,3,122100.0,129451.0
-121.25,38.68,13.0,503.0,70.0,267.0,77.0,6.1943,INLAND,5,276100.0,197424.5
-117.09,34.07,24.0,6260.0,1271.0,3132.0,1189.0,2.5156,INLAND,2,103000.0,107500.5
-122.03,37.31,25.0,2131.0,410.0,1132.0,395.0,5.3508,<1H OCEAN,4,409100.0,331459.02
-118.2,34.03,52.0,774.0,209.0,813.0,203.0,2.3472,<1H OCEAN,2,135200.0,143028.0
-120.47,37.32,15.0,3952.0,984.0,2024.0,1026.0,2.558,INLAND,2,121600.0,101512.5
-118.15,33.92,30.0,915.0,234.0,646.0,211.0,2.5208,<1H OCEAN,2,182800.0,167061.5
-121.87,37.29,18.0,1892.0,568.0,974.0,553.0,2.3715,<1H OCEAN,2,228000.0,215785.0
-121.31,38.03,18.0,4893.0,1008.0,3036.0,997.0,2.5212,INLAND,2,110000.0,116456.0
-117.11,34.43,14.0,3026.0,556.0,1349.0,485.0,2.8021,INLAND,2,111200.0,104247.0
-119.02,35.33,26.0,3691.0,826.0,2072.0,827.0,2.1553,INLAND,2,84700.0,68125.5
-122.04,37.34,25.0,1994.0,287.0,704.0,283.0,7.7799,<1H OCEAN,5,447300.0,421790.645
-121.31,38.26,22.0,1768.0,396.0,1005.0,420.0,1.8846,INLAND,2,88300.0,89815.5
-122.19,37.74,36.0,847.0,212.0,567.0,159.0,1.1765,NEAR BAY,1,87100.0,79977.505
-121.91,37.33,28.0,454.0,147.0,366.0,140.0,2.9853,<1H OCEAN,2,187500.0,216433.0
-118.08,33.91,18.0,1573.0,396.0,1200.0,365.0,2.895,<1H OCEAN,2,146900.0,166262.0
-120.98,37.65,36.0,826.0,167.0,432.0,150.0,2.5,INLAND,2,103100.0,131196.5
-121.98,37.8,16.0,2498.0,330.0,1027.0,343.0,8.155,<1H OCEAN,5,343700.0,401655.065
-122.16,37.74,47.0,824.0,223.0,533.0,166.0,2.625,NEAR BAY,2,98200.0,135897.0
-118.37,33.95,35.0,924.0,349.0,1376.0,358.0,2.2297,<1H OCEAN,2,262500.0,177806.5
-121.55,40.48,14.0,2413.0,524.0,805.0,329.0,2.7857,INLAND,2,77400.0,87633.5
-122.34,37.95,39.0,1986.0,427.0,1041.0,385.0,3.2333,NEAR BAY,3,135100.0,136097.0
-117.02,33.71,6.0,8278.0,1579.0,3062.0,1446.0,3.0043,INLAND,3,134700.0,133053.5
-117.26,32.99,16.0,2127.0,512.0,1532.0,499.0,2.7348,NEAR OCEAN,2,231300.0,159428.505
-117.96,34.05,36.0,1475.0,270.0,1149.0,284.0,3.0904,<1H OCEAN,3,158600.0,168041.5
-121.31,38.57,22.0,1229.0,253.0,733.0,250.0,2.5,INLAND,2,101600.0,106503.5
-121.97,38.35,17.0,5678.0,1116.0,3182.0,1135.0,3.7388,INLAND,3,122000.0,153911.5
-117.78,33.81,23.0,1986.0,278.0,826.0,260.0,7.7752,<1H OCEAN,5,380000.0,358234.095
-122.45,38.58,34.0,2517.0,483.0,1324.0,464.0,3.0938,INLAND,3,189400.0,161830.5
-120.11,34.62,16.0,2943.0,394.0,959.0,359.0,6.2094,NEAR OCEAN,5,440000.0,338905.555
-119.01,35.32,23.0,4870.0,965.0,2717.0,928.0,2.596,INLAND,2,70000.0,92637.0
-124.19,40.78,37.0,1371.0,319.0,640.0,260.0,1.8242,NEAR OCEAN,2,70000.0,64307.5
-118.41,34.01,44.0,2010.0,394.0,961.0,365.0,4.5982,<1H OCEAN,4,333500.0,352470.545
-117.12,32.75,13.0,2795.0,773.0,1869.0,690.0,2.1767,NEAR OCEAN,2,101800.0,118374.5
-118.33,34.07,52.0,2248.0,255.0,813.0,265.0,15.0001,<1H OCEAN,5,500001.0,500001.0
-118.28,34.11,52.0,1803.0,437.0,787.0,388.0,4.5781,<1H OCEAN,4,360500.0,324078.02
-121.23,38.66,19.0,3243.0,546.0,1334.0,515.0,4.8088,INLAND,4,169500.0,183135.5
-118.12,34.02,36.0,1595.0,383.0,1105.0,359.0,2.4286,<1H OCEAN,2,205600.0,178389.5
-118.01,34.1,35.0,2120.0,412.0,1375.0,405.0,3.4609,INLAND,3,166300.0,200203.0
-121.36,38.56,20.0,1232.0,332.0,667.0,288.0,1.8288,INLAND,2,32500.0,96037.0
-121.74,37.3,12.0,1961.0,280.0,985.0,269.0,6.7159,<1H OCEAN,5,362700.0,295119.005
-118.26,33.78,27.0,1672.0,491.0,1723.0,462.0,2.0458,NEAR OCEAN,2,174500.0,151408.5
-117.92,34.06,34.0,2819.0,609.0,1718.0,558.0,3.5547,<1H OCEAN,3,197600.0,190133.5
-118.38,34.3,39.0,1622.0,355.0,903.0,314.0,4.1125,<1H OCEAN,3,183000.0,199268.0
-118.45,34.18,22.0,2516.0,826.0,3350.0,713.0,2.0192,<1H OCEAN,2,158300.0,188558.0
-121.92,38.03,16.0,2176.0,464.0,1410.0,434.0,3.5436,INLAND,3,100200.0,130024.5
-124.09,40.87,44.0,692.0,206.0,398.0,211.0,1.1576,NEAR OCEAN,1,87500.0,69062.0
-118.47,34.01,43.0,1160.0,304.0,393.0,250.0,2.9167,<1H OCEAN,2,461100.0,379826.67
-117.22,32.83,31.0,3958.0,727.0,1924.0,728.0,5.4605,NEAR OCEAN,4,190200.0,270336.53
-121.21,38.66,15.0,6940.0,1019.0,2829.0,990.0,5.4889,INLAND,4,232300.0,196707.0
-122.45,37.71,45.0,2253.0,431.0,1382.0,392.0,4.2562,NEAR OCEAN,3,221600.0,252261.5
-117.26,32.98,12.0,3900.0,977.0,1690.0,892.0,4.125,NEAR OCEAN,3,226900.0,295631.64
-118.46,34.25,33.0,2202.0,433.0,1135.0,407.0,4.2143,<1H OCEAN,3,224200.0,224590.525
-118.32,33.98,49.0,1993.0,446.0,1052.0,394.0,2.2138,<1H OCEAN,2,119800.0,120751.5
-121.5,38.49,29.0,3606.0,690.0,2317.0,696.0,2.7368,INLAND,2,78200.0,93890.0
-118.21,33.95,43.0,1500.0,419.0,1726.0,440.0,1.8641,<1H OCEAN,2,165100.0,154356.0
-119.85,36.84,12.0,2272.0,304.0,840.0,305.0,8.9669,INLAND,5,213900.0,339808.115
-119.71,36.81,19.0,2282.0,550.0,1034.0,500.0,1.6618,INLAND,2,69700.0,73669.5
-118.29,34.0,44.0,1753.0,387.0,1165.0,380.0,2.1354,<1H OCEAN,2,105800.0,117075.0
-121.29,37.96,52.0,287.0,119.0,154.0,85.0,0.8738,INLAND,1,75000.0,79612.0
-120.25,37.04,21.0,1724.0,317.0,1006.0,290.0,3.2868,INLAND,3,91700.0,115193.5
-117.97,33.91,19.0,8096.0,1318.0,3853.0,1313.0,6.0076,<1H OCEAN,5,269500.0,304873.05
-119.7,36.82,25.0,2379.0,540.0,1482.0,484.0,2.3173,INLAND,2,68200.0,70180.5
-117.28,33.19,5.0,2697.0,639.0,1633.0,580.0,3.4456,NEAR OCEAN,3,165800.0,208051.5
-118.59,34.47,5.0,538.0,98.0,8733.0,105.0,4.2391,INLAND,3,154600.0,192388.5
-118.39,33.88,34.0,1973.0,367.0,843.0,345.0,6.077,<1H OCEAN,5,472700.0,385070.09
-122.04,37.3,25.0,2366.0,417.0,1076.0,398.0,6.9238,<1H OCEAN,5,345900.0,389971.105
-117.81,33.8,25.0,2765.0,475.0,1666.0,474.0,6.0531,<1H OCEAN,5,230700.0,246891.0
-118.3,34.07,28.0,5221.0,2530.0,5840.0,2374.0,1.8829,<1H OCEAN,2,300000.0,243397.5
-116.92,32.76,7.0,1659.0,237.0,862.0,242.0,5.2741,<1H OCEAN,4,249400.0,186453.5
-122.46,37.77,52.0,1824.0,388.0,799.0,363.0,3.75,NEAR BAY,3,435700.0,416627.11
-121.36,38.0,17.0,4535.0,762.0,1562.0,743.0,5.3224,INLAND,4,225800.0,205867.5
-118.2,34.02,26.0,36.0,9.0,35.0,9.0,1.625,<1H OCEAN,2,175000.0,210806.525
-118.16,34.16,44.0,1284.0,278.0,925.0,261.0,1.7321,<1H OCEAN,2,178400.0,163756.53
-122.1,37.4,19.0,1085.0,288.0,1009.0,305.0,3.9091,NEAR BAY,3,276000.0,232757.0
-120.42,37.98,18.0,3059.0,609.0,1335.0,581.0,2.5129,INLAND,2,115900.0,115165.0
-119.51,37.32,14.0,362.0,78.0,88.0,39.0,3.5893,INLAND,3,214300.0,126611.0
-120.77,40.65,11.0,2635.0,667.0,280.0,132.0,1.7214,INLAND,2,118300.0,94057.0
-118.36,34.1,52.0,1096.0,247.0,423.0,230.0,3.0179,<1H OCEAN,3,500001.0,355159.555
-117.28,33.2,20.0,4835.0,854.0,2983.0,834.0,4.3428,NEAR OCEAN,3,152100.0,267096.015
-121.85,36.6,41.0,3138.0,717.0,1890.0,642.0,2.4864,<1H OCEAN,2,140400.0,147899.0
-117.24,33.36,11.0,2786.0,480.0,1250.0,450.0,4.5,<1H OCEAN,3,222600.0,208934.005
-122.2,37.43,40.0,2223.0,412.0,1050.0,417.0,5.2421,NEAR OCEAN,4,444500.0,323759.53
-122.37,37.59,52.0,2272.0,403.0,963.0,376.0,5.7245,NEAR OCEAN,4,500000.0,397024.715
-121.29,38.1,14.0,1551.0,297.0,785.0,281.0,3.775,INLAND,3,163300.0,126032.0
-117.24,32.79,18.0,1741.0,602.0,508.0,283.0,3.2625,NEAR OCEAN,3,193800.0,236069.04
-120.44,36.84,29.0,1563.0,293.0,883.0,288.0,2.8182,INLAND,2,90500.0,97814.0
-122.28,37.84,52.0,2153.0,481.0,1168.0,441.0,1.9615,NEAR BAY,2,115200.0,136592.5
-117.08,32.65,17.0,2633.0,712.0,1487.0,694.0,2.5392,NEAR OCEAN,2,147000.0,133935.0
-118.04,33.82,26.0,4105.0,637.0,2072.0,648.0,5.844,<1H OCEAN,4,273900.0,255445.505
-118.16,33.89,46.0,940.0,219.0,599.0,214.0,3.2813,<1H OCEAN,3,190900.0,168008.5
-121.54,38.59,29.0,2242.0,493.0,1481.0,478.0,2.0781,INLAND,2,74800.0,75703.0
-122.41,37.8,52.0,3260.0,1535.0,3260.0,1457.0,0.9,NEAR BAY,1,500001.0,290881.11
-118.33,33.98,30.0,3112.0,931.0,2739.0,841.0,1.6531,<1H OCEAN,2,118500.0,128571.0
-117.7,33.72,6.0,211.0,51.0,125.0,44.0,1.9659,<1H OCEAN,2,500001.0,194617.005
-119.21,34.26,31.0,224.0,88.0,326.0,88.0,2.375,NEAR OCEAN,2,55000.0,198240.06
-121.22,37.97,37.0,1514.0,337.0,1121.0,337.0,2.401,INLAND,2,58400.0,89527.5
-121.47,38.56,51.0,2083.0,559.0,874.0,524.0,2.0221,INLAND,2,95800.0,109400.5
-118.24,34.01,43.0,1456.0,444.0,2098.0,433.0,1.8929,<1H OCEAN,2,99200.0,113077.5
-119.18,34.16,12.0,460.0,101.0,405.0,103.0,5.2783,NEAR OCEAN,4,167400.0,341632.165
-116.99,34.89,24.0,2741.0,577.0,1551.0,522.0,3.474,INLAND,3,70500.0,85920.5
-115.55,32.82,34.0,1540.0,316.0,1013.0,274.0,2.5664,INLAND,2,67500.0,77192.0
-121.44,38.54,47.0,2518.0,501.0,1308.0,471.0,2.5389,INLAND,2,75700.0,96042.5
-118.04,34.09,34.0,2001.0,388.0,1461.0,397.0,3.8304,INLAND,3,183000.0,270335.0
-118.49,34.15,33.0,2829.0,360.0,1010.0,363.0,10.3587,<1H OCEAN,5,500001.0,500001.0
-124.09,40.55,24.0,2978.0,553.0,1370.0,480.0,2.7644,<1H OCEAN,2,97300.0,103068.0
-121.23,38.09,23.0,633.0,91.0,236.0,83.0,6.4562,INLAND,5,230000.0,269789.505
-117.14,32.71,39.0,1647.0,478.0,2176.0,479.0,1.7642,NEAR OCEAN,2,82900.0,102946.0
-119.82,36.19,33.0,1293.0,272.0,694.0,229.0,2.0221,INLAND,2,52200.0,63573.0
-122.22,37.77,40.0,494.0,114.0,547.0,135.0,2.8015,NEAR BAY,2,114800.0,124566.5
-119.69,36.81,15.0,2892.0,496.0,1634.0,501.0,4.4934,INLAND,3,88000.0,101887.0
-117.07,32.81,15.0,2000.0,402.0,778.0,369.0,4.3594,<1H OCEAN,3,224200.0,165968.005
-118.15,33.96,33.0,1201.0,340.0,1482.0,334.0,2.4821,<1H OCEAN,2,150000.0,159870.5
-116.42,33.76,14.0,16921.0,2837.0,2524.0,1262.0,7.6281,INLAND,5,341700.0,327250.0
-122.14,37.71,27.0,3094.0,866.0,1364.0,789.0,2.6101,NEAR BAY,2,181700.0,197606.505
-117.81,33.73,19.0,4022.0,975.0,2334.0,954.0,3.0305,<1H OCEAN,3,140600.0,194825.0
-122.1,40.05,26.0,633.0,129.0,305.0,140.0,2.1827,INLAND,2,72700.0,70733.5
-118.09,34.15,45.0,1345.0,356.0,749.0,327.0,2.8007,INLAND,2,210900.0,218600.5
-120.83,39.02,15.0,1117.0,242.0,551.0,229.0,2.6319,INLAND,2,97700.0,128589.5
-121.06,39.22,52.0,1749.0,422.0,837.0,391.0,2.325,INLAND,2,109700.0,109885.0
-118.17,33.77,38.0,2239.0,721.0,984.0,684.0,2.346,NEAR OCEAN,2,165600.0,246372.505
-117.84,33.8,34.0,2004.0,331.0,843.0,328.0,3.59,<1H OCEAN,3,230600.0,216670.0
-118.16,34.17,52.0,1193.0,228.0,703.0,221.0,3.1741,<1H OCEAN,3,163800.0,206200.0
-115.4,32.7,19.0,583.0,113.0,531.0,134.0,1.6838,INLAND,2,95800.0,66511.0
-122.29,40.44,30.0,1270.0,365.0,840.0,324.0,1.3904,INLAND,1,48100.0,66228.5
-119.76,36.71,29.0,1745.0,441.0,1530.0,391.0,1.5611,INLAND,2,44400.0,51886.5
-121.88,37.44,23.0,1310.0,267.0,910.0,261.0,5.3994,<1H OCEAN,4,237900.0,241720.5
-122.03,37.55,22.0,9167.0,1373.0,4319.0,1404.0,6.992,NEAR BAY,5,284800.0,388763.655
-122.72,38.47,29.0,1706.0,415.0,990.0,394.0,1.9932,<1H OCEAN,2,164800.0,148303.0
-117.88,33.85,18.0,2705.0,713.0,2726.0,674.0,2.7759,<1H OCEAN,2,200000.0,172958.0
-122.52,38.99,16.0,975.0,219.0,337.0,155.0,1.6607,INLAND,2,77800.0,90731.995
-117.88,34.09,29.0,3416.0,790.0,2223.0,728.0,3.5109,<1H OCEAN,3,186000.0,195766.0
-118.09,33.96,36.0,3271.0,603.0,2593.0,616.0,3.3621,<1H OCEAN,3,169700.0,168489.0
-117.16,32.74,49.0,1815.0,495.0,601.0,410.0,3.0571,NEAR OCEAN,3,418800.0,287121.005
-118.15,35.06,15.0,1069.0,296.0,569.0,263.0,2.0441,INLAND,2,73300.0,78574.985
-117.14,32.7,43.0,1126.0,289.0,1132.0,294.0,2.1875,NEAR OCEAN,2,87000.0,126095.0
-118.46,34.22,39.0,1500.0,333.0,998.0,309.0,3.9625,<1H OCEAN,3,168200.0,196943.0
-117.55,33.93,25.0,5187.0,934.0,2725.0,860.0,4.1865,INLAND,3,154300.0,170058.0
-121.89,37.42,26.0,40.0,8.0,52.0,7.0,7.7197,<1H OCEAN,5,225000.0,388860.21
-122.0,37.35,20.0,4304.0,851.0,2059.0,835.0,5.1674,<1H OCEAN,4,333000.0,316345.005
-121.34,38.59,23.0,2912.0,421.0,1132.0,410.0,5.9174,INLAND,4,225900.0,219740.0
-117.6,33.87,15.0,7626.0,1570.0,3823.0,1415.0,3.4419,INLAND,3,138100.0,141714.5
-117.41,33.96,27.0,2341.0,418.0,1272.0,415.0,3.0208,INLAND,3,112700.0,115285.5
-122.25,37.83,52.0,1279.0,287.0,534.0,291.0,3.1429,NEAR BAY,3,231600.0,227994.505
-118.15,34.1,52.0,4325.0,823.0,1927.0,795.0,3.9485,<1H OCEAN,3,419100.0,301971.0
-118.48,34.19,20.0,5699.0,1594.0,3809.0,1381.0,2.8646,<1H OCEAN,2,221100.0,218987.5
-118.01,34.06,26.0,557.0,153.0,455.0,196.0,2.7721,INLAND,2,155400.0,171273.5
-120.7,38.69,13.0,4492.0,821.0,2093.0,734.0,4.0709,INLAND,3,151700.0,183808.0
-122.44,37.71,46.0,1230.0,247.0,895.0,257.0,5.3913,NEAR BAY,4,248900.0,327915.08
-121.04,38.95,22.0,1931.0,445.0,1009.0,407.0,2.75,INLAND,2,153200.0,136444.5
-122.02,38.25,10.0,2237.0,454.0,1255.0,429.0,3.1176,INLAND,3,126500.0,129971.0
-121.31,38.62,31.0,3114.0,430.0,1121.0,456.0,6.244,INLAND,5,240000.0,232416.02
-121.89,37.36,37.0,1525.0,363.0,1075.0,374.0,2.8971,<1H OCEAN,2,186100.0,195099.5
-119.78,34.48,21.0,2377.0,322.0,1007.0,328.0,7.9248,NEAR OCEAN,5,500001.0,450119.86
-118.12,34.06,17.0,5137.0,1614.0,4945.0,1535.0,2.4599,<1H OCEAN,2,181600.0,181238.5
-122.0,37.37,16.0,1434.0,372.0,804.0,361.0,3.7045,<1H OCEAN,3,178100.0,240480.505
-119.44,36.6,5.0,2353.0,608.0,2505.0,573.0,2.2863,INLAND,2,69200.0,77183.5
-121.41,38.52,25.0,3087.0,720.0,2529.0,708.0,1.8689,INLAND,2,66800.0,83345.0
-118.53,34.14,28.0,6920.0,906.0,2515.0,860.0,9.2189,<1H OCEAN,5,500001.0,497880.45
-122.1,37.4,23.0,514.0,210.0,367.0,206.0,3.1736,NEAR BAY,3,181300.0,178835.5
-118.23,34.24,31.0,3857.0,607.0,1695.0,572.0,7.642,<1H OCEAN,5,396400.0,417046.215
-122.24,38.25,33.0,213.0,36.0,91.0,33.0,4.9167,NEAR BAY,4,187500.0,217342.005
-122.47,37.66,18.0,4172.0,806.0,3226.0,790.0,5.7535,NEAR OCEAN,4,297900.0,315125.04
-117.88,33.63,21.0,9565.0,2289.0,3162.0,1831.0,4.7024,<1H OCEAN,4,345400.0,307315.515
-121.65,36.85,20.0,2606.0,424.0,1361.0,426.0,4.5787,<1H OCEAN,4,245100.0,250434.02
-117.41,34.11,29.0,3999.0,772.0,2602.0,760.0,3.5481,INLAND,3,105500.0,109958.5
-124.08,40.87,29.0,1710.0,469.0,990.0,425.0,1.1479,NEAR OCEAN,1,101100.0,80214.5
-118.13,34.15,24.0,1125.0,341.0,579.0,321.0,2.8125,<1H OCEAN,2,141700.0,190513.5
-121.96,37.24,26.0,3032.0,605.0,1208.0,562.0,5.4683,<1H OCEAN,4,430900.0,315350.045
-122.5,37.75,44.0,1739.0,343.0,872.0,330.0,2.9632,NEAR OCEAN,2,286300.0,280410.005
-117.56,33.88,40.0,1196.0,294.0,1052.0,258.0,2.0682,INLAND,2,113000.0,112614.5
-117.24,32.72,39.0,3089.0,431.0,1175.0,432.0,7.5925,NEAR OCEAN,5,466700.0,419414.225
-117.94,33.85,26.0,1888.0,429.0,1550.0,458.0,3.3393,<1H OCEAN,3,168600.0,187959.5
-122.26,37.5,52.0,878.0,186.0,393.0,186.0,3.7045,NEAR OCEAN,3,360500.0,243667.015
-122.0,37.82,20.0,2206.0,458.0,926.0,432.0,4.6042,<1H OCEAN,4,256400.0,262722.0
-118.93,34.82,24.0,806.0,168.0,323.0,136.0,3.5,INLAND,3,113900.0,121844.0
-118.36,34.01,33.0,3140.0,466.0,1214.0,464.0,6.5044,<1H OCEAN,5,350400.0,398271.175
-118.35,34.19,45.0,903.0,190.0,557.0,204.0,4.0313,<1H OCEAN,3,209100.0,209636.0
-117.83,33.74,23.0,1818.0,522.0,958.0,485.0,2.6771,<1H OCEAN,2,131500.0,204383.5
-122.18,38.35,24.0,407.0,68.0,175.0,61.0,6.0266,INLAND,5,216700.0,207926.5
-117.27,33.77,16.0,2876.0,576.0,1859.0,545.0,2.0878,<1H OCEAN,2,101300.0,153482.54
-122.54,38.36,40.0,2725.0,531.0,1167.0,458.0,3.7969,<1H OCEAN,3,202800.0,202070.0
-121.43,37.75,42.0,1207.0,278.0,699.0,279.0,3.3611,INLAND,3,117600.0,131147.0
-122.31,37.57,42.0,3157.0,676.0,1603.0,629.0,3.7422,NEAR OCEAN,3,292600.0,303947.01
-118.4,34.04,42.0,1298.0,174.0,420.0,190.0,12.8483,<1H OCEAN,5,500001.0,500001.0
-120.97,37.68,16.0,2349.0,446.0,1302.0,392.0,3.1625,INLAND,3,130300.0,125683.5
-119.49,37.1,24.0,2532.0,555.0,1564.0,507.0,2.3359,INLAND,2,92400.0,91974.0
-118.28,34.0,42.0,855.0,284.0,890.0,247.0,1.2778,<1H OCEAN,1,112500.0,105195.5
-117.86,33.75,5.0,187.0,49.0,207.0,51.0,1.8,<1H OCEAN,2,154200.0,211467.0
-121.46,38.56,52.0,907.0,180.0,479.0,177.0,2.2125,INLAND,2,104000.0,107412.0
-122.71,38.34,22.0,1249.0,335.0,699.0,308.0,2.6033,<1H OCEAN,2,121600.0,165644.0
-122.07,37.86,17.0,1102.0,224.0,317.0,208.0,3.5893,NEAR BAY,3,206300.0,203025.0
-119.69,36.71,25.0,556.0,79.0,249.0,71.0,4.4583,INLAND,3,108300.0,123806.5
-118.85,34.19,27.0,2287.0,320.0,967.0,321.0,6.5162,<1H OCEAN,5,349400.0,343822.51
-121.19,39.55,17.0,1483.0,284.0,481.0,211.0,1.4896,INLAND,1,83300.0,89391.0
-118.61,34.2,29.0,1673.0,284.0,794.0,270.0,5.5191,<1H OCEAN,4,245800.0,240506.0
-122.74,38.46,9.0,2268.0,594.0,1311.0,585.0,2.6607,<1H OCEAN,2,91500.0,176132.5
-118.54,34.15,26.0,10111.0,1295.0,3599.0,1257.0,10.2292,<1H OCEAN,5,500001.0,499814.995
-118.5,33.99,22.0,3484.0,975.0,1268.0,952.0,3.2609,<1H OCEAN,3,500001.0,426346.32
-117.79,34.1,26.0,1664.0,344.0,1024.0,339.0,3.5192,INLAND,3,190500.0,151122.5
-121.43,37.74,52.0,966.0,247.0,589.0,228.0,1.6937,INLAND,2,108300.0,95791.5
-116.52,33.97,13.0,3921.0,754.0,1902.0,665.0,3.3616,INLAND,3,89600.0,119533.0
-122.01,37.27,28.0,3825.0,473.0,1415.0,480.0,10.675,<1H OCEAN,5,500001.0,500001.0
-121.34,37.97,33.0,2493.0,454.0,1203.0,436.0,3.765,INLAND,3,94600.0,134410.0
-118.21,34.02,52.0,22.0,7.0,55.0,7.0,7.5752,<1H OCEAN,5,67500.0,364889.075
-121.9,38.0,14.0,2677.0,368.0,1288.0,375.0,6.0497,INLAND,5,177500.0,178268.5
-118.25,34.23,37.0,1954.0,368.0,967.0,370.0,5.0862,<1H OCEAN,4,261300.0,289104.5
-117.32,33.51,4.0,966.0,133.0,311.0,92.0,5.2066,<1H OCEAN,4,500001.0,301201.54
-117.14,33.15,17.0,1149.0,182.0,702.0,192.0,5.5696,<1H OCEAN,4,168400.0,238793.005
-121.94,37.24,35.0,1484.0,244.0,664.0,238.0,4.675,<1H OCEAN,4,245300.0,259136.5
-122.02,37.09,35.0,1818.0,368.0,682.0,254.0,4.8611,NEAR OCEAN,4,240000.0,281979.015
-121.05,37.93,17.0,2474.0,480.0,1649.0,453.0,3.275,INLAND,3,156500.0,126771.5
-117.3,32.96,30.0,1226.0,205.0,380.0,151.0,4.2875,NEAR OCEAN,3,500001.0,284800.125
-117.91,33.88,34.0,1851.0,291.0,784.0,290.0,5.2336,<1H OCEAN,4,235600.0,240678.0
-118.1,33.89,34.0,2242.0,436.0,1483.0,443.0,4.4934,<1H OCEAN,3,185600.0,189856.5
-118.29,34.08,49.0,649.0,315.0,987.0,329.0,1.6806,<1H OCEAN,2,316700.0,216605.005
-120.93,39.96,15.0,1666.0,351.0,816.0,316.0,2.9559,INLAND,2,118800.0,92167.0
-122.4,38.46,33.0,2542.0,466.0,1099.0,420.0,4.635,INLAND,4,248500.0,296458.0
-117.94,33.79,24.0,4179.0,784.0,1902.0,733.0,4.7986,<1H OCEAN,4,236500.0,215458.5
-121.47,38.55,52.0,1384.0,295.0,561.0,244.0,2.0242,INLAND,2,94600.0,105607.0
-118.07,34.01,36.0,1391.0,283.0,1025.0,275.0,3.2375,<1H OCEAN,3,176800.0,169265.0
-117.21,32.86,16.0,2800.0,566.0,1267.0,518.0,3.2794,NEAR OCEAN,3,148600.0,186642.5
-121.86,36.6,31.0,1044.0,285.0,762.0,301.0,3.038,<1H OCEAN,3,195300.0,182389.0
-118.27,33.8,28.0,4698.0,902.0,3287.0,881.0,4.8508,<1H OCEAN,4,215900.0,209665.5
-118.2,34.02,42.0,498.0,120.0,548.0,119.0,3.7543,<1H OCEAN,3,126600.0,141892.0
-118.29,34.08,25.0,2459.0,823.0,2635.0,763.0,2.4,<1H OCEAN,2,173900.0,222172.5
-117.29,33.13,4.0,617.0,105.0,224.0,105.0,3.9205,NEAR OCEAN,3,183000.0,198472.585
-119.75,36.78,35.0,1129.0,220.0,474.0,242.0,2.4405,INLAND,2,74300.0,85778.5
-117.88,33.85,34.0,1127.0,185.0,588.0,181.0,4.375,<1H OCEAN,3,224700.0,201913.5
-119.59,36.52,35.0,990.0,192.0,674.0,178.0,3.3214,INLAND,3,101600.0,96733.5
-122.3,37.51,35.0,2789.0,445.0,1156.0,404.0,5.4322,NEAR OCEAN,4,391000.0,352276.52
-118.13,33.94,34.0,522.0,138.0,373.0,139.0,3.5481,<1H OCEAN,3,265000.0,168641.0
-121.86,37.21,23.0,2552.0,305.0,916.0,316.0,9.1974,<1H OCEAN,5,500001.0,495590.935
-121.81,37.3,14.0,1870.0,348.0,1214.0,347.0,4.9769,<1H OCEAN,4,186500.0,221343.5
-116.4,34.12,16.0,5648.0,1089.0,2524.0,1008.0,2.6739,INLAND,2,78000.0,93845.5
-115.55,32.98,24.0,2565.0,530.0,1447.0,473.0,3.2593,INLAND,3,80800.0,100059.0
-118.31,34.26,38.0,2264.0,460.0,1124.0,388.0,4.2685,<1H OCEAN,3,189600.0,236014.5
-118.47,34.26,34.0,1300.0,289.0,650.0,291.0,3.8875,<1H OCEAN,3,199200.0,218537.0
-120.84,35.32,15.0,2419.0,538.0,1279.0,522.0,3.4762,NEAR OCEAN,3,189600.0,207778.5
-122.19,37.78,52.0,1026.0,180.0,469.0,168.0,2.875,NEAR BAY,2,160000.0,155151.5
-117.79,33.68,10.0,2106.0,319.0,1002.0,332.0,8.735,<1H OCEAN,5,375300.0,359932.035
-122.03,37.97,20.0,3968.0,931.0,2629.0,903.0,2.9915,NEAR BAY,2,166700.0,156576.5
-118.56,34.19,36.0,2600.0,441.0,1246.0,426.0,4.1111,<1H OCEAN,3,215600.0,223611.005
-121.79,37.03,18.0,943.0,213.0,544.0,179.0,3.934,<1H OCEAN,3,228600.0,223235.0
-120.66,35.49,17.0,4422.0,945.0,2307.0,885.0,2.8285,<1H OCEAN,2,171300.0,173143.5
-122.46,37.74,51.0,1905.0,291.0,707.0,284.0,6.2561,NEAR BAY,5,431000.0,434508.335
-118.04,33.87,18.0,4626.0,822.0,2794.0,763.0,5.6917,<1H OCEAN,4,275100.0,284624.0
-119.85,34.44,28.0,1765.0,301.0,1173.0,297.0,6.0256,NEAR OCEAN,5,276800.0,373611.295
-119.61,36.31,25.0,1847.0,371.0,1460.0,353.0,1.8839,INLAND,2,46300.0,55864.5
-118.09,34.68,4.0,23386.0,4171.0,10493.0,3671.0,4.0211,INLAND,3,144000.0,136681.5
-122.13,39.74,20.0,1401.0,280.0,668.0,250.0,2.2569,INLAND,2,94300.0,82758.5
-117.93,34.01,23.0,3188.0,836.0,3883.0,840.0,2.1863,<1H OCEAN,2,157600.0,162012.5
-117.86,33.79,42.0,1024.0,191.0,483.0,187.0,4.105,<1H OCEAN,3,194500.0,205390.005
-118.26,34.16,20.0,3407.0,885.0,1883.0,870.0,3.7321,<1H OCEAN,3,351100.0,237050.0
-118.37,34.07,39.0,2309.0,526.0,870.0,546.0,3.1677,<1H OCEAN,3,453400.0,345647.105
-118.41,34.19,37.0,1993.0,425.0,939.0,400.0,2.8021,<1H OCEAN,2,224600.0,228992.505
-118.2,34.12,44.0,1565.0,398.0,1500.0,407.0,2.8125,<1H OCEAN,2,155600.0,168893.5
-121.37,38.01,15.0,2430.0,315.0,1016.0,314.0,10.0088,INLAND,5,242000.0,420109.875
-123.15,39.74,23.0,608.0,143.0,281.0,108.0,2.9306,INLAND,2,70000.0,82783.0
-117.18,34.3,33.0,399.0,87.0,71.0,27.0,1.875,INLAND,2,71300.0,103788.005
-122.79,39.09,20.0,1798.0,395.0,685.0,331.0,1.625,INLAND,2,66800.0,83406.5
-118.18,34.1,7.0,2529.0,689.0,1215.0,577.0,4.7853,<1H OCEAN,4,153100.0,267582.105
-122.11,37.7,19.0,2693.0,789.0,1765.0,724.0,2.4206,NEAR BAY,2,137500.0,172507.5
-117.9,33.88,35.0,2062.0,353.0,991.0,357.0,5.2897,<1H OCEAN,4,230400.0,222647.505
-122.0,37.31,33.0,4211.0,918.0,2389.0,861.0,4.7235,<1H OCEAN,4,242200.0,286666.505
-117.85,33.87,15.0,5078.0,806.0,2569.0,759.0,5.6549,<1H OCEAN,4,301900.0,267977.0
-122.0,37.27,33.0,1664.0,271.0,759.0,272.0,5.7876,<1H OCEAN,4,415800.0,296157.01
-121.72,38.0,7.0,7957.0,1314.0,4460.0,1293.0,4.9618,INLAND,4,156500.0,172814.5
-122.27,40.46,14.0,2633.0,530.0,1324.0,513.0,2.2768,INLAND,2,78600.0,88050.5
-122.02,37.87,14.0,3056.0,369.0,1209.0,377.0,8.4352,NEAR BAY,5,441400.0,407597.15
-118.27,34.08,46.0,3007.0,854.0,2587.0,814.0,2.7179,<1H OCEAN,2,184300.0,210069.0
-118.73,34.29,8.0,4983.0,754.0,2510.0,725.0,6.9454,<1H OCEAN,5,276500.0,358586.1
-117.96,33.93,31.0,1471.0,321.0,841.0,330.0,3.46,<1H OCEAN,3,232800.0,185591.0
-120.48,37.29,17.0,2266.0,693.0,3200.0,664.0,1.5635,INLAND,2,60400.0,75174.0
-121.49,38.55,51.0,4280.0,632.0,1486.0,621.0,5.0359,INLAND,4,224100.0,225871.5
-117.79,33.77,21.0,4349.0,553.0,1680.0,519.0,6.9014,<1H OCEAN,5,439000.0,318072.08
-119.67,37.27,13.0,5087.0,981.0,2284.0,913.0,2.7413,INLAND,2,123100.0,107459.5
-117.09,32.91,9.0,2012.0,316.0,802.0,289.0,6.5706,<1H OCEAN,5,255700.0,272403.51
-121.55,39.51,39.0,1551.0,353.0,684.0,310.0,2.0357,INLAND,2,57600.0,61666.5
-118.52,34.2,35.0,2891.0,594.0,1757.0,581.0,4.3571,<1H OCEAN,3,199800.0,225853.0
-119.78,36.76,47.0,1425.0,323.0,949.0,325.0,1.7344,INLAND,2,51300.0,53255.0
-119.85,34.48,23.0,1915.0,277.0,724.0,267.0,6.2987,NEAR OCEAN,5,348200.0,332147.63
-122.2,37.82,39.0,3770.0,534.0,1265.0,500.0,6.3302,NEAR BAY,5,362800.0,365268.11
-118.53,34.18,26.0,4175.0,885.0,2118.0,778.0,4.2083,<1H OCEAN,3,240300.0,275467.52
-119.46,36.25,32.0,1702.0,348.0,1016.0,350.0,2.5,INLAND,2,73600.0,72591.0
-117.12,33.14,12.0,2363.0,408.0,1211.0,396.0,3.8967,<1H OCEAN,3,172600.0,163381.0
-118.59,34.22,17.0,6015.0,1464.0,3056.0,1347.0,4.0077,<1H OCEAN,3,229000.0,250636.5
-118.01,34.08,30.0,2281.0,522.0,1969.0,500.0,3.6531,INLAND,3,166300.0,188878.5
-117.2,33.71,24.0,4210.0,920.0,1283.0,829.0,2.0881,<1H OCEAN,2,83300.0,139269.01
-118.47,34.14,36.0,2873.0,420.0,850.0,379.0,8.153,<1H OCEAN,5,500001.0,490582.84
-117.98,33.68,17.0,2603.0,373.0,1265.0,382.0,6.8039,<1H OCEAN,5,332900.0,318767.525
-119.03,35.41,41.0,1808.0,435.0,1005.0,373.0,1.7857,INLAND,2,54300.0,56139.0
-117.93,33.88,45.0,1306.0,293.0,585.0,260.0,4.0812,<1H OCEAN,3,241700.0,209030.505
-121.87,36.55,20.0,10053.0,1768.0,3083.0,1621.0,5.1506,NEAR OCEAN,4,387500.0,336022.05
-117.65,34.1,19.0,1688.0,365.0,622.0,322.0,3.6,INLAND,3,136400.0,151372.5
-121.3,37.98,47.0,2373.0,461.0,990.0,444.0,4.175,INLAND,3,98300.0,202404.0
-118.91,34.18,17.0,3220.0,716.0,1381.0,733.0,2.8958,<1H OCEAN,2,176000.0,204056.0
-120.46,36.87,20.0,1287.0,310.0,954.0,269.0,1.3386,INLAND,1,63000.0,58041.5
-118.58,34.24,26.0,3239.0,647.0,1529.0,590.0,3.2426,<1H OCEAN,3,236900.0,225980.0
-120.89,37.21,25.0,3301.0,678.0,994.0,306.0,3.2262,INLAND,3,97200.0,130596.0
-122.43,37.78,10.0,2380.0,843.0,1245.0,789.0,1.3062,NEAR BAY,1,220000.0,186138.56
-117.72,33.62,19.0,1144.0,268.0,365.0,279.0,2.8583,<1H OCEAN,2,105800.0,142548.525
-122.3,37.57,36.0,1973.0,352.0,1169.0,370.0,5.033,NEAR BAY,4,270900.0,278103.52
-117.34,34.08,33.0,4924.0,1007.0,3502.0,953.0,3.233,INLAND,3,99400.0,98356.0
-118.2,34.11,37.0,2040.0,611.0,1698.0,545.0,1.9355,<1H OCEAN,2,166300.0,159087.0
-117.04,32.77,21.0,1824.0,447.0,962.0,431.0,2.7826,<1H OCEAN,2,143800.0,155344.0
-123.02,38.81,35.0,956.0,213.0,488.0,215.0,3.025,<1H OCEAN,3,140600.0,135758.5
-122.71,38.5,15.0,5645.0,830.0,2324.0,769.0,6.6104,<1H OCEAN,5,330900.0,325763.515
-118.34,34.02,44.0,2067.0,385.0,1046.0,441.0,3.5357,<1H OCEAN,3,156900.0,180592.5
-117.26,33.09,22.0,2398.0,407.0,349.0,169.0,7.0423,NEAR OCEAN,5,500001.0,379473.715
-118.04,33.9,36.0,15.0,5.0,15.0,6.0,0.4999,<1H OCEAN,1,162500.0,204854.13
-120.1,39.33,9.0,2738.0,510.0,1193.0,412.0,4.3958,INLAND,3,124800.0,140047.0
-117.34,33.21,12.0,5963.0,1372.0,3015.0,1124.0,2.7386,NEAR OCEAN,2,216100.0,136338.0
-117.15,32.75,27.0,3166.0,867.0,1332.0,817.0,2.6742,NEAR OCEAN,2,171400.0,177716.0
-118.11,34.16,52.0,3158.0,459.0,1229.0,444.0,5.4223,INLAND,4,325600.0,344740.02
-121.46,38.58,40.0,1394.0,397.0,689.0,353.0,1.7765,INLAND,2,109800.0,87693.0
-122.44,37.65,38.0,5277.0,1008.0,2695.0,997.0,3.9722,NEAR OCEAN,3,276200.0,286270.515
-117.09,33.13,9.0,5685.0,1442.0,3773.0,1250.0,3.0426,<1H OCEAN,3,129900.0,152010.0
-122.42,37.73,52.0,3230.0,654.0,1765.0,611.0,3.3333,NEAR BAY,3,292300.0,262061.505
-122.6,38.48,17.0,1528.0,264.0,606.0,251.0,6.6004,<1H OCEAN,5,341500.0,330053.12
-116.06,34.15,15.0,10377.0,2331.0,4507.0,1807.0,2.2466,INLAND,2,66800.0,84692.0
-122.81,38.08,19.0,1615.0,366.0,815.0,337.0,3.4609,NEAR OCEAN,3,238800.0,244604.005
-120.54,38.41,21.0,1435.0,294.0,668.0,267.0,2.5667,INLAND,2,77400.0,116268.5
-114.58,33.61,25.0,2907.0,680.0,1841.0,633.0,2.6768,INLAND,2,82400.0,80379.5
-122.33,37.58,40.0,2362.0,468.0,992.0,425.0,4.7917,NEAR OCEAN,4,359900.0,374446.2
-118.44,34.02,39.0,3278.0,632.0,1321.0,617.0,6.2917,<1H OCEAN,5,465700.0,441969.96
-122.69,38.37,8.0,6322.0,1001.0,2969.0,1043.0,4.8233,<1H OCEAN,4,214000.0,232125.5
-117.36,34.11,35.0,2969.0,521.0,1555.0,503.0,3.25,INLAND,3,107100.0,96656.5
-122.31,37.99,25.0,6508.0,1137.0,3259.0,1081.0,4.2348,NEAR BAY,3,157800.0,176308.0
-118.25,33.91,36.0,1950.0,365.0,1125.0,374.0,3.1111,<1H OCEAN,3,119300.0,129470.0
-118.49,34.25,33.0,2088.0,383.0,960.0,362.0,4.3333,<1H OCEAN,3,232900.0,235879.0
-122.22,38.12,15.0,14125.0,2344.0,6456.0,2147.0,5.1014,NEAR BAY,4,179500.0,202089.0
-115.49,32.67,25.0,2322.0,573.0,2185.0,602.0,1.375,INLAND,1,70100.0,69493.5
-116.95,33.86,1.0,6.0,2.0,8.0,2.0,1.625,INLAND,2,55000.0,199416.07
-121.43,38.64,34.0,2010.0,411.0,1501.0,422.0,2.0417,INLAND,2,65900.0,73316.0
-124.09,40.95,18.0,2250.0,484.0,1248.0,472.0,2.5893,NEAR OCEAN,2,99600.0,98576.5
-117.85,33.62,18.0,729.0,105.0,316.0,108.0,10.3893,<1H OCEAN,5,500001.0,480460.525
-117.67,33.64,11.0,2722.0,554.0,1565.0,508.0,5.1645,<1H OCEAN,4,164100.0,244043.515
-116.99,33.75,18.0,9601.0,2401.0,4002.0,2106.0,1.4366,INLAND,1,77000.0,98139.5
-121.18,39.26,14.0,811.0,161.0,352.0,121.0,3.5938,INLAND,3,140300.0,156430.0
-116.6,33.06,23.0,1731.0,365.0,612.0,258.0,2.7813,INLAND,2,172900.0,143837.5
-118.38,34.05,35.0,3517.0,879.0,1632.0,784.0,3.0956,<1H OCEAN,3,500001.0,367380.14
-117.33,33.03,31.0,1171.0,321.0,603.0,267.0,2.8611,NEAR OCEAN,2,314300.0,222634.03
-118.43,34.02,41.0,2403.0,516.0,1001.0,514.0,4.3906,<1H OCEAN,3,500001.0,408903.205
-122.08,37.34,28.0,1643.0,216.0,594.0,205.0,12.367,<1H OCEAN,5,500001.0,500001.0
-118.29,34.04,44.0,1941.0,579.0,2049.0,535.0,2.0405,<1H OCEAN,2,143000.0,157340.0
-117.6,33.42,23.0,2482.0,461.0,1048.0,425.0,4.665,NEAR OCEAN,4,280600.0,273322.525
-118.38,34.07,16.0,4814.0,1381.0,1897.0,1209.0,3.3725,<1H OCEAN,3,375000.0,381995.685
-118.29,34.08,38.0,380.0,130.0,445.0,140.0,1.9286,<1H OCEAN,2,137500.0,174373.0
-117.77,33.71,15.0,2102.0,295.0,1060.0,303.0,7.3141,<1H OCEAN,5,337100.0,323323.5
-116.39,33.72,19.0,7646.0,1618.0,2496.0,1075.0,3.5569,INLAND,3,128000.0,137183.0
-122.71,38.45,39.0,2739.0,573.0,1223.0,569.0,2.9663,<1H OCEAN,2,185400.0,171497.5
-121.69,39.36,34.0,842.0,186.0,635.0,165.0,1.8355,INLAND,2,63000.0,76033.0
-122.22,37.79,44.0,1487.0,314.0,961.0,272.0,3.5156,NEAR BAY,3,109500.0,204861.005
-118.28,34.06,14.0,1787.0,853.0,2251.0,763.0,1.1642,<1H OCEAN,1,400000.0,187113.51
-121.33,38.01,36.0,1383.0,207.0,531.0,203.0,5.9191,INLAND,4,151900.0,218862.005
-120.32,37.29,9.0,695.0,188.0,810.0,190.0,1.6172,INLAND,2,56300.0,73255.985
-120.92,40.02,35.0,383.0,92.0,202.0,72.0,2.6458,INLAND,2,102500.0,78552.0
-118.14,34.14,24.0,10239.0,2823.0,4210.0,2565.0,3.6997,<1H OCEAN,3,225000.0,246710.5
-122.15,37.47,37.0,1844.0,382.0,1634.0,417.0,2.7993,NEAR BAY,2,145500.0,180502.5
-117.96,33.65,18.0,3603.0,879.0,1549.0,756.0,4.0229,<1H OCEAN,3,363100.0,221550.5
-122.41,37.74,52.0,831.0,175.0,415.0,159.0,1.9464,NEAR BAY,2,249000.0,217414.0
-122.26,37.88,52.0,2255.0,410.0,823.0,377.0,5.7979,NEAR BAY,4,415300.0,360613.105
-117.19,32.86,19.0,3716.0,563.0,1788.0,587.0,5.2113,NEAR OCEAN,4,267400.0,244229.0
-120.47,37.3,40.0,3693.0,771.0,2102.0,742.0,2.1838,INLAND,2,75000.0,75192.0
-122.42,37.75,52.0,1609.0,510.0,1155.0,439.0,2.2328,NEAR BAY,2,250000.0,269219.505
-117.06,32.77,34.0,1730.0,373.0,730.0,350.0,2.0284,NEAR OCEAN,2,161800.0,133693.5
-121.44,38.5,20.0,2033.0,586.0,1281.0,521.0,1.4007,INLAND,1,97500.0,90677.5
-122.33,37.93,27.0,2158.0,424.0,1220.0,442.0,3.0156,NEAR BAY,3,111500.0,145692.0
-120.59,37.36,11.0,3946.0,978.0,2814.0,953.0,2.0179,INLAND,2,87300.0,91881.0
-118.38,34.09,28.0,4001.0,1352.0,1799.0,1220.0,2.5784,<1H OCEAN,2,272900.0,314182.54
-117.27,34.4,8.0,6042.0,979.0,3031.0,991.0,3.3438,INLAND,3,124400.0,106122.5
-118.35,34.22,19.0,9259.0,1653.0,3963.0,1595.0,5.997,<1H OCEAN,4,228700.0,303077.08
-119.21,34.19,15.0,3797.0,692.0,2216.0,675.0,4.7443,NEAR OCEAN,4,229500.0,231053.015
-118.28,34.04,48.0,1521.0,513.0,1772.0,458.0,2.2232,<1H OCEAN,2,162500.0,153974.0
-122.18,37.73,42.0,909.0,215.0,646.0,198.0,2.9063,NEAR BAY,2,80000.0,153531.0
-118.24,33.99,33.0,885.0,294.0,1270.0,282.0,2.1615,<1H OCEAN,2,118800.0,107730.5
-117.59,33.93,17.0,338.0,47.0,200.0,46.0,7.8118,INLAND,5,244200.0,270860.505
-117.98,33.78,31.0,2825.0,546.0,1908.0,563.0,3.9798,<1H OCEAN,3,187500.0,192122.5
-118.12,33.96,38.0,2105.0,348.0,956.0,350.0,4.4125,<1H OCEAN,3,246000.0,228096.0
-118.28,33.97,31.0,1068.0,271.0,1091.0,281.0,1.689,<1H OCEAN,2,102600.0,102167.5
-120.83,37.77,20.0,1717.0,403.0,1062.0,401.0,1.6759,INLAND,2,116700.0,100475.0
-122.27,37.8,10.0,105.0,42.0,125.0,39.0,0.9722,NEAR BAY,1,137500.0,202974.115
-117.15,34.22,10.0,1039.0,174.0,317.0,109.0,7.2371,INLAND,5,171900.0,239671.0
-121.29,37.87,29.0,488.0,108.0,308.0,115.0,2.6563,INLAND,2,103100.0,115019.5
-122.47,37.69,27.0,2447.0,720.0,2104.0,657.0,3.449,NEAR OCEAN,3,239100.0,256682.0
-117.97,33.93,33.0,1700.0,369.0,981.0,362.0,4.5461,<1H OCEAN,4,194000.0,195017.0
-119.3,34.42,18.0,5591.0,1042.0,2860.0,1026.0,3.5822,NEAR OCEAN,3,219900.0,255702.03
-118.6,34.08,40.0,866.0,181.0,399.0,176.0,6.91,<1H OCEAN,5,380000.0,437851.51
-117.97,34.05,34.0,2050.0,495.0,1832.0,465.0,2.8333,<1H OCEAN,2,155700.0,167672.5
-121.85,39.77,17.0,5273.0,1177.0,2446.0,1199.0,1.9362,INLAND,2,89900.0,90420.0
-119.86,36.82,12.0,1488.0,253.0,675.0,223.0,4.7622,INLAND,4,89300.0,118644.5
-121.84,39.73,52.0,957.0,263.0,513.0,223.0,1.3672,INLAND,1,55000.0,94233.0
-118.99,35.35,27.0,1615.0,355.0,1380.0,332.0,1.6632,INLAND,2,49800.0,53879.0
-118.19,34.12,41.0,2591.0,682.0,2366.0,583.0,2.3071,<1H OCEAN,2,146400.0,166176.5
-121.99,37.27,17.0,1527.0,267.0,775.0,260.0,5.9658,<1H OCEAN,4,278000.0,301894.015
-117.63,33.65,10.0,3580.0,491.0,1688.0,467.0,7.7814,<1H OCEAN,5,288700.0,345438.525
-118.2,33.77,41.0,1158.0,396.0,1209.0,336.0,2.7813,NEAR OCEAN,2,129200.0,182010.505
-118.5,34.27,35.0,2235.0,390.0,1148.0,416.0,4.869,<1H OCEAN,4,221600.0,217868.5
-119.21,37.25,44.0,3042.0,697.0,335.0,115.0,4.1838,INLAND,3,85600.0,195012.5
-118.22,33.95,36.0,1679.0,483.0,2249.0,487.0,2.8167,<1H OCEAN,2,160400.0,156610.5
-121.71,39.42,21.0,1432.0,284.0,862.0,275.0,2.2813,INLAND,2,57600.0,76374.0
-122.5,37.78,50.0,1922.0,427.0,1049.0,443.0,3.5833,NEAR BAY,3,348500.0,360530.075
-117.92,34.08,35.0,1897.0,311.0,965.0,323.0,5.7039,<1H OCEAN,4,199400.0,246515.0
-118.27,33.99,38.0,1407.0,447.0,1783.0,402.0,1.8086,<1H OCEAN,2,97100.0,104709.5
-119.78,36.77,45.0,1315.0,256.0,666.0,240.0,2.3562,INLAND,2,58100.0,67588.0
-122.43,37.64,34.0,8400.0,1812.0,4101.0,1717.0,4.1033,NEAR OCEAN,3,301000.0,287456.535
-121.11,37.43,42.0,412.0,75.0,227.0,75.0,2.5,INLAND,2,74200.0,181032.5
-117.65,33.42,25.0,2174.0,428.0,603.0,352.0,3.3967,NEAR OCEAN,3,249400.0,302782.67
-117.83,33.99,14.0,17527.0,2751.0,8380.0,2676.0,6.2734,<1H OCEAN,5,267000.0,291413.51
-117.33,34.17,5.0,4718.0,1140.0,2564.0,1056.0,2.9877,INLAND,2,119900.0,111781.0
-116.9,34.52,20.0,3481.0,840.0,1694.0,587.0,1.4,INLAND,1,77700.0,78343.0
-124.14,41.06,32.0,1020.0,215.0,421.0,198.0,3.0208,NEAR OCEAN,3,143400.0,92843.5
-121.58,39.12,26.0,2796.0,629.0,2017.0,632.0,1.8355,INLAND,2,61200.0,77926.5
-119.13,34.19,16.0,6389.0,1330.0,6242.0,1340.0,4.0222,NEAR OCEAN,3,206800.0,228769.005
-117.07,33.03,15.0,1095.0,158.0,361.0,176.0,6.8099,<1H OCEAN,5,328200.0,335375.03
-118.46,33.99,37.0,1828.0,460.0,1075.0,453.0,4.337,<1H OCEAN,3,360600.0,360120.105
-122.36,37.96,30.0,950.0,317.0,1073.0,280.0,1.8664,NEAR BAY,2,107800.0,91291.0
-119.32,36.62,15.0,1070.0,256.0,1070.0,243.0,1.5642,INLAND,2,51500.0,55481.5
-117.04,32.54,7.0,938.0,297.0,1187.0,282.0,1.2667,NEAR OCEAN,1,67500.0,118424.5
-117.08,32.77,25.0,3911.0,849.0,1580.0,767.0,2.7778,NEAR OCEAN,2,184100.0,161999.5
-118.19,33.77,52.0,1562.0,616.0,692.0,512.0,1.4048,NEAR OCEAN,1,200000.0,153440.015
-117.32,33.12,25.0,2670.0,527.0,936.0,461.0,2.7717,NEAR OCEAN,2,354000.0,229625.505
-118.45,34.04,19.0,3330.0,1010.0,1837.0,915.0,3.0173,<1H OCEAN,3,393800.0,329888.035
-117.04,32.58,20.0,2029.0,357.0,1497.0,353.0,4.0089,NEAR OCEAN,3,132100.0,141347.5
-117.95,33.71,20.0,2781.0,407.0,1242.0,408.0,6.1092,<1H OCEAN,5,306500.0,287221.005
-118.19,34.04,45.0,963.0,234.0,1194.0,239.0,2.1806,<1H OCEAN,2,134900.0,139073.0
-118.51,34.29,29.0,1287.0,194.0,525.0,187.0,6.4171,<1H OCEAN,5,319300.0,354765.08
-118.44,33.99,43.0,1432.0,308.0,782.0,303.0,4.3333,<1H OCEAN,3,303900.0,338760.0
-117.91,33.84,26.0,1156.0,393.0,1880.0,400.0,2.2716,<1H OCEAN,2,350000.0,160637.5
-118.34,34.19,47.0,1721.0,343.0,834.0,334.0,4.1923,<1H OCEAN,3,231200.0,264515.515
-122.34,37.98,33.0,2014.0,410.0,1354.0,427.0,3.9773,NEAR BAY,3,131300.0,147350.5
-117.01,32.7,25.0,2321.0,398.0,1434.0,386.0,3.5341,NEAR OCEAN,3,120800.0,119402.0
-117.16,34.26,27.0,9285.0,1621.0,1135.0,410.0,2.5446,INLAND,2,135200.0,97286.5
-118.16,35.05,44.0,1297.0,307.0,776.0,278.0,2.5875,INLAND,2,68900.0,69544.0
-120.05,34.47,21.0,1241.0,248.0,746.0,211.0,3.8056,NEAR OCEAN,3,425000.0,241054.505
-119.3,34.29,26.0,3665.0,932.0,2775.0,870.0,1.9286,NEAR OCEAN,2,160500.0,190164.5
-122.21,37.8,39.0,2018.0,447.0,1221.0,446.0,3.0757,NEAR BAY,3,151000.0,173580.505
-117.8,33.77,29.0,5436.0,707.0,2046.0,685.0,8.7496,<1H OCEAN,5,349500.0,430938.815
-119.76,36.77,38.0,3804.0,814.0,2142.0,816.0,2.1439,INLAND,2,60200.0,69607.5
-119.25,34.3,34.0,1189.0,220.0,445.0,203.0,4.8824,NEAR OCEAN,4,396400.0,285884.535
-118.61,34.17,31.0,1689.0,362.0,705.0,360.0,4.0,<1H OCEAN,3,278500.0,304316.67
-116.36,33.78,6.0,24121.0,4522.0,4176.0,2221.0,3.3799,INLAND,3,239300.0,136257.5
-118.58,34.19,35.0,2329.0,399.0,966.0,336.0,3.8839,<1H OCEAN,3,224900.0,255166.015
-118.25,33.94,43.0,1113.0,378.0,1305.0,334.0,1.1434,<1H OCEAN,1,91300.0,95059.0
-116.97,32.8,15.0,3927.0,1018.0,2204.0,977.0,2.4367,<1H OCEAN,2,111400.0,128607.0
-122.27,37.85,50.0,1279.0,300.0,675.0,255.0,1.9028,NEAR BAY,2,150800.0,130938.0
-119.73,36.74,14.0,6202.0,1551.0,5561.0,1435.0,1.6073,INLAND,2,64700.0,74026.0
-122.03,37.92,23.0,3318.0,408.0,1124.0,393.0,6.5847,NEAR BAY,5,358800.0,335495.52
-118.29,33.88,32.0,2307.0,493.0,1754.0,528.0,4.317,<1H OCEAN,3,232800.0,205303.5
-118.42,37.36,18.0,2281.0,520.0,1425.0,465.0,1.7388,INLAND,2,54400.0,103063.5
-117.3,34.46,8.0,6246.0,1273.0,3883.0,1264.0,2.7917,INLAND,2,98200.0,109150.5
-117.92,33.73,14.0,5147.0,1182.0,3171.0,1126.0,3.9929,<1H OCEAN,3,225800.0,183769.5
-117.79,34.07,34.0,975.0,192.0,870.0,183.0,3.7933,INLAND,3,116100.0,135048.5
-122.04,36.96,42.0,538.0,107.0,200.0,104.0,2.1667,NEAR OCEAN,2,196400.0,237912.065
-122.76,40.4,22.0,2153.0,461.0,903.0,314.0,2.125,INLAND,2,123200.0,75531.5
-118.33,33.97,47.0,1830.0,369.0,922.0,377.0,4.1635,<1H OCEAN,3,156400.0,180350.0
-118.08,33.92,34.0,2118.0,437.0,1414.0,442.0,3.7238,<1H OCEAN,3,166800.0,173030.5
-122.66,38.44,17.0,5815.0,898.0,2614.0,887.0,4.3657,<1H OCEAN,3,215900.0,217728.0
-116.97,32.83,17.0,6659.0,1402.0,3183.0,1378.0,2.949,<1H OCEAN,2,117300.0,155367.0
-118.14,34.04,37.0,1129.0,212.0,509.0,202.0,2.6146,<1H OCEAN,2,243200.0,183012.0
-119.06,36.09,11.0,2572.0,454.0,1402.0,415.0,3.6786,INLAND,3,72900.0,90023.0
-122.28,37.87,52.0,1813.0,353.0,828.0,339.0,3.5625,NEAR BAY,3,191700.0,200993.5
-122.29,37.82,2.0,158.0,43.0,94.0,57.0,2.5625,NEAR BAY,2,60000.0,193668.55
-117.94,34.08,32.0,2704.0,514.0,1669.0,497.0,4.4653,<1H OCEAN,3,195400.0,190557.5
-118.3,34.0,52.0,1296.0,246.0,853.0,238.0,3.05,<1H OCEAN,3,111600.0,125790.005
-118.29,33.73,30.0,2835.0,711.0,1669.0,652.0,3.3616,NEAR OCEAN,3,268500.0,278228.515
-122.44,37.72,52.0,1380.0,272.0,847.0,284.0,3.7143,NEAR BAY,3,260000.0,258256.0
-116.95,33.74,20.0,2233.0,431.0,1024.0,399.0,2.4554,INLAND,2,89400.0,119727.0
-117.35,33.96,25.0,2396.0,316.0,951.0,314.0,8.2405,INLAND,5,235200.0,378602.04
-118.42,34.16,25.0,2769.0,566.0,1201.0,545.0,3.6641,<1H OCEAN,3,386100.0,314858.51
-118.27,34.02,40.0,561.0,284.0,662.0,205.0,0.9234,<1H OCEAN,1,187500.0,140148.52
-117.8,33.66,16.0,2542.0,498.0,1022.0,494.0,4.0,<1H OCEAN,3,223400.0,248973.505
-118.07,33.89,35.0,1145.0,274.0,1651.0,265.0,3.125,<1H OCEAN,3,120300.0,150862.0
-121.37,38.57,16.0,3895.0,896.0,1762.0,855.0,2.6635,INLAND,2,135800.0,125659.0
-118.14,33.77,49.0,2792.0,690.0,1301.0,648.0,3.2917,NEAR OCEAN,3,307400.0,348904.035
-120.37,34.9,17.0,2649.0,386.0,1057.0,362.0,4.7813,<1H OCEAN,4,326800.0,239753.075
-117.34,34.13,29.0,331.0,85.0,341.0,107.0,0.7069,INLAND,1,70300.0,87890.5
-120.23,37.96,52.0,1230.0,262.0,609.0,243.0,2.0057,INLAND,2,68200.0,94935.0
-119.56,37.29,14.0,2391.0,451.0,798.0,308.0,3.0924,INLAND,3,114600.0,116062.0
-122.02,37.55,33.0,1325.0,274.0,909.0,267.0,4.5687,NEAR BAY,4,177200.0,199753.505
-121.43,38.53,36.0,2430.0,426.0,1199.0,437.0,3.1667,INLAND,3,81900.0,97811.5
-121.29,37.99,41.0,930.0,191.0,463.0,185.0,3.4141,INLAND,3,90600.0,125134.5
-121.28,37.94,44.0,1406.0,357.0,1489.0,386.0,1.4688,INLAND,1,56800.0,62554.0
-122.49,37.75,52.0,2226.0,385.0,1177.0,416.0,4.8516,NEAR OCEAN,4,323800.0,326852.52
-117.13,33.89,4.0,1611.0,239.0,275.0,84.0,3.5781,INLAND,3,244400.0,136579.5
-118.42,34.28,34.0,1999.0,427.0,2391.0,439.0,2.8,<1H OCEAN,2,144300.0,165791.5
-118.02,34.08,31.0,2402.0,632.0,2830.0,603.0,2.3333,INLAND,2,164200.0,158592.5
-118.03,33.79,26.0,5321.0,889.0,2932.0,896.0,5.8914,<1H OCEAN,4,237600.0,301371.02
-122.08,37.95,24.0,3173.0,548.0,1351.0,536.0,5.0672,NEAR BAY,4,243000.0,233453.52
-119.19,35.64,29.0,1476.0,220.0,902.0,205.0,2.6726,INLAND,2,83300.0,79987.5
-116.5,33.82,16.0,343.0,85.0,29.0,14.0,2.1042,INLAND,2,87500.0,146431.615
-121.43,38.56,41.0,1105.0,227.0,443.0,210.0,3.1827,INLAND,3,131700.0,123300.0
-121.55,39.1,27.0,1783.0,441.0,1163.0,409.0,1.2857,INLAND,1,47000.0,60412.5
-122.02,36.97,29.0,2568.0,747.0,1743.0,659.0,1.9286,NEAR OCEAN,2,195300.0,220153.005
-122.68,38.36,8.0,7520.0,1336.0,3833.0,1287.0,4.3278,<1H OCEAN,3,184100.0,222702.0
-122.45,41.28,15.0,2740.0,503.0,1188.0,445.0,3.4519,INLAND,3,128800.0,118131.5
-120.69,39.12,19.0,1048.0,262.0,493.0,184.0,2.2917,INLAND,2,118200.0,115549.0
-117.9,34.15,21.0,2056.0,461.0,1332.0,429.0,3.3942,INLAND,3,212800.0,165939.5
-120.71,38.73,17.0,2146.0,396.0,862.0,351.0,2.9219,INLAND,2,141300.0,136463.5
-118.31,34.08,26.0,1609.0,534.0,1868.0,497.0,2.7038,<1H OCEAN,2,227100.0,281282.075
-122.23,37.78,52.0,862.0,215.0,994.0,213.0,3.0257,NEAR BAY,3,80800.0,144519.0
-116.89,33.73,15.0,2094.0,316.0,937.0,277.0,5.3623,INLAND,4,201300.0,172096.005
-117.22,32.8,23.0,1906.0,525.0,1029.0,491.0,2.93,NEAR OCEAN,2,183300.0,208680.0
-118.18,33.9,25.0,1709.0,442.0,1177.0,410.0,2.4333,<1H OCEAN,2,155000.0,150488.5
-118.23,34.07,40.0,506.0,119.0,397.0,114.0,3.1944,<1H OCEAN,3,143800.0,152700.005
-122.01,37.4,14.0,4841.0,1130.0,813.0,517.0,3.7614,<1H OCEAN,3,137500.0,263375.045
-117.87,33.81,15.0,3082.0,536.0,1268.0,531.0,3.7604,<1H OCEAN,3,280100.0,200014.5
-120.68,35.14,34.0,3100.0,617.0,1155.0,542.0,3.0938,NEAR OCEAN,3,245900.0,215364.0
-118.36,34.05,48.0,1835.0,380.0,956.0,370.0,3.2813,<1H OCEAN,3,243600.0,298921.535
-117.53,34.1,5.0,2185.0,488.0,1379.0,458.0,3.7917,INLAND,3,103000.0,134780.5
-117.34,34.1,14.0,11827.0,2445.0,6640.0,2299.0,2.4878,INLAND,2,103800.0,110816.5
-121.96,37.53,18.0,2375.0,652.0,1252.0,586.0,2.6198,<1H OCEAN,2,235900.0,190453.005
-123.17,39.15,30.0,1904.0,331.0,816.0,325.0,4.425,<1H OCEAN,3,161900.0,206013.5
-118.39,34.15,29.0,3110.0,650.0,1212.0,642.0,4.2031,<1H OCEAN,3,394400.0,394789.59
-123.84,39.83,19.0,1461.0,340.0,515.0,227.0,1.5278,NEAR OCEAN,2,145800.0,84754.5
-121.97,37.96,28.0,1433.0,290.0,877.0,313.0,4.7891,INLAND,4,184800.0,196754.0
-118.31,33.88,32.0,2421.0,671.0,1491.0,587.0,3.5644,<1H OCEAN,3,242300.0,244710.0
-118.42,34.18,31.0,2887.0,646.0,1626.0,637.0,3.6745,<1H OCEAN,3,335500.0,246222.0
-117.17,34.25,15.0,4236.0,753.0,703.0,255.0,3.5625,INLAND,3,165500.0,134315.0
-117.35,33.95,28.0,1650.0,210.0,557.0,211.0,7.6632,INLAND,5,204800.0,343341.72
-121.87,39.82,11.0,5103.0,825.0,2456.0,810.0,4.5032,INLAND,4,159700.0,138647.0
-117.39,33.98,37.0,2337.0,452.0,948.0,437.0,3.145,INLAND,3,169100.0,121798.5
-122.53,37.86,38.0,1183.0,196.0,628.0,205.0,3.75,NEAR BAY,3,478600.0,381702.625
-117.21,33.12,4.0,3261.0,689.0,926.0,561.0,4.3672,NEAR OCEAN,3,258900.0,230391.015
-118.37,33.86,28.0,2685.0,581.0,1243.0,529.0,4.119,<1H OCEAN,3,324000.0,314084.01
-124.15,41.81,17.0,3276.0,628.0,3546.0,585.0,2.2868,NEAR OCEAN,2,103100.0,94768.005
-121.0,37.66,43.0,2369.0,413.0,944.0,422.0,3.2632,INLAND,3,138100.0,124990.5
-118.27,33.94,30.0,1041.0,275.0,877.0,270.0,1.5268,<1H OCEAN,2,91600.0,95106.5
-116.97,32.76,33.0,3071.0,466.0,1348.0,513.0,6.1768,<1H OCEAN,5,228900.0,333299.53
-116.96,32.79,17.0,5236.0,1325.0,3308.0,1233.0,2.3221,<1H OCEAN,2,138800.0,134461.5
-118.05,34.1,30.0,2143.0,427.0,1107.0,416.0,4.2321,INLAND,3,252200.0,244953.0
-122.4,37.6,52.0,1380.0,203.0,530.0,210.0,6.221,NEAR OCEAN,5,420300.0,423794.31
-118.44,34.19,37.0,1516.0,344.0,983.0,347.0,5.0,<1H OCEAN,4,243600.0,211369.0
-121.95,38.34,9.0,4999.0,874.0,2687.0,817.0,4.2324,INLAND,3,142100.0,156124.5
-119.01,35.38,52.0,114.0,26.0,158.0,26.0,1.075,INLAND,1,67500.0,66340.5
-122.23,38.1,47.0,1303.0,278.0,694.0,269.0,2.5969,NEAR BAY,2,92800.0,116018.5
-117.9,33.7,12.0,4695.0,1110.0,2153.0,989.0,4.6483,<1H OCEAN,4,190800.0,227073.0
-118.14,33.93,31.0,3205.0,727.0,1647.0,664.0,3.3681,<1H OCEAN,3,223900.0,225982.0
-117.97,34.09,31.0,2779.0,639.0,2259.0,670.0,3.4032,INLAND,3,143400.0,156087.5
-121.06,39.23,10.0,2229.0,537.0,982.0,512.0,2.186,INLAND,2,132700.0,113621.0
-118.23,33.95,42.0,705.0,173.0,739.0,140.0,0.9166,<1H OCEAN,1,99000.0,92956.0
-117.25,34.11,30.0,2173.0,560.0,1509.0,486.0,1.4079,INLAND,1,67700.0,71633.0
-117.94,33.81,34.0,1290.0,203.0,664.0,204.0,5.8461,<1H OCEAN,4,227400.0,239900.0
-118.13,33.82,44.0,1785.0,307.0,779.0,291.0,4.3056,<1H OCEAN,3,228600.0,256118.5
-117.9,34.53,8.0,3484.0,647.0,2169.0,619.0,3.9766,INLAND,3,135800.0,140466.0
-122.12,37.42,35.0,2445.0,533.0,1187.0,519.0,5.2803,NEAR BAY,4,362100.0,372539.55
-122.42,37.74,52.0,1674.0,346.0,734.0,335.0,3.8864,NEAR BAY,3,281300.0,267852.0
-118.46,33.77,28.0,3065.0,406.0,1101.0,391.0,10.5536,NEAR OCEAN,5,500001.0,500001.0
-118.28,33.93,43.0,269.0,74.0,295.0,79.0,2.2969,<1H OCEAN,2,90600.0,125995.51
-120.68,37.47,33.0,1028.0,226.0,658.0,197.0,2.3043,INLAND,2,66300.0,93239.0
-117.61,34.04,8.0,4116.0,766.0,1785.0,745.0,3.1672,INLAND,3,150200.0,133242.0
-118.1,34.07,36.0,1240.0,349.0,1383.0,338.0,2.4931,<1H OCEAN,2,170300.0,183789.5
-120.02,39.24,24.0,1602.0,426.0,751.0,257.0,1.7609,INLAND,2,99300.0,158781.0
-118.39,34.02,38.0,2521.0,647.0,1091.0,597.0,4.1296,<1H OCEAN,3,322900.0,354253.11
-120.1,39.19,17.0,1480.0,241.0,202.0,80.0,3.9375,INLAND,3,213200.0,136010.0
-118.2,34.14,51.0,1941.0,378.0,1012.0,371.0,3.9375,<1H OCEAN,3,217000.0,222589.0
-117.38,33.89,12.0,3964.0,524.0,1707.0,549.0,5.1624,INLAND,4,267900.0,182226.5
-122.41,37.75,9.0,1282.0,334.0,1176.0,305.0,2.6538,NEAR BAY,2,206300.0,192333.01
-118.05,34.16,36.0,3908.0,732.0,1688.0,725.0,4.5625,INLAND,4,376800.0,276535.5
-121.49,38.56,42.0,900.0,239.0,506.0,231.0,1.2813,INLAND,1,87500.0,85498.5
-122.82,38.44,23.0,1551.0,236.0,555.0,243.0,4.6792,<1H OCEAN,4,304700.0,249360.0
-122.18,37.45,43.0,2061.0,437.0,817.0,385.0,4.4688,NEAR BAY,3,460200.0,378020.305
-121.81,38.01,52.0,1124.0,245.0,528.0,226.0,2.2639,INLAND,2,128500.0,99776.5
-122.08,37.4,23.0,806.0,158.0,373.0,156.0,5.9291,NEAR BAY,4,284600.0,353011.085
-118.29,34.03,27.0,1084.0,287.0,1085.0,279.0,2.135,<1H OCEAN,2,119600.0,161630.0
-118.27,33.84,24.0,6303.0,1277.0,3728.0,1252.0,3.9227,<1H OCEAN,3,208600.0,190621.0
-122.42,37.79,6.0,670.0,301.0,655.0,284.0,3.4423,NEAR BAY,3,117500.0,300353.075
-119.28,36.32,29.0,2274.0,514.0,1234.0,521.0,1.9138,INLAND,2,66900.0,64387.5
-118.2,33.82,34.0,2807.0,768.0,2217.0,744.0,2.4286,NEAR OCEAN,2,204800.0,165020.0
-119.73,36.8,15.0,2376.0,538.0,1197.0,510.0,3.1417,INLAND,3,74600.0,88779.0
-117.1,32.67,26.0,2629.0,763.0,2721.0,767.0,2.0982,NEAR OCEAN,2,109100.0,115421.0
-118.21,34.05,47.0,722.0,235.0,930.0,226.0,2.5455,<1H OCEAN,2,114300.0,138975.5
-118.39,34.04,49.0,1230.0,279.0,669.0,269.0,3.9038,<1H OCEAN,3,308300.0,327857.535
-118.91,35.4,10.0,3587.0,774.0,1398.0,763.0,2.569,INLAND,2,113000.0,95543.5
-117.66,35.6,14.0,1740.0,391.0,850.0,317.0,2.5812,INLAND,2,91700.0,82867.0
-122.92,38.97,20.0,2067.0,384.0,904.0,333.0,2.9934,<1H OCEAN,2,134200.0,133180.5
-118.51,33.98,40.0,1901.0,679.0,865.0,587.0,2.3417,<1H OCEAN,2,425000.0,333593.11
-120.02,36.95,25.0,2115.0,482.0,1976.0,474.0,1.8431,INLAND,2,53900.0,57398.0
-122.05,37.89,37.0,1677.0,269.0,689.0,283.0,4.2625,NEAR BAY,3,310600.0,252140.0
-118.25,34.09,52.0,104.0,20.0,32.0,17.0,3.75,<1H OCEAN,3,241700.0,296845.26
-122.02,37.4,33.0,2015.0,484.0,1285.0,419.0,4.0655,<1H OCEAN,3,226800.0,249943.5
-119.78,36.27,29.0,1871.0,315.0,1066.0,309.0,4.5714,INLAND,4,100800.0,116334.0
-122.4,37.71,40.0,1883.0,397.0,1411.0,438.0,3.0469,NEAR BAY,3,238000.0,235273.015
-117.33,33.16,29.0,3559.0,552.0,1533.0,545.0,4.0585,NEAR OCEAN,3,245500.0,280128.005
-117.95,34.05,35.0,1309.0,276.0,1113.0,253.0,4.375,<1H OCEAN,3,156500.0,160461.0
-120.32,38.71,13.0,1115.0,255.0,86.0,32.0,3.5667,INLAND,3,115600.0,153745.0
-119.7,36.8,31.0,1746.0,321.0,1186.0,360.0,2.6932,INLAND,2,66400.0,73530.0
-119.79,36.78,38.0,1912.0,456.0,1131.0,408.0,2.03,INLAND,2,58800.0,63135.5
-117.4,33.85,9.0,7538.0,1125.0,3450.0,1077.0,5.4625,INLAND,4,223600.0,206876.515
-119.15,34.2,25.0,3445.0,898.0,5558.0,894.0,3.0972,NEAR OCEAN,3,169300.0,194808.0
-117.91,34.14,42.0,2225.0,485.0,1544.0,464.0,2.2442,INLAND,2,166700.0,147365.5
-117.82,33.73,24.0,845.0,190.0,482.0,190.0,4.7039,<1H OCEAN,4,225000.0,206533.0
-117.25,34.12,17.0,3107.0,752.0,2160.0,643.0,1.8463,INLAND,2,72600.0,85598.0
-116.96,32.86,14.0,3064.0,496.0,1681.0,503.0,4.4347,<1H OCEAN,3,160300.0,182221.5
-117.09,32.64,24.0,3613.0,973.0,2002.0,931.0,1.947,NEAR OCEAN,2,147500.0,125374.0
-117.33,33.22,21.0,2868.0,602.0,855.0,559.0,2.7846,NEAR OCEAN,2,91200.0,205323.51
-122.02,37.95,25.0,1205.0,260.0,608.0,272.0,2.4519,NEAR BAY,2,208300.0,137712.5
-122.48,37.78,44.0,3371.0,794.0,1738.0,753.0,3.1653,NEAR BAY,3,335300.0,337333.525
-121.59,39.78,18.0,945.0,205.0,385.0,207.0,2.1838,INLAND,2,58000.0,91873.5
-118.14,34.18,47.0,3457.0,622.0,1700.0,579.0,3.5164,<1H OCEAN,3,226500.0,253395.0
-117.22,32.74,52.0,1260.0,202.0,555.0,209.0,7.2758,NEAR OCEAN,5,345200.0,383290.645
-119.35,36.22,29.0,2051.0,351.0,915.0,343.0,3.1944,INLAND,3,106800.0,80730.5
-118.08,34.15,28.0,238.0,58.0,142.0,31.0,0.4999,INLAND,1,500001.0,163945.995
-122.41,37.79,52.0,6016.0,2509.0,3436.0,2119.0,2.5166,NEAR BAY,2,275000.0,272560.02
-122.91,39.03,14.0,2374.0,557.0,723.0,427.0,1.3532,INLAND,1,95800.0,103702.5
-118.27,34.02,21.0,1314.0,375.0,1505.0,366.0,2.319,<1H OCEAN,2,97200.0,136597.51
-116.96,32.71,18.0,2413.0,533.0,1129.0,551.0,2.4567,<1H OCEAN,2,155000.0,127073.5
-122.49,38.0,26.0,48.0,8.0,19.0,8.0,7.7197,NEAR BAY,5,400000.0,370771.185
-118.36,34.1,36.0,2963.0,838.0,1129.0,745.0,2.5588,<1H OCEAN,2,500001.0,298797.07
-122.47,37.67,20.0,5689.0,992.0,3752.0,1002.0,5.5845,NEAR OCEAN,4,304300.0,295577.515
-117.82,33.77,27.0,2578.0,314.0,976.0,340.0,7.1882,<1H OCEAN,5,359200.0,349132.095
-117.04,32.77,16.0,7963.0,1881.0,3769.0,1804.0,2.9624,<1H OCEAN,2,144700.0,165934.0
-122.31,37.54,42.0,1159.0,261.0,465.0,247.0,3.1842,NEAR OCEAN,3,352800.0,310095.025
-122.14,37.84,24.0,2131.0,343.0,874.0,373.0,5.6349,NEAR BAY,4,355600.0,297952.005
-121.32,38.02,26.0,2851.0,533.0,1544.0,499.0,3.5379,INLAND,3,99100.0,116921.0
-118.13,34.16,52.0,1872.0,357.0,984.0,364.0,4.0,<1H OCEAN,3,250400.0,240303.5
-117.34,34.12,26.0,1008.0,164.0,568.0,196.0,3.3516,INLAND,3,105600.0,102161.5
-122.08,37.36,28.0,2181.0,284.0,728.0,238.0,8.2266,NEAR BAY,5,500001.0,459426.885
-118.2,34.12,41.0,1908.0,503.0,1557.0,453.0,2.9194,<1H OCEAN,2,162000.0,176095.5
-117.86,33.88,20.0,3977.0,540.0,1886.0,541.0,6.5843,<1H OCEAN,5,272200.0,286977.515
-118.34,33.89,36.0,2392.0,444.0,1346.0,445.0,6.0088,<1H OCEAN,5,245900.0,360339.54
-118.27,34.07,33.0,1177.0,468.0,1533.0,430.0,2.3981,<1H OCEAN,2,183300.0,191581.0
-117.09,33.03,17.0,2786.0,396.0,1228.0,396.0,6.4211,<1H OCEAN,5,220700.0,284520.005
-122.32,37.97,29.0,2347.0,464.0,1135.0,490.0,3.9722,NEAR BAY,3,161000.0,170927.0
-117.68,33.6,19.0,3913.0,460.0,1646.0,454.0,7.2147,<1H OCEAN,5,303900.0,311280.0
-116.95,32.76,13.0,5543.0,857.0,2074.0,737.0,4.9528,<1H OCEAN,4,266200.0,222729.5
-117.13,32.69,36.0,1469.0,400.0,1271.0,340.0,1.043,NEAR OCEAN,1,90100.0,79549.5
-115.57,32.78,15.0,1413.0,279.0,803.0,277.0,4.3021,INLAND,3,87500.0,114838.0
-121.63,38.03,17.0,2549.0,596.0,1169.0,500.0,3.6694,INLAND,3,209400.0,147415.5
-121.25,38.8,14.0,5094.0,729.0,1974.0,705.0,5.5205,INLAND,4,188700.0,210129.5
-118.27,33.97,39.0,2569.0,688.0,2601.0,630.0,2.0754,<1H OCEAN,2,101400.0,115669.0
-121.83,37.21,14.0,2714.0,361.0,1259.0,375.0,7.7738,<1H OCEAN,5,387500.0,401712.1
-119.27,34.26,23.0,3578.0,753.0,1455.0,649.0,4.1898,NEAR OCEAN,3,359100.0,304240.585
-118.46,34.03,27.0,1965.0,631.0,1042.0,596.0,2.75,<1H OCEAN,2,327300.0,347711.54
-119.71,34.43,47.0,1572.0,417.0,790.0,384.0,2.6429,<1H OCEAN,2,279200.0,295072.52
-122.2,37.48,41.0,733.0,155.0,652.0,140.0,5.1654,NEAR BAY,4,233600.0,280366.015
-122.2,37.78,45.0,1766.0,332.0,869.0,327.0,4.5893,NEAR BAY,4,163500.0,233526.505
-117.12,32.78,4.0,2782.0,817.0,1309.0,787.0,4.2621,NEAR OCEAN,3,124200.0,195356.5
-118.48,34.0,25.0,4149.0,1067.0,1749.0,1000.0,3.9722,<1H OCEAN,3,450000.0,440626.77
-117.42,34.11,25.0,4261.0,893.0,2319.0,702.0,3.3958,INLAND,3,111900.0,119810.0
-116.83,34.25,15.0,8948.0,1985.0,1316.0,514.0,2.7375,INLAND,2,90800.0,104077.0
-120.45,34.94,26.0,1058.0,232.0,891.0,243.0,3.6422,<1H OCEAN,3,120600.0,163063.0
-118.38,34.14,40.0,1965.0,354.0,666.0,357.0,6.0876,<1H OCEAN,5,483800.0,398445.195
-117.93,33.61,27.0,1806.0,465.0,791.0,358.0,3.8125,<1H OCEAN,3,366700.0,429723.18
-122.39,37.74,42.0,4110.0,846.0,2147.0,674.0,2.5694,NEAR BAY,2,201000.0,239804.505
-122.47,37.74,52.0,1538.0,305.0,819.0,319.0,4.0846,NEAR BAY,3,333600.0,310577.505
-117.22,32.81,24.0,730.0,196.0,335.0,203.0,3.5078,NEAR OCEAN,3,362500.0,224410.52
-117.89,33.75,34.0,2753.0,654.0,3117.0,631.0,3.1713,<1H OCEAN,3,170100.0,170721.5
-122.41,37.66,32.0,1385.0,356.0,1096.0,353.0,4.475,NEAR OCEAN,3,246700.0,246017.5
-117.03,32.77,34.0,1796.0,428.0,918.0,424.0,2.875,<1H OCEAN,2,161200.0,151113.5
-121.87,39.74,7.0,1737.0,290.0,747.0,265.0,3.9,INLAND,3,147000.0,127293.5
-121.23,37.79,21.0,1922.0,373.0,1130.0,372.0,4.0815,INLAND,3,117900.0,175897.5
-121.32,38.89,9.0,5927.0,1269.0,3369.0,1176.0,2.8194,INLAND,2,111300.0,118587.5
-122.43,37.71,52.0,1508.0,278.0,1138.0,304.0,4.0234,NEAR BAY,3,266500.0,244295.0
-118.12,34.69,27.0,3019.0,501.0,1580.0,523.0,3.7804,INLAND,3,113500.0,115831.5
-122.49,37.78,47.0,2695.0,643.0,1505.0,644.0,3.0877,NEAR BAY,3,329100.0,345951.08
-122.44,37.8,52.0,1724.0,412.0,540.0,319.0,4.2857,NEAR BAY,3,500001.0,493197.35
-118.08,33.86,26.0,778.0,173.0,539.0,186.0,3.2679,<1H OCEAN,3,236500.0,178122.0
-117.28,34.17,26.0,3106.0,603.0,1396.0,576.0,3.1736,INLAND,3,122200.0,108113.0
-120.9,39.93,23.0,2679.0,546.0,1424.0,529.0,2.8812,INLAND,2,81900.0,91332.5
-122.34,37.59,44.0,1395.0,269.0,736.0,288.0,5.6206,NEAR OCEAN,4,386400.0,339999.005
-121.83,37.38,31.0,3633.0,843.0,2677.0,797.0,3.2222,<1H OCEAN,3,184800.0,183097.5
-120.42,34.96,20.0,1678.0,307.0,840.0,316.0,4.4342,<1H OCEAN,3,160700.0,186278.5
-121.48,38.53,38.0,1451.0,315.0,786.0,340.0,2.3487,INLAND,2,101600.0,93331.0
-118.41,34.15,46.0,1628.0,259.0,500.0,258.0,6.083,<1H OCEAN,5,424000.0,376925.12
-121.95,37.28,52.0,777.0,148.0,362.0,144.0,4.0208,<1H OCEAN,3,262500.0,228245.5
-118.07,34.16,35.0,2459.0,438.0,970.0,437.0,4.2143,INLAND,3,369400.0,272374.5
-118.18,34.05,41.0,616.0,196.0,814.0,180.0,3.3333,<1H OCEAN,3,115100.0,143437.0
-118.3,34.07,36.0,2657.0,738.0,2274.0,723.0,3.425,<1H OCEAN,3,281700.0,272847.055
-117.02,32.59,19.0,1902.0,335.0,1102.0,313.0,3.0365,NEAR OCEAN,3,98100.0,131111.0
-122.72,38.43,31.0,2020.0,476.0,1408.0,437.0,2.5735,<1H OCEAN,2,131100.0,166002.0
-122.49,38.22,33.0,1486.0,290.0,781.0,274.0,3.5647,NEAR BAY,3,251800.0,238062.515
-119.16,34.28,11.0,5330.0,1056.0,2801.0,1028.0,4.763,NEAR OCEAN,4,232700.0,238431.025
-121.3,38.73,9.0,5558.0,1099.0,2717.0,1043.0,3.6455,INLAND,3,139200.0,130302.5
-123.5,39.67,22.0,2124.0,450.0,1122.0,446.0,2.1793,INLAND,2,71500.0,77081.5
-118.58,34.18,28.0,908.0,142.0,368.0,143.0,5.6159,<1H OCEAN,4,340500.0,295251.025
-122.53,37.97,52.0,1560.0,451.0,700.0,419.0,2.5125,NEAR BAY,2,270800.0,218326.5
-117.88,34.13,25.0,2559.0,654.0,1674.0,623.0,2.8547,<1H OCEAN,2,155600.0,170031.5
-119.32,36.3,14.0,1680.0,343.0,931.0,350.0,2.7336,INLAND,2,89200.0,86406.0
-118.27,33.86,33.0,1685.0,333.0,1484.0,318.0,4.3527,<1H OCEAN,3,167000.0,176856.5
-117.34,34.51,6.0,5667.0,1385.0,2447.0,1199.0,2.3617,INLAND,2,103100.0,106018.0
-119.19,34.19,35.0,2599.0,552.0,2726.0,543.0,3.2212,NEAR OCEAN,3,180500.0,192005.0
-118.85,35.2,17.0,2783.0,678.0,2566.0,641.0,1.9907,INLAND,2,51200.0,65168.5
-118.45,34.25,36.0,1453.0,270.0,808.0,275.0,4.3839,<1H OCEAN,3,204600.0,199320.5
-122.07,37.88,11.0,1077.0,318.0,590.0,264.0,3.5536,NEAR BAY,3,387200.0,217181.5
-122.24,38.07,13.0,5451.0,1194.0,2957.0,1081.0,2.6098,NEAR BAY,2,162500.0,145103.0
-122.02,38.26,20.0,3899.0,763.0,2198.0,779.0,3.2061,INLAND,3,120400.0,122023.0
-121.34,38.64,17.0,2761.0,501.0,1128.0,482.0,3.7562,INLAND,3,139700.0,148294.5
-121.27,38.13,40.0,2402.0,509.0,1197.0,486.0,2.1771,INLAND,2,98200.0,88978.5
-121.98,37.27,25.0,3075.0,564.0,1633.0,543.0,5.2528,<1H OCEAN,4,269400.0,284607.0
-121.98,37.28,26.0,1182.0,309.0,620.0,306.0,3.3922,<1H OCEAN,3,269100.0,280033.5
-118.58,34.17,18.0,6476.0,1082.0,2413.0,958.0,5.6327,<1H OCEAN,4,500001.0,324358.525
-123.22,40.54,27.0,1573.0,361.0,847.0,330.0,1.9034,INLAND,2,49600.0,69900.5
-121.54,39.08,26.0,2276.0,460.0,1455.0,474.0,2.4695,INLAND,2,58000.0,90539.0
-121.25,37.94,30.0,1509.0,308.0,967.0,278.0,1.7798,INLAND,2,65900.0,65296.0
-117.6,34.03,16.0,1499.0,232.0,918.0,239.0,5.5677,INLAND,4,175400.0,181038.0
-122.26,37.88,52.0,2551.0,417.0,894.0,404.0,6.2425,NEAR BAY,5,391800.0,367709.075
-118.02,34.15,44.0,2419.0,437.0,1045.0,432.0,3.875,INLAND,3,280800.0,282229.5
-120.96,37.64,41.0,1467.0,328.0,673.0,310.0,2.7917,INLAND,2,90700.0,111265.5
-122.33,37.56,50.0,1975.0,245.0,644.0,251.0,10.0743,NEAR OCEAN,5,500001.0,499448.49
-122.19,37.77,42.0,932.0,254.0,900.0,263.0,1.8039,NEAR BAY,2,92300.0,90121.0
-118.48,34.28,35.0,2132.0,368.0,1128.0,341.0,5.3107,<1H OCEAN,4,227100.0,234520.0
-117.13,32.76,29.0,2568.0,682.0,1191.0,642.0,2.1094,NEAR OCEAN,2,162500.0,133108.0
-121.96,37.31,31.0,3890.0,711.0,1898.0,717.0,5.2534,<1H OCEAN,4,290900.0,285801.0
-118.05,34.07,32.0,4492.0,1075.0,4119.0,1035.0,3.2373,<1H OCEAN,3,183100.0,185493.5
-119.19,34.3,25.0,2197.0,320.0,934.0,330.0,6.311,NEAR OCEAN,5,283200.0,346862.645
-117.04,32.83,8.0,2205.0,348.0,777.0,341.0,6.0266,<1H OCEAN,5,177400.0,294696.105
-117.08,33.01,5.0,5659.0,931.0,2565.0,902.0,6.1949,<1H OCEAN,5,238700.0,285169.01
-122.49,37.74,52.0,2189.0,433.0,1147.0,420.0,3.4583,NEAR OCEAN,3,321300.0,322530.5
-122.86,38.1,44.0,2602.0,509.0,691.0,343.0,4.3125,NEAR OCEAN,3,261500.0,283410.01
-118.3,33.94,36.0,2041.0,531.0,1390.0,464.0,2.0114,<1H OCEAN,2,99300.0,112541.5
-118.0,34.03,25.0,6909.0,1154.0,3912.0,1121.0,5.257,<1H OCEAN,4,226100.0,249478.5
-119.1,36.4,31.0,1533.0,361.0,1518.0,386.0,1.5608,INLAND,2,51700.0,49385.5
-117.07,32.63,37.0,2303.0,379.0,1026.0,357.0,3.455,NEAR OCEAN,3,156900.0,147424.5
-117.08,33.14,11.0,1430.0,292.0,921.0,294.0,4.2357,<1H OCEAN,3,160900.0,170119.0
-118.39,34.17,40.0,1696.0,372.0,835.0,385.0,3.6563,<1H OCEAN,3,222400.0,267250.03
-117.9,33.71,15.0,539.0,71.0,287.0,66.0,6.3427,<1H OCEAN,5,305200.0,278247.015
-118.2,33.92,42.0,1411.0,314.0,1432.0,322.0,3.0871,<1H OCEAN,3,138800.0,143404.5
-121.99,37.39,25.0,3495.0,834.0,2484.0,797.0,4.8145,<1H OCEAN,4,230700.0,248457.005
-121.48,38.56,50.0,1587.0,448.0,877.0,380.0,2.0833,INLAND,2,94300.0,94065.5
-122.35,37.96,29.0,1899.0,524.0,1357.0,443.0,1.875,NEAR BAY,2,97200.0,105223.0
-117.27,32.99,21.0,3318.0,578.0,1273.0,538.0,5.5922,NEAR OCEAN,4,382100.0,267779.01
-122.0,37.98,31.0,2030.0,337.0,867.0,341.0,5.0915,INLAND,4,193200.0,206380.5
-122.47,38.3,15.0,4885.0,988.0,2175.0,924.0,3.4031,<1H OCEAN,3,209500.0,209868.5
-121.82,37.32,10.0,2506.0,623.0,2634.0,622.0,3.135,<1H OCEAN,3,231400.0,162474.5
-122.17,37.76,33.0,1280.0,307.0,999.0,286.0,2.5625,NEAR BAY,2,89300.0,110513.5
-118.0,33.83,26.0,1718.0,385.0,1022.0,368.0,3.9333,<1H OCEAN,3,196100.0,202211.5
-117.58,33.87,42.0,765.0,171.0,590.0,177.0,1.6875,INLAND,2,113500.0,113795.0
-121.86,37.29,14.0,6160.0,1222.0,2472.0,1204.0,4.1444,<1H OCEAN,3,178400.0,244608.005
-122.47,37.76,52.0,2941.0,783.0,1545.0,726.0,2.9899,NEAR BAY,2,406500.0,364355.015
-119.82,34.44,28.0,1992.0,531.0,1622.0,509.0,2.7689,NEAR OCEAN,2,228200.0,243119.5
-118.32,33.85,42.0,3146.0,770.0,1859.0,740.0,3.5073,<1H OCEAN,3,234800.0,284997.0
-117.96,33.8,33.0,1984.0,420.0,1119.0,387.0,3.4821,<1H OCEAN,3,231300.0,192405.5
-118.38,33.75,23.0,8277.0,1290.0,3176.0,1159.0,7.6986,NEAR OCEAN,5,500001.0,461990.13
-117.18,32.83,23.0,2105.0,525.0,1218.0,484.0,3.375,NEAR OCEAN,3,184100.0,180768.505
-118.02,33.91,35.0,1337.0,234.0,692.0,235.0,5.1155,<1H OCEAN,4,213700.0,205295.0
-122.03,37.27,32.0,4350.0,645.0,1551.0,609.0,7.8279,<1H OCEAN,5,500001.0,456595.93
-118.25,34.08,47.0,2133.0,689.0,2104.0,662.0,2.6136,<1H OCEAN,2,169200.0,180908.5
-117.85,33.83,26.0,1904.0,292.0,945.0,303.0,5.6784,<1H OCEAN,4,232400.0,234335.0
-118.43,33.98,19.0,8324.0,1590.0,2927.0,1538.0,7.5426,<1H OCEAN,5,351700.0,398846.275
-118.1,34.1,29.0,1937.0,448.0,1352.0,433.0,3.81,<1H OCEAN,3,234600.0,221549.5
-122.4,37.78,52.0,464.0,202.0,286.0,148.0,1.6125,NEAR BAY,2,112500.0,238596.015
-120.96,37.66,15.0,2485.0,434.0,1296.0,434.0,3.8542,INLAND,3,145200.0,150132.5
-120.85,37.78,30.0,1120.0,248.0,609.0,237.0,2.2386,INLAND,2,87200.0,98156.0
-119.78,36.82,22.0,4241.0,1147.0,1929.0,971.0,1.7708,INLAND,2,53500.0,66088.5
-119.82,36.74,52.0,610.0,128.0,406.0,122.0,1.8967,INLAND,2,43800.0,71935.5
-122.73,41.76,19.0,2200.0,414.0,950.0,367.0,2.5357,INLAND,2,94200.0,75767.5
-118.19,33.78,21.0,2741.0,1029.0,2924.0,969.0,1.3274,NEAR OCEAN,1,218800.0,140671.505
-121.98,38.39,3.0,9488.0,1417.0,4095.0,1335.0,5.1781,INLAND,4,191900.0,193609.0
-119.79,36.81,33.0,1461.0,261.0,494.0,254.0,4.25,INLAND,3,132200.0,105209.5
-118.97,35.38,32.0,1361.0,363.0,1483.0,297.0,1.625,INLAND,2,46800.0,49543.0
-118.19,33.85,49.0,1073.0,260.0,725.0,272.0,3.8026,NEAR OCEAN,3,149700.0,258339.52
-122.05,38.26,21.0,7195.0,1416.0,3927.0,1377.0,3.0912,INLAND,3,126300.0,126864.5
-118.34,33.87,34.0,1069.0,217.0,601.0,212.0,4.6406,<1H OCEAN,4,255900.0,298614.0
-118.25,33.94,37.0,1002.0,270.0,1092.0,273.0,1.6333,<1H OCEAN,2,94500.0,93689.0
-117.69,33.8,5.0,3178.0,631.0,1467.0,581.0,5.2541,<1H OCEAN,4,237100.0,227868.5
-122.42,37.8,52.0,4079.0,1112.0,1466.0,1024.0,4.5913,NEAR BAY,4,500001.0,474626.03
-117.15,32.71,52.0,402.0,183.0,557.0,172.0,1.3125,NEAR OCEAN,1,87500.0,109316.0
-121.87,39.75,22.0,1707.0,296.0,822.0,297.0,3.6625,INLAND,3,126600.0,103220.5
-118.04,33.8,33.0,2685.0,466.0,1359.0,476.0,5.0261,<1H OCEAN,4,245100.0,228802.5
-122.15,37.72,29.0,4169.0,1047.0,2024.0,962.0,2.8125,NEAR BAY,2,157400.0,204892.0
-124.1,40.95,17.0,1485.0,345.0,823.0,316.0,1.8993,NEAR OCEAN,2,78400.0,81224.0
-118.3,33.89,37.0,2132.0,565.0,1369.0,565.0,3.285,<1H OCEAN,3,218100.0,188798.0
-122.25,37.81,52.0,2155.0,701.0,895.0,613.0,2.5795,NEAR BAY,2,350000.0,199972.0
-121.92,37.32,28.0,2089.0,641.0,1666.0,587.0,2.3633,<1H OCEAN,2,198400.0,201560.0
-117.97,34.1,33.0,1558.0,316.0,1600.0,338.0,2.9712,INLAND,2,143900.0,142526.5
-118.38,33.87,23.0,2387.0,418.0,1008.0,415.0,5.8518,<1H OCEAN,4,337900.0,333585.07
-116.96,33.75,35.0,3269.0,757.0,2328.0,705.0,2.5898,INLAND,2,76300.0,120565.5
-117.05,32.63,31.0,4911.0,861.0,2334.0,843.0,4.1958,NEAR OCEAN,3,160100.0,163770.0
-118.19,33.79,43.0,1823.0,600.0,2339.0,560.0,1.6792,NEAR OCEAN,2,130600.0,141062.5
-116.97,32.79,19.0,4108.0,1101.0,2971.0,1006.0,1.9893,<1H OCEAN,2,112500.0,128802.5
-118.53,34.27,32.0,1931.0,298.0,948.0,314.0,5.3847,<1H OCEAN,4,329200.0,230614.0
-121.91,36.98,16.0,1957.0,408.0,865.0,369.0,2.6875,NEAR OCEAN,2,233300.0,257282.0
-117.1,32.75,20.0,2355.0,722.0,1848.0,576.0,2.0036,NEAR OCEAN,2,99200.0,113667.5
-117.9,33.78,25.0,10336.0,2596.0,7111.0,2419.0,3.3627,<1H OCEAN,3,197900.0,201996.5
-121.88,37.43,31.0,2573.0,474.0,1898.0,475.0,5.6651,<1H OCEAN,4,204100.0,238815.0
-122.05,37.39,25.0,347.0,82.0,148.0,77.0,4.4531,<1H OCEAN,3,350000.0,250260.55
-119.23,35.79,31.0,2862.0,606.0,2467.0,600.0,2.3125,INLAND,2,62100.0,66402.5
-122.38,37.73,18.0,4037.0,990.0,2722.0,834.0,1.4282,NEAR BAY,1,140400.0,188801.02
-117.96,33.68,24.0,6517.0,1279.0,3441.0,1198.0,4.25,<1H OCEAN,3,152100.0,276083.505
-120.66,39.72,15.0,3763.0,784.0,717.0,348.0,2.2019,INLAND,2,130500.0,94867.5
-117.07,32.8,23.0,2698.0,410.0,1094.0,411.0,5.1782,<1H OCEAN,4,195100.0,177595.0
-119.2,34.26,13.0,3009.0,588.0,1439.0,607.0,4.1845,NEAR OCEAN,3,199500.0,208263.515
-117.15,32.71,52.0,217.0,82.0,531.0,93.0,1.6607,NEAR OCEAN,2,137500.0,122058.5
-117.83,33.67,17.0,2634.0,641.0,1454.0,560.0,3.7976,<1H OCEAN,3,275000.0,219270.0
-122.96,38.42,50.0,2530.0,524.0,940.0,361.0,2.9375,<1H OCEAN,2,122900.0,156103.5
-117.69,35.63,5.0,3151.0,482.0,1335.0,428.0,5.5773,INLAND,4,109000.0,137542.0
-117.43,34.08,13.0,4563.0,1187.0,2475.0,1019.0,2.1189,INLAND,2,121700.0,102971.5
-117.69,33.65,15.0,5394.0,748.0,2383.0,706.0,7.5619,<1H OCEAN,5,302000.0,337150.1
-118.17,33.77,37.0,1127.0,327.0,492.0,331.0,2.675,NEAR OCEAN,2,241700.0,216342.0
-116.98,32.86,19.0,2121.0,341.0,1236.0,353.0,4.7717,<1H OCEAN,4,153200.0,171970.5
-119.8,36.8,43.0,1951.0,288.0,725.0,308.0,6.3359,INLAND,5,169300.0,268214.07
-118.84,34.15,17.0,3785.0,494.0,1527.0,507.0,8.4443,<1H OCEAN,5,358500.0,421410.71
-121.48,38.55,52.0,1684.0,309.0,675.0,296.0,4.1467,INLAND,3,175000.0,177504.5
-117.07,33.72,16.0,4928.0,960.0,2132.0,853.0,2.7983,INLAND,2,112500.0,140795.5
-122.26,37.54,16.0,2118.0,333.0,770.0,318.0,7.2477,NEAR BAY,5,376000.0,363099.555
-120.35,38.04,16.0,1499.0,326.0,733.0,286.0,2.5729,INLAND,2,118800.0,127526.5
-118.0,33.95,35.0,1431.0,210.0,505.0,213.0,6.8109,<1H OCEAN,5,401000.0,374979.71
-121.46,38.49,15.0,10211.0,1995.0,5656.0,1752.0,2.575,INLAND,2,107900.0,105477.0
-118.41,33.93,22.0,2514.0,605.0,1225.0,568.0,4.1818,<1H OCEAN,3,339700.0,334088.51
-118.08,33.93,39.0,1478.0,324.0,1127.0,320.0,3.525,<1H OCEAN,3,158000.0,165083.5
-118.34,34.11,51.0,937.0,348.0,527.0,333.0,4.3571,<1H OCEAN,3,468800.0,385809.545
-121.45,38.62,38.0,2419.0,605.0,1696.0,503.0,1.4861,INLAND,1,63100.0,66943.0
-118.43,34.22,34.0,1588.0,360.0,1080.0,340.0,3.66,<1H OCEAN,3,184600.0,188597.5
-121.67,36.66,19.0,9371.0,1980.0,4259.0,1882.0,3.6875,<1H OCEAN,3,189700.0,209389.0
-117.7,33.59,11.0,8039.0,1717.0,3445.0,1571.0,4.1678,<1H OCEAN,3,190900.0,243030.0
-117.09,32.63,27.0,2920.0,770.0,1935.0,746.0,2.4148,NEAR OCEAN,2,67500.0,131997.0
-122.28,37.82,52.0,1489.0,335.0,728.0,244.0,0.8172,NEAR BAY,1,85300.0,102983.5
-118.01,34.08,35.0,1852.0,358.0,1414.0,347.0,4.275,INLAND,3,173600.0,207383.0
-117.09,32.62,34.0,1576.0,364.0,1153.0,381.0,2.1955,NEAR OCEAN,2,129700.0,123860.5
-117.07,32.8,31.0,2550.0,395.0,1017.0,405.0,5.1488,<1H OCEAN,4,181000.0,188528.505
-121.94,36.57,28.0,3153.0,409.0,569.0,271.0,14.4113,NEAR OCEAN,5,500001.0,500001.0
-118.08,33.79,34.0,2840.0,395.0,1127.0,396.0,7.6144,<1H OCEAN,5,376200.0,408079.7
-117.11,32.84,16.0,4608.0,629.0,2020.0,636.0,6.04,<1H OCEAN,5,243000.0,263620.5
-117.08,33.82,6.0,1771.0,293.0,935.0,279.0,4.065,INLAND,3,148200.0,129066.0
-119.03,34.24,25.0,3655.0,545.0,1776.0,544.0,5.687,<1H OCEAN,4,238100.0,262731.505
-122.45,37.76,52.0,1457.0,292.0,621.0,315.0,4.6477,NEAR BAY,4,450000.0,343527.105
-121.98,37.35,36.0,1054.0,193.0,546.0,187.0,4.5625,<1H OCEAN,4,240000.0,248503.0
-122.25,37.87,52.0,609.0,236.0,1349.0,250.0,1.1696,NEAR BAY,1,500001.0,200766.5
-121.88,37.29,44.0,2026.0,396.0,908.0,383.0,4.1406,<1H OCEAN,3,274100.0,272599.51
-120.41,34.96,9.0,2712.0,428.0,1116.0,415.0,4.5536,<1H OCEAN,4,190100.0,215644.515
-122.44,37.67,35.0,1814.0,365.0,1025.0,384.0,4.425,NEAR OCEAN,3,268400.0,264681.5
-118.31,34.16,38.0,2347.0,665.0,1317.0,547.0,3.2112,<1H OCEAN,3,349300.0,259793.505
-122.5,37.74,44.0,2374.0,496.0,1087.0,426.0,3.5,NEAR OCEAN,3,275700.0,286652.505
-117.59,33.65,4.0,1793.0,390.0,897.0,386.0,4.2463,<1H OCEAN,3,182800.0,271435.27
-117.79,33.75,26.0,2893.0,345.0,983.0,326.0,13.466,<1H OCEAN,5,500001.0,496514.73
-118.13,33.84,35.0,3008.0,674.0,1584.0,671.0,3.5465,<1H OCEAN,3,213200.0,229422.5
-121.82,37.28,31.0,1340.0,235.0,1336.0,270.0,4.2361,<1H OCEAN,3,179500.0,192112.5
-118.21,34.09,39.0,1287.0,353.0,1171.0,345.0,1.6118,<1H OCEAN,2,138500.0,153271.0
-118.15,33.78,17.0,1584.0,435.0,904.0,406.0,2.0875,NEAR OCEAN,2,181300.0,137043.5
-118.47,34.0,42.0,1271.0,301.0,574.0,312.0,3.1304,<1H OCEAN,3,340500.0,349213.545
-122.07,37.44,21.0,4599.0,986.0,2756.0,943.0,2.9817,NEAR BAY,2,225000.0,186906.5
-121.63,39.14,39.0,1874.0,411.0,822.0,377.0,2.5038,INLAND,2,68300.0,91103.5
-122.47,37.71,44.0,2547.0,511.0,1577.0,516.0,4.1939,NEAR OCEAN,3,237900.0,258377.0
-118.22,34.09,42.0,1706.0,488.0,1941.0,447.0,2.5213,<1H OCEAN,2,149700.0,153406.0
-118.31,33.97,47.0,2066.0,422.0,1156.0,380.0,2.7917,<1H OCEAN,2,125800.0,133213.0
-119.8,36.77,52.0,2964.0,512.0,1114.0,486.0,3.8105,INLAND,3,87600.0,115753.0
-118.2,34.04,44.0,1582.0,544.0,1998.0,515.0,1.6888,<1H OCEAN,2,125000.0,144667.5
-121.49,38.58,52.0,1000.0,324.0,456.0,250.0,1.4375,INLAND,1,168800.0,98350.0
-117.07,32.69,20.0,2192.0,406.0,1766.0,393.0,4.0921,NEAR OCEAN,3,135000.0,140008.5
-118.24,33.93,37.0,1027.0,258.0,824.0,248.0,1.5132,<1H OCEAN,2,86300.0,94670.5
-121.42,38.62,41.0,1087.0,272.0,462.0,219.0,2.0224,INLAND,2,64900.0,91601.0
-121.2,37.78,4.0,58.0,29.0,79.0,29.0,3.375,INLAND,3,106300.0,226417.53
-118.02,33.7,23.0,5069.0,770.0,2473.0,769.0,6.3047,<1H OCEAN,5,285700.0,298008.505
-122.53,37.66,25.0,7778.0,1493.0,4674.0,1451.0,5.4694,NEAR OCEAN,4,272400.0,309160.515
-118.72,34.28,18.0,2229.0,371.0,1283.0,379.0,5.5955,<1H OCEAN,4,217700.0,228473.5
-122.17,37.75,37.0,1379.0,287.0,835.0,259.0,2.4962,NEAR BAY,2,91800.0,97454.0
-117.94,34.04,34.0,1403.0,274.0,977.0,257.0,3.8409,<1H OCEAN,3,163000.0,161266.5
-117.62,34.02,9.0,4265.0,587.0,2280.0,589.0,5.5632,INLAND,4,195100.0,174255.5
-121.52,38.58,24.0,938.0,275.0,508.0,253.0,1.642,INLAND,2,32500.0,84907.5
-118.53,34.24,24.0,2718.0,719.0,3018.0,644.0,2.9076,<1H OCEAN,2,275300.0,195512.0
-119.53,36.78,20.0,2822.0,479.0,1372.0,455.0,4.5625,INLAND,4,136900.0,129012.0
-119.12,34.25,31.0,737.0,146.0,1436.0,168.0,3.5625,NEAR OCEAN,3,194100.0,188653.0
-117.91,33.91,32.0,1530.0,301.0,666.0,276.0,4.125,<1H OCEAN,3,230200.0,201440.0
-121.32,38.66,21.0,1276.0,208.0,501.0,205.0,3.95,INLAND,3,143600.0,132186.5
-119.79,36.74,35.0,853.0,296.0,1228.0,289.0,1.0513,INLAND,1,39600.0,48929.5
-122.29,40.43,21.0,2842.0,640.0,1658.0,608.0,1.9943,INLAND,2,59800.0,66585.5
-118.02,33.91,34.0,2518.0,429.0,1309.0,421.0,4.7861,<1H OCEAN,4,210700.0,196016.5
-120.9,37.76,20.0,570.0,112.0,304.0,108.0,2.2024,INLAND,2,156300.0,109592.5
-118.16,33.85,36.0,2668.0,473.0,1315.0,478.0,4.0714,<1H OCEAN,3,215600.0,216910.5
-118.29,33.91,28.0,1501.0,446.0,1028.0,418.0,2.3043,<1H OCEAN,2,177500.0,157036.0
-122.14,37.72,39.0,786.0,132.0,288.0,132.0,3.5156,NEAR BAY,3,218900.0,185898.0
-117.7,34.07,33.0,1552.0,288.0,1326.0,303.0,3.7969,INLAND,3,128400.0,126211.5
-117.23,32.8,22.0,2981.0,873.0,1751.0,745.0,2.3482,NEAR OCEAN,2,190600.0,192951.005
-118.48,34.01,40.0,2198.0,611.0,1023.0,567.0,3.755,<1H OCEAN,3,398300.0,434009.8
-117.27,33.06,7.0,3686.0,733.0,1612.0,672.0,3.197,NEAR OCEAN,3,367100.0,212341.505
-119.87,36.83,4.0,4833.0,784.0,2088.0,789.0,5.1781,INLAND,4,122500.0,138839.0
-118.32,33.84,42.0,1486.0,420.0,897.0,377.0,1.6228,<1H OCEAN,2,376100.0,172974.5
-117.97,34.05,33.0,2028.0,422.0,1727.0,371.0,2.8438,<1H OCEAN,2,157600.0,170355.0
-121.23,38.12,22.0,393.0,58.0,134.0,57.0,3.95,INLAND,3,178100.0,140995.5
-117.33,34.13,18.0,3009.0,740.0,2317.0,659.0,1.6375,INLAND,2,72400.0,83090.0
-122.01,37.54,32.0,2572.0,406.0,1128.0,395.0,5.0,NEAR BAY,4,287600.0,224765.0
-120.33,39.3,16.0,868.0,178.0,44.0,21.0,3.0,INLAND,2,175000.0,143015.01
-117.22,32.86,4.0,16289.0,4585.0,7604.0,4176.0,3.6287,NEAR OCEAN,3,280800.0,217569.005
-117.97,34.09,27.0,3569.0,761.0,3339.0,762.0,4.1304,INLAND,3,160500.0,201783.0
-117.08,32.62,28.0,2468.0,506.0,1353.0,522.0,3.0771,NEAR OCEAN,3,158600.0,135466.0
-121.3,38.65,26.0,3192.0,447.0,1132.0,418.0,4.5278,INLAND,4,144300.0,155055.5
-118.3,33.96,39.0,2802.0,618.0,1524.0,529.0,2.6518,<1H OCEAN,2,136300.0,143273.0
-118.29,33.89,32.0,2355.0,583.0,1605.0,571.0,4.2171,<1H OCEAN,3,218200.0,199069.0
-117.76,33.54,28.0,2250.0,329.0,826.0,323.0,6.9257,<1H OCEAN,5,466400.0,434665.435
-117.76,33.72,11.0,4508.0,618.0,1993.0,573.0,10.4498,<1H OCEAN,5,386100.0,476265.9
-118.07,34.13,27.0,3787.0,913.0,1992.0,853.0,3.301,INLAND,3,251200.0,241151.5
-121.77,36.93,20.0,2587.0,547.0,1534.0,540.0,2.4375,<1H OCEAN,2,190400.0,168623.5
-118.11,33.83,37.0,1249.0,202.0,517.0,189.0,4.4196,<1H OCEAN,3,223100.0,222949.5
-118.23,34.22,36.0,2288.0,439.0,1079.0,434.0,4.5486,<1H OCEAN,4,361000.0,273331.505
-120.92,37.65,23.0,505.0,124.0,163.0,129.0,1.3696,INLAND,1,275000.0,115795.0
-121.53,39.06,20.0,561.0,109.0,308.0,114.0,3.3021,INLAND,3,70800.0,104137.0
-122.55,37.91,48.0,1283.0,278.0,567.0,255.0,3.2794,NEAR BAY,3,460000.0,344797.045
-121.0,37.64,43.0,311.0,95.0,293.0,94.0,1.2902,INLAND,1,67500.0,75599.5
-121.5,38.61,5.0,1395.0,373.0,638.0,322.0,2.6745,INLAND,2,225000.0,117028.5
-123.59,38.8,17.0,5202.0,1037.0,1742.0,803.0,3.1201,NEAR OCEAN,3,176100.0,197550.0
-117.68,35.62,30.0,2994.0,741.0,1481.0,581.0,2.1458,INLAND,2,52400.0,61219.495
-121.82,37.36,33.0,1624.0,337.0,1412.0,323.0,4.0385,<1H OCEAN,3,167600.0,174262.0
-121.62,39.09,21.0,2693.0,481.0,1337.0,435.0,3.8534,INLAND,3,99700.0,116885.0
-117.1,32.68,20.0,1012.0,269.0,837.0,240.0,2.0488,NEAR OCEAN,2,88900.0,101019.5
-122.4,37.71,47.0,1649.0,328.0,1183.0,356.0,3.3625,NEAR BAY,3,223700.0,226422.5
-118.61,34.21,41.0,1058.0,228.0,778.0,245.0,3.3534,<1H OCEAN,3,180500.0,193280.5
-118.29,33.95,39.0,1701.0,428.0,1468.0,411.0,1.9702,<1H OCEAN,2,93200.0,102675.0
-118.12,34.0,31.0,3281.0,768.0,2385.0,733.0,2.7308,<1H OCEAN,2,173800.0,176489.0
-117.92,33.63,39.0,1469.0,226.0,553.0,225.0,7.8496,<1H OCEAN,5,490800.0,469452.285
-118.26,34.0,41.0,1733.0,492.0,1776.0,453.0,1.6221,<1H OCEAN,2,104200.0,103633.5
-118.41,33.99,36.0,1089.0,234.0,632.0,215.0,3.6538,<1H OCEAN,3,276100.0,311271.505
-122.41,37.75,52.0,2524.0,559.0,1430.0,476.0,3.4073,NEAR BAY,3,254700.0,293118.0
-118.45,34.25,34.0,2094.0,380.0,1207.0,380.0,5.2801,<1H OCEAN,4,212300.0,221044.5
-120.27,36.29,11.0,1337.0,412.0,1376.0,318.0,2.4398,INLAND,2,87500.0,71928.0
-119.57,36.44,30.0,1860.0,337.0,1123.0,347.0,3.4926,INLAND,3,94200.0,89931.5
-121.87,37.38,16.0,1050.0,245.0,722.0,228.0,4.5187,<1H OCEAN,4,163500.0,210486.5
-117.8,33.52,50.0,1152.0,341.0,519.0,225.0,3.053,<1H OCEAN,3,500001.0,299275.165
-118.13,34.15,28.0,1119.0,334.0,739.0,323.0,2.5903,<1H OCEAN,2,125000.0,177599.0
-122.28,37.87,52.0,1233.0,300.0,571.0,292.0,2.2788,NEAR BAY,2,182300.0,142999.5
-118.3,34.01,35.0,1147.0,290.0,818.0,281.0,1.7961,<1H OCEAN,2,111700.0,129194.5
-118.15,33.88,24.0,4232.0,1092.0,2688.0,1035.0,2.52,<1H OCEAN,2,146000.0,183245.5
-118.51,34.25,24.0,4338.0,558.0,1514.0,549.0,8.8612,<1H OCEAN,5,500001.0,477012.76
-118.53,34.27,33.0,1927.0,305.0,896.0,293.0,5.634,<1H OCEAN,4,320500.0,237628.505
-118.97,35.38,42.0,1185.0,358.0,1038.0,299.0,0.9951,INLAND,1,48000.0,51771.5
-122.09,37.63,36.0,1570.0,274.0,992.0,249.0,5.3644,NEAR BAY,4,168800.0,220181.0
-116.19,33.67,16.0,1859.0,476.0,1994.0,477.0,1.7297,INLAND,2,67500.0,72220.0
-118.04,34.07,39.0,2451.0,649.0,2536.0,648.0,2.3098,<1H OCEAN,2,173100.0,169607.5
-120.65,37.09,22.0,886.0,173.0,595.0,161.0,2.4398,INLAND,2,150000.0,89775.5
-122.48,37.75,49.0,2203.0,407.0,1052.0,405.0,4.4375,NEAR BAY,3,329200.0,342602.56
-122.74,38.42,42.0,2050.0,434.0,1073.0,416.0,2.375,<1H OCEAN,2,141000.0,153218.5
-118.36,34.26,34.0,3677.0,573.0,1598.0,568.0,6.838,<1H OCEAN,5,378000.0,382464.675
-119.16,36.31,7.0,2946.0,664.0,1608.0,622.0,1.6829,INLAND,2,80200.0,76302.0
-118.3,33.79,9.0,2782.0,884.0,1790.0,748.0,2.9154,<1H OCEAN,2,203300.0,212973.5
-122.09,37.21,15.0,1969.0,332.0,822.0,324.0,7.8774,<1H OCEAN,5,394900.0,423609.13
-119.87,36.78,4.0,6102.0,1114.0,3406.0,1115.0,3.4213,INLAND,3,84500.0,113072.0
-118.41,34.03,26.0,4376.0,1394.0,2435.0,1250.0,2.8418,<1H OCEAN,2,327300.0,301694.505
-117.95,33.74,16.0,2768.0,600.0,1182.0,563.0,3.7162,<1H OCEAN,3,201200.0,197802.0
-122.39,37.76,52.0,157.0,28.0,88.0,27.0,3.675,NEAR BAY,3,162500.0,249170.505
-117.67,33.6,25.0,3164.0,449.0,1517.0,453.0,6.7921,<1H OCEAN,5,266000.0,328343.63
-119.25,34.27,46.0,679.0,159.0,382.0,143.0,3.5,NEAR OCEAN,3,221200.0,224410.515
-118.3,34.26,43.0,1510.0,310.0,809.0,277.0,3.599,<1H OCEAN,3,176500.0,214206.0
-122.27,37.86,52.0,834.0,186.0,494.0,175.0,3.15,NEAR BAY,3,206300.0,198379.0
-118.44,33.98,21.0,18132.0,5419.0,7431.0,4930.0,5.3359,<1H OCEAN,4,500001.0,419333.525
-117.88,34.14,32.0,1764.0,365.0,924.0,329.0,3.875,INLAND,3,186700.0,163113.5
-120.45,34.64,17.0,1226.0,277.0,484.0,224.0,3.2167,NEAR OCEAN,3,112500.0,213108.025
-117.34,34.07,46.0,1851.0,425.0,1100.0,377.0,2.0461,INLAND,2,90500.0,80814.5
-117.93,33.79,36.0,2363.0,403.0,1240.0,391.0,4.0909,<1H OCEAN,3,190800.0,198433.5
-117.55,33.9,21.0,1839.0,324.0,871.0,307.0,3.4459,INLAND,3,198800.0,135283.5
-124.05,40.94,14.0,1452.0,217.0,516.0,181.0,5.0329,NEAR OCEAN,4,165600.0,198291.51
-118.34,33.78,25.0,11016.0,1626.0,4168.0,1584.0,8.1782,NEAR OCEAN,5,500001.0,477923.17
-118.08,33.89,33.0,2131.0,435.0,2045.0,426.0,4.0,<1H OCEAN,3,145700.0,173188.0
-121.3,38.89,45.0,1529.0,317.0,793.0,281.0,2.9866,INLAND,2,91300.0,103767.5
-118.34,33.99,48.0,2225.0,433.0,1170.0,401.0,2.9643,<1H OCEAN,2,140400.0,164758.51
-117.5,34.12,2.0,11965.0,1802.0,4436.0,1296.0,5.285,INLAND,4,191700.0,182289.0
-115.57,32.84,29.0,1207.0,301.0,804.0,288.0,1.9531,INLAND,2,61100.0,62120.0
-117.08,32.59,8.0,2888.0,662.0,2441.0,683.0,2.7048,NEAR OCEAN,2,153000.0,129447.0
-119.65,36.35,38.0,3148.0,568.0,1378.0,537.0,2.8788,INLAND,2,85500.0,72540.0
-121.03,39.14,10.0,3138.0,524.0,1275.0,511.0,4.0775,INLAND,3,164500.0,180930.5
-117.85,34.08,23.0,1160.0,166.0,467.0,178.0,8.105,<1H OCEAN,5,386200.0,389338.36
-122.25,37.85,52.0,1274.0,235.0,558.0,219.0,5.6431,NEAR BAY,4,341300.0,342695.04
-118.61,34.19,28.0,3824.0,749.0,1790.0,701.0,4.1154,<1H OCEAN,3,246400.0,254748.0
-117.7,34.09,25.0,1719.0,331.0,1098.0,324.0,3.625,INLAND,3,121800.0,145784.0
-117.14,32.92,6.0,3069.0,750.0,1541.0,736.0,3.814,<1H OCEAN,3,132500.0,166849.5
-118.27,33.95,34.0,987.0,248.0,902.0,221.0,2.3365,<1H OCEAN,2,98000.0,100099.5
-118.54,34.23,29.0,1753.0,342.0,1318.0,333.0,4.125,<1H OCEAN,3,241400.0,193334.0
-118.2,34.11,52.0,678.0,173.0,791.0,186.0,4.0625,<1H OCEAN,3,171300.0,231787.505
-121.94,38.37,17.0,7973.0,1591.0,2899.0,1502.0,2.8357,INLAND,2,120100.0,132139.5
-118.46,34.07,49.0,2418.0,301.0,850.0,318.0,14.2867,<1H OCEAN,5,500001.0,500001.0
-118.33,33.91,8.0,10731.0,3335.0,7211.0,3028.0,2.455,<1H OCEAN,2,192700.0,183389.5
-122.2,37.47,37.0,1403.0,369.0,1587.0,331.0,2.8258,NEAR BAY,2,232800.0,196208.0
-122.69,38.35,16.0,1689.0,254.0,921.0,270.0,4.4444,<1H OCEAN,3,191800.0,247986.5
-121.82,37.37,40.0,802.0,149.0,445.0,143.0,4.0446,<1H OCEAN,3,196300.0,219617.0
-118.2,34.14,52.0,3800.0,646.0,1842.0,620.0,5.5524,<1H OCEAN,4,293900.0,332171.075
-122.18,37.75,43.0,1036.0,233.0,652.0,213.0,2.069,NEAR BAY,2,84600.0,88899.0
-118.43,34.07,38.0,3251.0,656.0,1251.0,593.0,7.7382,<1H OCEAN,5,500001.0,473121.615
-118.47,34.14,34.0,3646.0,610.0,1390.0,607.0,7.629,<1H OCEAN,5,500001.0,447889.9
-122.24,38.11,52.0,2050.0,492.0,1277.0,463.0,3.0507,NEAR BAY,3,107300.0,149613.5
-122.73,38.42,26.0,1446.0,296.0,884.0,295.0,4.3523,<1H OCEAN,3,150000.0,249837.0
-121.92,37.34,35.0,357.0,120.0,377.0,99.0,3.0139,<1H OCEAN,3,204200.0,204817.505
-119.89,34.44,25.0,2786.0,470.0,1669.0,462.0,5.5184,NEAR OCEAN,4,268300.0,283063.0
-117.04,34.02,24.0,4663.0,1213.0,1851.0,1116.0,1.4418,INLAND,1,103500.0,97680.5
-118.21,33.98,35.0,1705.0,562.0,2212.0,539.0,2.325,<1H OCEAN,2,161500.0,156065.5
-118.22,34.63,4.0,14348.0,2145.0,5839.0,1806.0,5.3799,INLAND,4,222400.0,210088.5
-117.9,33.82,32.0,1187.0,302.0,1003.0,275.0,2.4931,<1H OCEAN,2,166900.0,168624.5
-117.84,33.78,26.0,2577.0,434.0,1086.0,432.0,4.6125,<1H OCEAN,4,229200.0,222824.5
-118.45,34.24,7.0,3299.0,794.0,2343.0,647.0,3.0865,<1H OCEAN,3,205900.0,240077.5
-119.03,36.13,24.0,2259.0,408.0,1169.0,395.0,1.7106,INLAND,2,95500.0,58983.0
-118.21,33.82,43.0,1005.0,199.0,723.0,191.0,4.3424,NEAR OCEAN,3,162500.0,165610.0
-118.12,33.79,41.0,1762.0,314.0,738.0,300.0,4.1687,<1H OCEAN,3,240700.0,243490.5
-120.04,36.79,48.0,1341.0,239.0,671.0,208.0,2.7917,INLAND,2,82800.0,80762.5
-116.57,33.84,18.0,7962.0,1652.0,2009.0,921.0,3.3897,INLAND,3,230200.0,146622.5
-118.26,34.07,52.0,1802.0,613.0,2382.0,587.0,1.8438,<1H OCEAN,2,185900.0,200198.0
-118.31,34.02,44.0,1555.0,324.0,931.0,265.0,1.4712,<1H OCEAN,1,105800.0,125990.0
-122.26,37.84,49.0,713.0,202.0,462.0,189.0,1.025,NEAR BAY,1,118800.0,135307.5
-122.31,38.27,34.0,1748.0,284.0,783.0,303.0,4.3585,NEAR BAY,3,194400.0,189658.0
-122.73,38.37,40.0,1389.0,309.0,841.0,288.0,3.1094,<1H OCEAN,3,183300.0,167357.5
-122.07,37.91,33.0,1550.0,277.0,638.0,254.0,3.6833,NEAR BAY,3,292500.0,195211.5
-118.21,34.09,39.0,1561.0,445.0,1780.0,391.0,2.4632,<1H OCEAN,2,144200.0,146977.5
-118.48,34.04,40.0,1395.0,285.0,610.0,262.0,3.9659,<1H OCEAN,3,500001.0,403681.72
-118.29,33.97,48.0,3139.0,587.0,1319.0,506.0,3.5208,<1H OCEAN,3,134200.0,164794.5
-119.74,36.76,36.0,912.0,216.0,842.0,219.0,1.4766,INLAND,1,52800.0,53290.5
-118.0,33.89,35.0,1011.0,183.0,578.0,171.0,3.9861,<1H OCEAN,3,188700.0,190688.0
-117.64,33.66,6.0,5221.0,1217.0,2597.0,1119.0,4.6076,<1H OCEAN,4,204000.0,201568.015
-122.08,37.64,23.0,1897.0,440.0,1109.0,418.0,3.142,NEAR BAY,3,179500.0,175427.5
-121.42,38.55,35.0,182.0,39.0,115.0,43.0,2.6417,INLAND,2,98900.0,91964.0
-118.31,33.82,35.0,3462.0,814.0,1902.0,700.0,3.402,<1H OCEAN,3,279900.0,261233.5
-122.09,37.39,43.0,2065.0,535.0,1029.0,500.0,3.7318,NEAR BAY,3,327700.0,274214.0
-118.12,34.09,25.0,3603.0,1003.0,2719.0,913.0,2.6981,<1H OCEAN,2,208000.0,201640.5
-122.16,38.05,34.0,2434.0,428.0,926.0,423.0,4.6776,NEAR BAY,4,208300.0,193016.5
-122.65,38.92,30.0,70.0,38.0,20.0,13.0,4.125,INLAND,3,112500.0,138434.5
-117.06,32.81,17.0,3939.0,550.0,1694.0,553.0,6.7927,<1H OCEAN,5,234700.0,300179.01
-116.76,32.74,14.0,4085.0,751.0,2129.0,688.0,4.7367,<1H OCEAN,4,214500.0,188910.5
-118.6,34.16,32.0,3999.0,667.0,1628.0,631.0,6.0794,<1H OCEAN,5,338500.0,375668.085
-122.21,37.46,40.0,1777.0,207.0,577.0,207.0,15.0001,NEAR OCEAN,5,500001.0,500001.0
-117.64,33.45,27.0,334.0,56.0,130.0,46.0,4.875,NEAR OCEAN,4,284100.0,211080.065
-122.56,37.91,52.0,1972.0,327.0,755.0,345.0,7.1924,NEAR BAY,5,500001.0,451567.03
-118.39,34.2,19.0,2012.0,732.0,3483.0,731.0,2.2234,<1H OCEAN,2,181300.0,186455.0
-122.04,38.25,52.0,582.0,131.0,241.0,106.0,2.4,INLAND,2,125000.0,114120.5
-118.43,34.01,27.0,3133.0,1021.0,2242.0,1002.0,2.697,<1H OCEAN,2,412500.0,311155.52
-119.71,36.82,12.0,2144.0,568.0,1320.0,566.0,2.3381,INLAND,2,112500.0,76679.0
-121.64,40.9,24.0,2237.0,434.0,834.0,318.0,1.7538,INLAND,2,90300.0,64697.5
-123.37,39.43,32.0,2780.0,470.0,1281.0,479.0,3.588,<1H OCEAN,3,96000.0,119354.5
-122.26,37.83,50.0,1125.0,322.0,616.0,304.0,2.026,NEAR BAY,2,142500.0,135860.5
-118.76,34.28,21.0,2786.0,342.0,1114.0,322.0,5.8578,<1H OCEAN,4,266300.0,267946.52
-118.32,34.04,39.0,1294.0,330.0,1140.0,313.0,2.2554,<1H OCEAN,2,165000.0,155762.0
-117.64,34.08,35.0,1254.0,241.0,729.0,253.0,3.495,INLAND,3,118000.0,137495.0
-118.29,33.91,41.0,2475.0,532.0,1416.0,470.0,3.8372,<1H OCEAN,3,156400.0,174371.5
-122.46,37.73,52.0,3547.0,506.0,1276.0,491.0,8.0069,NEAR BAY,5,426800.0,490612.865
-122.15,37.46,30.0,4198.0,1244.0,2678.0,1147.0,3.6712,NEAR BAY,3,308600.0,298469.01
-121.21,38.76,16.0,1608.0,296.0,792.0,286.0,3.1583,INLAND,3,239200.0,130653.5
-119.75,36.83,15.0,2793.0,436.0,1411.0,441.0,4.9292,INLAND,4,109400.0,125633.5
-117.32,34.14,32.0,1691.0,353.0,1457.0,329.0,1.8438,INLAND,2,66600.0,75527.0
-117.71,33.47,14.0,3894.0,672.0,1490.0,629.0,6.5206,<1H OCEAN,5,368500.0,354383.735
-121.98,37.33,30.0,2645.0,462.0,1506.0,480.0,6.3716,<1H OCEAN,5,330500.0,343190.51
-122.41,37.61,46.0,2975.0,643.0,1479.0,577.0,3.8214,NEAR OCEAN,3,273600.0,297611.005
-118.33,33.77,33.0,4244.0,595.0,1534.0,557.0,9.8214,NEAR OCEAN,5,500001.0,499268.99
-121.88,36.96,18.0,6355.0,1100.0,2304.0,972.0,6.0281,NEAR OCEAN,5,321100.0,339343.025
-122.67,38.45,24.0,2622.0,525.0,1027.0,510.0,2.9222,<1H OCEAN,2,242600.0,181172.5
-119.25,34.28,36.0,1530.0,341.0,703.0,317.0,3.5819,NEAR OCEAN,3,231900.0,230012.5
-120.42,34.96,31.0,3518.0,608.0,1386.0,572.0,3.6212,<1H OCEAN,3,151400.0,202170.0
-116.94,32.89,24.0,2541.0,381.0,1078.0,372.0,5.2542,<1H OCEAN,4,227800.0,172457.5
-118.09,33.75,32.0,6239.0,974.0,2615.0,950.0,6.6188,NEAR OCEAN,5,380000.0,431687.22
-119.06,35.36,9.0,1228.0,234.0,409.0,212.0,4.3482,INLAND,3,95200.0,108170.5
-117.96,33.76,22.0,2520.0,556.0,2126.0,527.0,3.7734,<1H OCEAN,3,193900.0,183289.5
-121.62,37.09,37.0,1593.0,303.0,1030.0,287.0,3.9306,<1H OCEAN,3,260700.0,235158.0
-118.12,33.99,26.0,2296.0,534.0,1777.0,507.0,2.5395,<1H OCEAN,2,191000.0,170558.5
-117.31,34.11,52.0,851.0,190.0,731.0,190.0,1.9044,INLAND,2,64900.0,72487.5
-117.06,32.61,34.0,4325.0,1015.0,2609.0,979.0,2.8489,NEAR OCEAN,2,128300.0,141197.5
-118.33,33.96,24.0,6513.0,1290.0,2636.0,1271.0,4.2099,<1H OCEAN,3,189800.0,191226.5
-118.46,34.29,24.0,3668.0,890.0,3151.0,810.0,3.0526,<1H OCEAN,3,183300.0,178478.5
-121.25,39.17,9.0,999.0,189.0,411.0,176.0,2.125,INLAND,2,151800.0,103470.0
-117.24,33.34,17.0,2866.0,442.0,1354.0,431.0,4.5764,<1H OCEAN,4,257300.0,201694.5
-117.9,36.95,19.0,99.0,26.0,51.0,22.0,1.7292,INLAND,2,137500.0,94680.46
-121.02,37.66,28.0,1437.0,400.0,806.0,338.0,1.6078,INLAND,2,125000.0,86656.5
-122.07,37.68,36.0,1815.0,426.0,1280.0,431.0,3.25,NEAR BAY,3,218100.0,180097.5
-122.07,37.63,35.0,1931.0,376.0,1175.0,337.0,3.7292,NEAR BAY,3,168100.0,171870.5
-118.99,37.63,10.0,7744.0,1573.0,483.0,224.0,3.2917,INLAND,3,231800.0,176287.0
-119.19,35.41,12.0,2835.0,471.0,1399.0,413.0,4.4125,INLAND,3,149000.0,100030.5
-117.91,33.79,22.0,4417.0,1054.0,2759.0,983.0,4.25,<1H OCEAN,3,170300.0,202970.5
-121.92,37.34,52.0,2584.0,491.0,1087.0,433.0,4.4,<1H OCEAN,3,391300.0,247808.51
-118.37,34.16,40.0,1973.0,382.0,774.0,352.0,4.4122,<1H OCEAN,3,282300.0,314200.525
-117.25,32.86,27.0,2530.0,469.0,594.0,326.0,7.2821,NEAR OCEAN,5,500001.0,440785.835
-118.2,34.04,18.0,796.0,227.0,547.0,218.0,1.0333,<1H OCEAN,1,135400.0,150151.505
-122.49,37.78,42.0,2723.0,579.0,1419.0,519.0,3.6429,NEAR BAY,3,328400.0,344611.525
-118.29,34.05,11.0,677.0,370.0,1143.0,341.0,2.3864,<1H OCEAN,2,350000.0,187660.51
-117.93,33.78,28.0,4380.0,820.0,2187.0,835.0,3.9018,<1H OCEAN,3,182300.0,202248.5
-118.32,33.75,37.0,1080.0,135.0,366.0,142.0,11.6677,NEAR OCEAN,5,500001.0,499916.495
-118.13,34.02,41.0,734.0,190.0,565.0,191.0,2.2813,<1H OCEAN,2,192000.0,171433.5
-118.22,34.12,37.0,1298.0,242.0,750.0,255.0,5.2049,<1H OCEAN,4,240800.0,301386.52
-118.28,34.09,38.0,790.0,275.0,664.0,194.0,3.0357,<1H OCEAN,3,175000.0,213299.0
-118.26,34.02,40.0,1259.0,362.0,1499.0,327.0,1.8382,<1H OCEAN,2,126400.0,120022.0
-117.06,32.75,34.0,2516.0,611.0,1317.0,594.0,2.2308,NEAR OCEAN,2,125900.0,127958.5
-117.94,33.86,36.0,2824.0,493.0,1394.0,507.0,4.6477,<1H OCEAN,4,194700.0,198267.5
-122.13,37.73,33.0,1996.0,268.0,686.0,270.0,6.9096,NEAR BAY,5,341800.0,362416.63
-116.93,32.87,17.0,3722.0,670.0,1561.0,604.0,3.6027,<1H OCEAN,3,211900.0,167707.5
-116.14,34.45,12.0,8796.0,1721.0,11139.0,1680.0,2.2612,INLAND,2,137500.0,87121.5
-117.25,32.8,37.0,1096.0,260.0,490.0,267.0,3.2663,NEAR OCEAN,3,270600.0,284299.57
-117.2,32.82,35.0,2772.0,537.0,1392.0,521.0,3.337,NEAR OCEAN,3,172300.0,204649.505
-117.21,32.75,27.0,2072.0,534.0,1118.0,510.0,2.8043,NEAR OCEAN,2,262100.0,202160.0
-118.2,33.85,33.0,2557.0,731.0,2286.0,700.0,2.3041,<1H OCEAN,2,149100.0,163518.0
-118.39,34.0,35.0,1465.0,386.0,1104.0,345.0,4.056,<1H OCEAN,3,339100.0,299542.01
-118.33,33.86,38.0,1059.0,218.0,561.0,205.0,4.0,<1H OCEAN,3,248600.0,266610.5
-121.42,37.75,33.0,1329.0,266.0,683.0,233.0,4.3687,INLAND,3,128700.0,175254.0
-118.06,33.83,21.0,3941.0,655.0,1897.0,670.0,4.88,<1H OCEAN,4,343900.0,220664.0
-118.2,33.78,46.0,1889.0,651.0,1545.0,587.0,1.7064,NEAR OCEAN,2,175000.0,151368.0
-118.47,34.0,38.0,1235.0,390.0,891.0,376.0,2.7143,<1H OCEAN,2,287500.0,329087.61
-120.61,35.1,17.0,2799.0,637.0,2015.0,592.0,3.0536,<1H OCEAN,3,143600.0,163462.0
-118.32,33.81,28.0,2142.0,445.0,1140.0,422.0,4.8438,<1H OCEAN,4,346200.0,342862.5
-118.13,33.82,44.0,1619.0,280.0,815.0,284.0,5.5449,<1H OCEAN,4,232200.0,282706.575
-117.11,33.12,46.0,52.0,13.0,59.0,13.0,3.875,<1H OCEAN,3,200000.0,176821.505
-117.07,33.0,4.0,9153.0,1866.0,3775.0,1698.0,4.955,<1H OCEAN,4,241500.0,244811.5
-121.47,38.61,35.0,1372.0,360.0,850.0,328.0,1.6331,INLAND,2,67500.0,71728.5
-121.0,39.23,15.0,2809.0,450.0,1267.0,408.0,4.0426,INLAND,3,191700.0,167825.0
-122.7,38.44,45.0,883.0,202.0,401.0,194.0,3.2845,<1H OCEAN,3,178300.0,173709.5
-122.02,38.0,28.0,2965.0,533.0,1591.0,472.0,4.6375,NEAR BAY,4,178200.0,180915.0
-117.37,34.13,18.0,5877.0,1043.0,3114.0,1002.0,4.0294,INLAND,3,133200.0,122111.0
-117.95,34.16,17.0,7116.0,1089.0,3538.0,1083.0,6.2654,INLAND,5,273800.0,269261.0
-121.09,38.03,21.0,2064.0,342.0,1021.0,359.0,4.517,INLAND,4,152200.0,166648.5
-121.98,38.29,4.0,8778.0,1291.0,4010.0,1188.0,5.4399,INLAND,4,187100.0,220118.0
-117.86,33.75,13.0,1632.0,598.0,3356.0,659.0,1.5054,<1H OCEAN,2,137500.0,163599.515
-117.67,34.06,26.0,1592.0,429.0,1182.0,365.0,2.4583,INLAND,2,110400.0,139100.0
-118.31,34.09,30.0,3165.0,1263.0,3678.0,1141.0,2.0,<1H OCEAN,2,240600.0,255868.535
-118.19,33.78,29.0,1013.0,392.0,1083.0,316.0,1.8438,NEAR OCEAN,2,162500.0,148766.515
-121.28,38.75,52.0,493.0,89.0,189.0,94.0,2.108,INLAND,2,83800.0,111808.5
-118.05,33.86,16.0,2851.0,626.0,1985.0,603.0,5.4089,<1H OCEAN,4,265600.0,263816.0
-118.02,33.77,33.0,2683.0,436.0,1520.0,456.0,5.0091,<1H OCEAN,4,211500.0,230471.0
-117.2,34.04,24.0,1587.0,222.0,676.0,234.0,6.0715,INLAND,5,173400.0,174798.505
-118.48,34.03,19.0,902.0,284.0,414.0,272.0,1.3333,<1H OCEAN,1,310000.0,304656.68
-118.95,35.41,21.0,3999.0,727.0,1889.0,688.0,3.875,INLAND,3,99500.0,96142.0
-117.95,33.76,24.0,3956.0,812.0,3196.0,795.0,4.3512,<1H OCEAN,3,191400.0,199163.5
-118.07,33.87,28.0,2399.0,436.0,1613.0,429.0,3.6339,<1H OCEAN,3,220100.0,189066.0
-118.07,34.0,37.0,2976.0,636.0,2117.0,598.0,4.1058,<1H OCEAN,3,167300.0,192970.5
-119.4,36.53,28.0,2201.0,429.0,1524.0,412.0,2.75,INLAND,2,65000.0,71708.0
-117.07,32.72,18.0,1758.0,286.0,987.0,277.0,4.6875,NEAR OCEAN,4,141800.0,156150.5
-118.53,34.16,32.0,3554.0,762.0,1623.0,750.0,3.6141,<1H OCEAN,3,290600.0,335227.595
-122.47,37.5,25.0,950.0,259.0,404.0,195.0,3.1937,NEAR OCEAN,3,319200.0,350469.03
-122.0,38.36,34.0,2735.0,539.0,1390.0,491.0,2.7262,INLAND,2,118800.0,109110.0
-118.23,34.21,32.0,1464.0,406.0,693.0,380.0,2.5463,<1H OCEAN,2,200000.0,197211.005
-118.24,34.14,20.0,3196.0,994.0,2929.0,983.0,3.0206,<1H OCEAN,3,219500.0,211122.0
-120.11,34.66,18.0,1348.0,238.0,631.0,247.0,5.3154,NEAR OCEAN,4,289400.0,336498.525
-118.3,34.0,52.0,1686.0,377.0,982.0,356.0,2.0958,<1H OCEAN,2,116400.0,123374.0
-118.17,33.91,37.0,1499.0,288.0,1237.0,344.0,3.9333,<1H OCEAN,3,162300.0,155954.0
-121.37,38.61,39.0,823.0,146.0,329.0,144.0,3.0833,INLAND,3,114100.0,122014.5
-119.73,36.76,30.0,1548.0,282.0,886.0,311.0,3.1,INLAND,3,71300.0,77606.5
-118.14,33.92,35.0,2378.0,559.0,1799.0,546.0,3.9327,<1H OCEAN,3,190500.0,202586.0
-122.15,37.69,36.0,1501.0,287.0,703.0,276.0,3.8864,NEAR BAY,3,197300.0,190210.0
-121.52,39.51,30.0,3085.0,610.0,1688.0,575.0,2.334,INLAND,2,72200.0,68366.5
-118.32,33.98,46.0,1611.0,339.0,921.0,314.0,3.0833,<1H OCEAN,3,103300.0,150900.005
-124.05,40.85,31.0,2414.0,428.0,1005.0,401.0,3.5156,NEAR OCEAN,3,143000.0,98528.0
-117.27,33.15,4.0,23915.0,4135.0,10877.0,3958.0,4.6357,NEAR OCEAN,4,244900.0,240729.01
-118.32,33.77,37.0,627.0,95.0,259.0,106.0,6.887,<1H OCEAN,5,500001.0,353432.715
-118.23,33.98,25.0,986.0,310.0,1439.0,251.0,2.39,<1H OCEAN,2,183300.0,117418.0
-120.64,34.97,5.0,2090.0,469.0,1911.0,482.0,2.4318,NEAR OCEAN,2,86100.0,168416.51
-122.29,37.88,52.0,2159.0,424.0,824.0,388.0,3.8897,NEAR BAY,3,218400.0,224269.0
-118.27,34.0,43.0,1638.0,434.0,1213.0,390.0,1.3403,<1H OCEAN,1,110800.0,101152.0
-117.89,33.99,22.0,3272.0,618.0,1784.0,591.0,4.0324,<1H OCEAN,3,211300.0,193179.5
-118.04,33.76,16.0,2070.0,263.0,878.0,297.0,7.0879,<1H OCEAN,5,338800.0,324229.525
-121.03,39.21,28.0,2843.0,535.0,1310.0,525.0,3.2337,INLAND,3,123100.0,151480.0
-120.79,37.82,17.0,4227.0,729.0,1809.0,679.0,3.2667,INLAND,3,269500.0,128638.0
-118.47,33.99,34.0,1875.0,501.0,1491.0,526.0,2.8417,<1H OCEAN,2,321400.0,333385.575
-117.98,35.13,5.0,4849.0,920.0,2504.0,847.0,3.5391,INLAND,3,81900.0,111410.5
-118.46,34.07,42.0,2564.0,460.0,913.0,414.0,9.2225,<1H OCEAN,5,500001.0,499307.985
-118.27,34.1,50.0,2113.0,398.0,793.0,418.0,4.7132,<1H OCEAN,4,304600.0,309844.56
-121.5,38.34,36.0,1212.0,255.0,569.0,256.0,2.0048,INLAND,2,72900.0,102349.0
-118.19,33.98,40.0,973.0,272.0,1257.0,258.0,2.8214,<1H OCEAN,2,158000.0,159582.0
-121.25,37.95,46.0,2001.0,428.0,1384.0,401.0,1.9402,INLAND,2,62200.0,67013.5
-120.17,39.33,10.0,614.0,141.0,195.0,95.0,0.9283,INLAND,1,116300.0,105519.5
-117.4,33.9,32.0,1263.0,178.0,508.0,180.0,3.6667,INLAND,3,314100.0,112594.5
-117.92,33.98,10.0,16414.0,2919.0,8907.0,2714.0,6.1552,<1H OCEAN,5,362500.0,304684.53
-117.26,32.85,30.0,3652.0,499.0,978.0,462.0,8.2374,NEAR OCEAN,5,500001.0,429876.41
-122.19,37.76,45.0,995.0,238.0,630.0,237.0,1.925,NEAR BAY,2,74100.0,84425.0
-118.17,34.04,39.0,563.0,138.0,682.0,137.0,2.75,<1H OCEAN,2,150000.0,128696.5
-122.44,37.73,52.0,2381.0,492.0,1485.0,447.0,4.3898,NEAR BAY,3,270000.0,278515.0
-121.21,37.8,44.0,300.0,72.0,160.0,73.0,2.1786,INLAND,2,120800.0,109725.5
-122.05,37.97,16.0,60.0,10.0,65.0,19.0,6.1359,NEAR BAY,5,250000.0,265320.505
-124.18,40.78,33.0,1076.0,222.0,656.0,236.0,2.5096,NEAR OCEAN,2,72200.0,76018.5
-122.06,37.39,26.0,18.0,4.0,8.0,4.0,3.75,NEAR BAY,3,375000.0,183303.54
-122.12,37.09,36.0,1397.0,289.0,661.0,243.0,4.125,NEAR OCEAN,3,239600.0,246322.5
-117.7,33.56,3.0,2443.0,637.0,1033.0,548.0,4.1379,<1H OCEAN,3,183300.0,247328.525
-118.08,33.97,35.0,825.0,155.0,590.0,144.0,4.6333,<1H OCEAN,4,161200.0,187341.5
-122.45,37.71,34.0,3131.0,669.0,2204.0,600.0,3.5536,NEAR OCEAN,3,251000.0,259858.0
-118.91,35.24,29.0,2888.0,753.0,2949.0,699.0,1.7716,INLAND,2,45500.0,62393.0
-122.41,37.75,52.0,2164.0,606.0,2034.0,513.0,2.0325,NEAR BAY,2,178100.0,238546.0
-122.33,38.31,14.0,6778.0,947.0,2768.0,1014.0,6.1953,NEAR BAY,5,258900.0,306866.015
-122.16,37.77,39.0,1583.0,349.0,857.0,316.0,3.0958,NEAR BAY,3,145800.0,145540.5
-121.32,39.43,18.0,1860.0,409.0,741.0,349.0,1.8672,INLAND,2,84700.0,84100.5
-117.99,33.71,17.0,1600.0,458.0,1803.0,432.0,2.7865,<1H OCEAN,2,216700.0,183861.5
-121.4,38.63,30.0,3626.0,834.0,1577.0,806.0,2.517,INLAND,2,130400.0,116270.0
-122.0,38.35,24.0,745.0,116.0,300.0,115.0,3.6176,INLAND,3,158500.0,140661.5
-121.33,38.7,15.0,2226.0,421.0,1004.0,417.0,2.7868,INLAND,2,117800.0,127871.5
-118.74,34.27,23.0,2493.0,522.0,1488.0,505.0,4.18,<1H OCEAN,3,215000.0,209098.015
-121.99,37.55,28.0,2414.0,415.0,1106.0,453.0,4.8403,<1H OCEAN,4,268600.0,220735.5
-119.63,36.18,23.0,207.0,45.0,171.0,50.0,2.4286,INLAND,2,100000.0,118931.5
-118.02,33.98,23.0,1995.0,306.0,707.0,293.0,8.6677,<1H OCEAN,5,332700.0,413113.775
-117.9,33.98,20.0,9893.0,2283.0,7228.0,2159.0,3.253,<1H OCEAN,3,186700.0,195816.0
-119.77,36.73,44.0,1960.0,393.0,1286.0,381.0,2.1518,INLAND,2,53000.0,61093.0
-122.3,37.97,35.0,1811.0,377.0,911.0,340.0,3.375,NEAR BAY,3,149700.0,155168.5
-118.45,34.0,43.0,1606.0,408.0,862.0,354.0,3.962,<1H OCEAN,3,345800.0,345032.075
-121.32,38.69,11.0,13796.0,2372.0,6000.0,2250.0,3.8776,INLAND,3,124500.0,128986.0
-121.88,37.64,20.0,1309.0,184.0,514.0,172.0,10.9506,INLAND,5,475800.0,437018.435
-122.46,37.75,52.0,1590.0,236.0,622.0,232.0,5.8151,NEAR BAY,4,500001.0,385017.705
-122.13,37.39,27.0,3385.0,427.0,1248.0,409.0,12.0372,NEAR BAY,5,500001.0,500001.0
-117.86,33.74,32.0,691.0,151.0,926.0,148.0,4.125,<1H OCEAN,3,175900.0,164974.5
-122.17,37.73,52.0,1555.0,289.0,620.0,292.0,3.7159,NEAR BAY,3,183300.0,211878.5
-117.89,33.66,32.0,2736.0,550.0,1279.0,534.0,5.5422,<1H OCEAN,4,253100.0,325844.7
-117.73,34.09,36.0,1543.0,297.0,1355.0,303.0,3.5313,INLAND,3,117800.0,137643.0
-117.16,33.92,12.0,3236.0,502.0,1610.0,502.0,4.7568,INLAND,4,143500.0,148011.0
-122.44,37.77,52.0,3225.0,667.0,1494.0,619.0,4.4875,NEAR BAY,3,500001.0,455413.105
-121.46,39.54,14.0,5549.0,1000.0,1822.0,919.0,2.9562,INLAND,2,142300.0,104627.0
-118.21,33.93,36.0,1337.0,382.0,1769.0,393.0,2.6953,<1H OCEAN,2,121000.0,131139.0
-122.53,37.97,37.0,1340.0,322.0,621.0,314.0,3.5588,NEAR BAY,3,268800.0,290788.02
-122.1,37.72,30.0,2599.0,366.0,922.0,350.0,5.8382,NEAR BAY,4,330200.0,308091.01
-118.2,34.05,50.0,1407.0,401.0,1526.0,385.0,2.29,<1H OCEAN,2,121800.0,140907.0
-118.03,34.11,38.0,2076.0,361.0,988.0,332.0,5.9175,INLAND,4,416900.0,380876.015
-117.88,33.83,25.0,1785.0,248.0,750.0,251.0,6.8407,<1H OCEAN,5,266700.0,303850.515
-118.1,34.02,37.0,1022.0,232.0,653.0,238.0,3.0625,<1H OCEAN,3,189400.0,174774.0
-118.54,34.17,34.0,2458.0,433.0,1034.0,373.0,5.6738,<1H OCEAN,4,443600.0,316190.53
-118.09,33.96,20.0,1911.0,472.0,1407.0,465.0,2.7647,<1H OCEAN,2,163000.0,168811.0
-117.99,34.0,26.0,2988.0,397.0,1371.0,415.0,6.6988,<1H OCEAN,5,382500.0,317382.02
-117.07,32.6,13.0,1607.0,435.0,983.0,400.0,2.2903,NEAR OCEAN,2,106300.0,126930.5
-121.67,40.89,17.0,2548.0,537.0,1118.0,461.0,2.267,INLAND,2,57800.0,78605.5
-121.18,41.31,22.0,2124.0,432.0,829.0,313.0,2.4519,INLAND,2,57500.0,75656.0
-117.23,32.79,23.0,2578.0,665.0,989.0,622.0,3.5484,NEAR OCEAN,3,238000.0,265596.52
-118.11,33.84,36.0,1523.0,263.0,717.0,278.0,4.875,<1H OCEAN,4,218900.0,221551.5
-118.32,33.98,49.0,1412.0,333.0,901.0,328.0,1.7067,<1H OCEAN,2,118600.0,112209.0
-118.13,34.18,52.0,1464.0,211.0,603.0,226.0,5.8309,INLAND,4,309100.0,287212.505
-122.02,37.59,18.0,1165.0,333.0,855.0,319.0,3.6923,NEAR BAY,3,213200.0,189211.0
-117.98,33.78,22.0,4255.0,971.0,2901.0,920.0,3.2636,<1H OCEAN,3,180200.0,186426.5
-118.47,34.01,44.0,2175.0,475.0,1019.0,448.0,4.793,<1H OCEAN,4,470800.0,415082.165
-117.02,33.6,7.0,1972.0,352.0,964.0,317.0,3.244,INLAND,3,337200.0,138779.5
-117.35,34.01,23.0,3707.0,769.0,1938.0,658.0,2.725,INLAND,2,95300.0,105352.5
-121.89,38.01,28.0,3639.0,751.0,2362.0,641.0,3.0042,INLAND,3,103900.0,121308.5
-119.04,34.28,21.0,1856.0,276.0,863.0,255.0,4.5833,<1H OCEAN,4,500001.0,217391.51
-117.17,32.73,52.0,1578.0,487.0,879.0,446.0,2.4069,NEAR OCEAN,2,215000.0,225394.5
-118.45,34.32,23.0,3481.0,641.0,1952.0,682.0,4.26,<1H OCEAN,3,189400.0,190972.0
-118.34,34.04,42.0,1681.0,360.0,987.0,337.0,2.6,<1H OCEAN,2,171400.0,162676.0
-122.47,37.75,51.0,2413.0,431.0,1095.0,437.0,4.0089,NEAR BAY,3,357000.0,331058.52
-122.14,37.67,36.0,1487.0,249.0,641.0,243.0,4.0682,NEAR BAY,3,196200.0,188810.5
-118.25,33.99,42.0,2261.0,574.0,2496.0,527.0,1.5556,<1H OCEAN,2,98500.0,99153.5
-118.59,34.21,26.0,2335.0,669.0,1986.0,645.0,2.9974,<1H OCEAN,2,178800.0,205046.5
-117.9,33.91,26.0,2885.0,476.0,1227.0,439.0,4.9524,<1H OCEAN,4,226600.0,237295.505
-118.14,33.87,21.0,6618.0,1773.0,4396.0,1649.0,3.0989,<1H OCEAN,3,171400.0,192871.5
-122.27,37.88,52.0,2803.0,930.0,1372.0,876.0,2.1907,NEAR BAY,2,271400.0,240988.505
-121.53,38.5,17.0,3087.0,477.0,1365.0,495.0,6.4667,INLAND,5,216800.0,262739.005
-122.68,38.76,29.0,994.0,226.0,302.0,117.0,2.3125,INLAND,2,67900.0,107265.0
-117.44,33.99,12.0,9966.0,1517.0,5008.0,1492.0,4.5625,INLAND,4,171300.0,149604.5
-118.35,34.03,44.0,865.0,208.0,537.0,183.0,1.9,<1H OCEAN,2,110900.0,174512.005
-118.51,34.26,29.0,2472.0,354.0,1109.0,397.0,5.5433,<1H OCEAN,4,332500.0,243231.005
-117.13,32.75,28.0,2279.0,671.0,1166.0,623.0,1.95,NEAR OCEAN,2,150000.0,129987.5
-122.0,38.38,16.0,2509.0,366.0,1043.0,339.0,6.0704,INLAND,5,173400.0,188257.0
-122.04,36.97,40.0,1193.0,227.0,570.0,204.0,4.4659,NEAR OCEAN,3,237500.0,276732.52
-119.02,35.33,35.0,2053.0,412.0,1193.0,387.0,2.75,INLAND,2,65800.0,67771.5
-118.45,34.31,28.0,1532.0,287.0,977.0,275.0,4.4773,<1H OCEAN,3,173100.0,192758.505
-122.49,37.75,48.0,2387.0,424.0,1041.0,408.0,3.7562,NEAR OCEAN,3,321200.0,319311.505
-121.91,37.3,31.0,616.0,131.0,185.0,107.0,3.625,<1H OCEAN,3,265000.0,266192.505
-121.41,39.72,17.0,1583.0,331.0,730.0,306.0,2.3895,INLAND,2,87500.0,92302.5
-118.46,34.26,33.0,1358.0,247.0,738.0,235.0,5.0947,<1H OCEAN,4,210300.0,216314.5
-121.96,37.34,37.0,663.0,127.0,293.0,132.0,3.7813,<1H OCEAN,3,247800.0,252409.5
-118.19,34.16,49.0,1788.0,267.0,735.0,266.0,6.6009,<1H OCEAN,5,375700.0,425886.31
-120.37,38.25,13.0,4495.0,856.0,1149.0,459.0,2.5352,INLAND,2,113700.0,126395.0
-122.23,37.42,16.0,1945.0,320.0,512.0,300.0,7.4542,NEAR OCEAN,5,500001.0,420262.46
-118.99,35.35,32.0,1293.0,317.0,1109.0,286.0,1.1786,INLAND,1,45600.0,51691.5
-120.48,37.32,13.0,3641.0,897.0,1737.0,788.0,2.1418,INLAND,2,130600.0,92205.5
-118.15,33.78,12.0,4436.0,1133.0,2176.0,1002.0,3.5812,NEAR OCEAN,3,198600.0,269605.025
-118.49,34.03,31.0,4949.0,1293.0,1985.0,1244.0,4.252,<1H OCEAN,3,436700.0,463197.285
-121.46,38.65,14.0,3167.0,551.0,1787.0,533.0,3.8125,INLAND,3,92600.0,132960.5
-122.26,37.83,51.0,936.0,311.0,517.0,249.0,1.2852,NEAR BAY,1,150000.0,128235.5
-118.36,33.81,26.0,1575.0,300.0,881.0,309.0,5.1778,<1H OCEAN,4,359900.0,340231.515
-117.25,32.83,17.0,2075.0,262.0,704.0,241.0,10.9529,NEAR OCEAN,5,500001.0,490936.76
-119.81,37.67,24.0,172.0,42.0,79.0,30.0,3.8333,INLAND,3,93800.0,193544.5
-121.59,38.69,32.0,541.0,82.0,229.0,98.0,8.0379,INLAND,5,383300.0,366924.06
-121.29,38.36,17.0,2193.0,386.0,1148.0,372.0,4.5272,INLAND,4,191700.0,146945.5
-121.91,37.26,25.0,4258.0,719.0,2290.0,743.0,5.1461,<1H OCEAN,4,267200.0,270034.505
-120.56,35.07,14.0,6788.0,1216.0,2866.0,1036.0,3.3603,<1H OCEAN,3,280200.0,212189.5
-119.75,36.73,39.0,2290.0,539.0,1685.0,536.0,1.6325,INLAND,2,52100.0,54142.0
-121.58,39.76,19.0,2487.0,485.0,1110.0,453.0,3.1061,INLAND,3,110200.0,103987.5
-119.69,36.86,20.0,1676.0,263.0,786.0,240.0,4.0,INLAND,3,164600.0,112197.5
-122.56,38.03,34.0,1887.0,290.0,815.0,283.0,6.5249,NEAR BAY,5,324800.0,389919.11
-121.33,38.69,15.0,3137.0,509.0,1635.0,544.0,4.6923,INLAND,4,122700.0,151991.0
-117.25,32.75,37.0,1189.0,377.0,645.0,377.0,2.4672,NEAR OCEAN,2,216700.0,279777.505
-124.11,40.93,25.0,2392.0,474.0,1298.0,461.0,3.5076,NEAR OCEAN,3,73600.0,99659.0
-122.49,37.63,34.0,696.0,145.0,398.0,162.0,3.525,NEAR OCEAN,3,254100.0,286043.0
-118.16,33.96,24.0,1635.0,507.0,2480.0,481.0,2.4432,<1H OCEAN,2,187500.0,156466.5
-121.92,38.01,7.0,1632.0,248.0,879.0,262.0,6.1237,INLAND,5,166000.0,178342.0
-121.24,37.82,9.0,6169.0,959.0,3378.0,945.0,5.1047,INLAND,4,157900.0,174029.0
-118.34,33.92,6.0,1047.0,271.0,740.0,248.0,3.425,<1H OCEAN,3,193800.0,180398.0
-119.74,36.85,3.0,10425.0,2121.0,4432.0,1778.0,3.9032,INLAND,3,140800.0,142584.0
-122.05,39.6,34.0,2051.0,342.0,958.0,322.0,2.8466,INLAND,2,95300.0,85304.5
-118.7,34.3,27.0,1527.0,220.0,756.0,226.0,6.1825,<1H OCEAN,5,227000.0,315338.515
-122.24,37.49,38.0,4105.0,950.0,2561.0,909.0,3.8684,NEAR OCEAN,3,265600.0,342143.52
-120.45,34.95,32.0,1574.0,447.0,1772.0,463.0,1.8625,<1H OCEAN,2,90200.0,140878.0
-118.09,34.07,45.0,726.0,146.0,568.0,160.0,3.0347,<1H OCEAN,3,183200.0,196531.505
-116.92,32.82,16.0,2784.0,468.0,1458.0,465.0,4.0048,<1H OCEAN,3,184600.0,160104.0
-122.27,37.8,16.0,994.0,392.0,800.0,362.0,2.0938,NEAR BAY,2,162500.0,155627.525
-121.5,38.58,20.0,4018.0,1220.0,1570.0,1122.0,2.5821,INLAND,2,125000.0,134098.0
-122.27,37.83,49.0,1215.0,282.0,570.0,264.0,1.4861,NEAR BAY,1,97200.0,106956.0
-118.36,34.09,38.0,2158.0,582.0,1061.0,577.0,2.9643,<1H OCEAN,2,355300.0,312558.165
-122.27,38.28,37.0,1170.0,303.0,766.0,302.0,2.6618,NEAR BAY,2,136200.0,152950.0
-118.29,34.04,32.0,432.0,182.0,702.0,186.0,2.1471,<1H OCEAN,2,125000.0,187342.5
-121.87,37.27,16.0,3298.0,451.0,1542.0,423.0,6.7064,<1H OCEAN,5,305600.0,308494.505
-118.16,33.97,39.0,1444.0,447.0,1890.0,416.0,2.1181,<1H OCEAN,2,176600.0,155146.5
-118.39,33.84,16.0,2472.0,572.0,965.0,529.0,5.137,<1H OCEAN,4,348600.0,367872.6
-122.04,37.66,10.0,2031.0,357.0,867.0,352.0,5.3169,NEAR BAY,4,299200.0,246636.505
-119.86,36.81,4.0,4530.0,1070.0,1804.0,837.0,3.3942,INLAND,3,72100.0,113706.5
-118.25,33.91,35.0,1479.0,272.0,963.0,292.0,3.4917,<1H OCEAN,3,109500.0,128701.0
-118.08,34.14,42.0,2690.0,589.0,1149.0,535.0,3.88,INLAND,3,281100.0,265580.5
-118.12,33.87,21.0,3764.0,1081.0,1919.0,977.0,2.5057,<1H OCEAN,2,156300.0,184686.5
-117.81,33.73,23.0,3056.0,556.0,1508.0,555.0,4.7273,<1H OCEAN,4,234200.0,218347.0
-119.66,36.34,32.0,1338.0,276.0,859.0,286.0,2.6397,INLAND,2,59700.0,69374.5
-116.99,32.81,18.0,10968.0,1521.0,4439.0,1501.0,6.2787,<1H OCEAN,5,250000.0,291244.51
-118.3,34.1,36.0,2284.0,899.0,1964.0,839.0,1.9297,<1H OCEAN,2,203300.0,237332.005
-118.13,34.15,9.0,2099.0,625.0,1252.0,554.0,3.1875,<1H OCEAN,3,173100.0,205644.0
-116.91,32.73,8.0,4630.0,624.0,2048.0,575.0,6.4745,<1H OCEAN,5,300300.0,292531.01
-118.31,33.88,35.0,1939.0,412.0,1036.0,400.0,3.5556,<1H OCEAN,3,238000.0,238905.0
-121.83,37.32,21.0,4559.0,1163.0,5124.0,1124.0,3.2052,<1H OCEAN,3,179000.0,194072.5
-118.1,33.9,43.0,1237.0,243.0,776.0,246.0,4.325,<1H OCEAN,3,166000.0,173221.5
-117.92,34.1,35.0,2994.0,603.0,1933.0,561.0,4.0052,<1H OCEAN,3,160700.0,172044.0
-117.24,33.2,25.0,1631.0,415.0,1045.0,386.0,2.4505,<1H OCEAN,2,147500.0,169052.01
-117.85,34.12,30.0,4367.0,1033.0,2524.0,954.0,3.0448,INLAND,3,192100.0,182118.5
-119.78,36.75,31.0,1404.0,379.0,1515.0,387.0,1.2813,INLAND,1,56400.0,47715.0
-118.36,34.08,52.0,1965.0,480.0,794.0,451.0,3.2824,<1H OCEAN,3,304800.0,317900.075
-118.57,34.18,36.0,2981.0,441.0,1243.0,413.0,6.5304,<1H OCEAN,5,439800.0,397820.69
-122.95,39.13,17.0,380.0,69.0,225.0,72.0,3.25,INLAND,3,137500.0,117038.0
-117.07,33.13,33.0,555.0,165.0,612.0,176.0,2.1786,<1H OCEAN,2,137500.0,146033.5
-118.34,34.04,42.0,2010.0,494.0,1203.0,427.0,1.9408,<1H OCEAN,2,134600.0,161596.5
-122.42,37.75,52.0,1207.0,302.0,1008.0,269.0,3.3816,NEAR BAY,3,262500.0,269135.5
-121.37,38.68,36.0,1775.0,296.0,937.0,305.0,3.1786,INLAND,3,83400.0,91781.5
-115.59,32.96,17.0,841.0,146.0,473.0,154.0,3.1979,INLAND,3,113500.0,93890.0
-119.63,36.34,26.0,1463.0,261.0,699.0,219.0,3.5536,INLAND,3,71400.0,99636.5
-122.6,38.24,16.0,1410.0,209.0,741.0,229.0,4.725,<1H OCEAN,4,204500.0,236720.5
-117.98,33.95,35.0,4055.0,652.0,1758.0,639.0,6.1898,<1H OCEAN,5,282400.0,349250.595
-118.19,33.93,44.0,1613.0,345.0,1227.0,342.0,3.1667,<1H OCEAN,3,145700.0,152946.0
-122.09,37.4,36.0,1575.0,379.0,1036.0,382.0,5.1408,NEAR BAY,4,264700.0,328922.045
-122.42,37.63,46.0,66.0,11.0,30.0,12.0,2.375,NEAR OCEAN,2,275000.0,277377.545
-117.09,33.11,32.0,1713.0,321.0,891.0,286.0,3.1429,<1H OCEAN,3,171600.0,167829.0
-117.54,33.82,6.0,202.0,29.0,75.0,28.0,4.125,INLAND,3,216700.0,226399.5
-118.06,33.91,21.0,2863.0,701.0,1489.0,621.0,3.2031,<1H OCEAN,3,180700.0,185830.0
-119.94,38.96,20.0,1451.0,386.0,467.0,255.0,1.5536,INLAND,2,212500.0,103294.5
-119.84,36.82,17.0,2807.0,376.0,996.0,353.0,5.5357,INLAND,4,167700.0,146179.5
-119.0,35.36,39.0,896.0,217.0,805.0,197.0,1.25,INLAND,1,42500.0,50856.0
-117.19,32.79,35.0,1788.0,378.0,777.0,374.0,3.3713,NEAR OCEAN,3,238400.0,241565.52
-121.29,38.68,20.0,1881.0,378.0,921.0,360.0,1.8589,INLAND,2,144000.0,92313.0
-119.0,35.36,40.0,850.0,227.0,764.0,186.0,0.9407,INLAND,1,43600.0,52793.0
-117.63,33.45,5.0,3549.0,604.0,1571.0,534.0,5.3705,NEAR OCEAN,4,363500.0,286274.085
-122.13,37.72,45.0,2315.0,451.0,1006.0,444.0,3.524,NEAR BAY,3,186200.0,195103.0
-115.38,32.81,35.0,1263.0,262.0,950.0,241.0,1.8958,INLAND,2,67500.0,63833.5
-118.05,33.82,25.0,1548.0,279.0,732.0,265.0,5.123,<1H OCEAN,4,159600.0,230975.5
-118.45,34.21,30.0,2331.0,733.0,2172.0,707.0,2.1888,<1H OCEAN,2,195600.0,194369.005
-117.05,32.76,37.0,4879.0,906.0,2076.0,871.0,3.6625,NEAR OCEAN,3,154800.0,180240.0
-118.58,34.15,21.0,3856.0,547.0,1422.0,535.0,8.4196,<1H OCEAN,5,450700.0,433474.735
-121.45,38.53,38.0,1746.0,388.0,1142.0,315.0,1.7714,INLAND,2,69900.0,63677.0
-117.01,32.7,7.0,2327.0,490.0,1304.0,445.0,3.3553,NEAR OCEAN,3,132200.0,147294.0
-117.8,33.69,15.0,2099.0,322.0,873.0,307.0,7.9887,<1H OCEAN,5,328000.0,350131.54
-122.5,37.74,44.0,2792.0,615.0,1640.0,579.0,4.0625,NEAR OCEAN,3,272800.0,285841.0
-116.71,33.94,12.0,549.0,109.0,209.0,90.0,3.0208,INLAND,3,66300.0,139668.0
-121.49,38.63,6.0,12197.0,2617.0,5634.0,2329.0,3.7449,INLAND,3,129300.0,138355.0
-119.1,36.19,17.0,1564.0,396.0,713.0,362.0,1.6186,INLAND,2,77100.0,67119.0
-122.27,37.85,52.0,1228.0,293.0,648.0,303.0,2.1202,NEAR BAY,2,155500.0,133585.5
-118.2,34.08,41.0,1807.0,429.0,1699.0,424.0,2.2222,<1H OCEAN,2,126000.0,148521.5
-121.88,37.25,24.0,968.0,240.0,631.0,250.0,2.8636,<1H OCEAN,2,240300.0,229062.005
-118.18,34.05,52.0,1070.0,231.0,925.0,220.0,1.825,<1H OCEAN,2,133000.0,142245.5
-121.44,38.69,24.0,3124.0,556.0,1512.0,555.0,3.1942,INLAND,3,94900.0,107159.5
-118.14,33.8,43.0,2506.0,531.0,1230.0,543.0,3.4211,NEAR OCEAN,3,203900.0,268050.005
-115.55,32.8,23.0,666.0,142.0,580.0,160.0,2.1136,INLAND,2,61000.0,61668.5
-117.76,34.08,37.0,2263.0,502.0,1677.0,522.0,2.9388,INLAND,2,139200.0,131579.0
-118.31,34.05,35.0,2007.0,571.0,1513.0,554.0,2.1162,<1H OCEAN,2,229200.0,234673.5
-117.08,32.83,7.0,13703.0,2352.0,4446.0,1856.0,6.4335,<1H OCEAN,5,260600.0,289041.525
-118.31,34.08,27.0,1514.0,510.0,1603.0,518.0,2.8971,<1H OCEAN,2,251100.0,304340.705
-121.91,37.3,43.0,828.0,151.0,446.0,145.0,4.4375,<1H OCEAN,3,327600.0,246064.0
-122.12,37.71,35.0,1037.0,207.0,552.0,210.0,4.0,NEAR BAY,3,167900.0,190515.5
-117.21,32.82,31.0,2035.0,383.0,866.0,360.0,3.8529,NEAR OCEAN,3,212000.0,243078.005
-117.89,33.71,24.0,4365.0,804.0,2663.0,753.0,4.5814,<1H OCEAN,4,233300.0,222000.5
-122.68,38.01,41.0,1865.0,392.0,825.0,369.0,4.2011,NEAR OCEAN,3,255400.0,275896.5
-121.86,38.04,52.0,242.0,59.0,188.0,54.0,1.3958,INLAND,1,67500.0,92874.49
-117.22,32.75,26.0,617.0,112.0,251.0,110.0,3.8036,NEAR OCEAN,3,162000.0,217782.03
-120.64,35.47,8.0,416.0,121.0,936.0,97.0,2.1154,<1H OCEAN,2,117200.0,137893.5
-119.96,38.84,17.0,2722.0,512.0,828.0,289.0,3.5714,INLAND,3,109700.0,120586.5
-121.81,38.84,37.0,352.0,65.0,238.0,67.0,2.8542,INLAND,2,275000.0,130405.0
-121.08,39.21,17.0,3033.0,590.0,1319.0,583.0,2.4811,INLAND,2,111800.0,132722.0
-117.21,32.83,36.0,1475.0,328.0,806.0,327.0,3.5078,NEAR OCEAN,3,166000.0,249682.54
-119.09,36.35,21.0,3146.0,595.0,1580.0,513.0,2.7857,INLAND,2,92700.0,85278.0
-119.18,34.16,27.0,1832.0,415.0,1480.0,414.0,3.9643,NEAR OCEAN,3,186000.0,205133.01
-122.78,38.97,11.0,5175.0,971.0,2144.0,792.0,3.0466,INLAND,3,97300.0,141561.0
-118.24,34.22,36.0,2507.0,517.0,1232.0,470.0,5.529,<1H OCEAN,4,241300.0,317706.555
-121.92,37.25,36.0,3874.0,656.0,1826.0,639.0,4.9662,<1H OCEAN,4,258500.0,253275.005
-122.03,37.98,45.0,2842.0,567.0,1261.0,535.0,3.6042,NEAR BAY,3,138200.0,161198.0
-118.7,34.28,25.0,2377.0,491.0,1200.0,439.0,4.7083,<1H OCEAN,4,196100.0,221784.01
-122.32,37.52,26.0,4042.0,591.0,1611.0,578.0,8.4693,NEAR OCEAN,5,419200.0,474696.69
-122.21,37.79,47.0,1543.0,307.0,859.0,292.0,2.9583,NEAR BAY,2,138800.0,162990.5
-122.44,37.76,50.0,2589.0,569.0,945.0,544.0,5.2519,NEAR BAY,4,376600.0,442430.935
-118.22,33.8,33.0,1984.0,477.0,1764.0,440.0,3.875,NEAR OCEAN,3,165100.0,190349.02
-117.36,33.18,26.0,5550.0,1153.0,2372.0,1058.0,2.5509,NEAR OCEAN,2,181800.0,196030.01
-122.07,37.97,20.0,1705.0,353.0,856.0,341.0,3.7262,NEAR BAY,3,211800.0,161810.0
-118.23,33.9,45.0,1285.0,238.0,840.0,211.0,3.4107,<1H OCEAN,3,112500.0,121026.0
-117.05,32.69,21.0,991.0,210.0,695.0,203.0,3.625,NEAR OCEAN,3,144300.0,120732.5
-117.06,32.8,17.0,2247.0,340.0,973.0,318.0,5.5,<1H OCEAN,4,222000.0,206114.0
-115.55,32.79,22.0,565.0,162.0,692.0,141.0,1.2083,INLAND,1,53600.0,54812.5
-122.33,37.97,45.0,1982.0,376.0,1179.0,398.0,3.5463,NEAR BAY,3,130800.0,143889.5
-122.65,38.24,49.0,3273.0,579.0,1431.0,539.0,4.275,<1H OCEAN,3,227600.0,247667.0
-122.43,37.78,2.0,1205.0,468.0,577.0,363.0,3.6437,NEAR BAY,3,275000.0,373554.55
-118.35,33.93,26.0,3156.0,857.0,2394.0,787.0,3.01,<1H OCEAN,3,191900.0,187763.0
-117.31,34.11,41.0,1105.0,257.0,816.0,197.0,1.9375,INLAND,2,64100.0,69245.5
-116.61,33.93,35.0,321.0,71.0,157.0,61.0,2.8056,INLAND,2,68100.0,106974.5
-121.91,37.26,32.0,3983.0,876.0,1989.0,794.0,3.5625,<1H OCEAN,3,255200.0,275516.5
-118.7,34.3,23.0,2831.0,406.0,1284.0,393.0,6.1383,<1H OCEAN,5,244100.0,273829.005
-122.0,37.36,25.0,3534.0,949.0,1880.0,849.0,3.4238,<1H OCEAN,3,337000.0,268901.51
-118.28,33.75,21.0,2442.0,719.0,1916.0,646.0,1.2276,NEAR OCEAN,1,208300.0,198563.005
-122.47,37.74,52.0,2055.0,265.0,735.0,252.0,8.1189,NEAR BAY,5,500001.0,489307.345
-121.26,38.73,14.0,3323.0,499.0,1527.0,540.0,5.3451,INLAND,4,172100.0,188276.5
-118.73,36.01,14.0,3263.0,651.0,1910.0,594.0,2.8603,INLAND,2,128900.0,81878.0
-120.69,35.65,14.0,3487.0,889.0,2352.0,796.0,1.6303,<1H OCEAN,2,144900.0,156512.5
-117.01,34.9,34.0,2194.0,519.0,1326.0,515.0,2.1056,INLAND,2,72000.0,57734.0
-122.23,38.13,29.0,5154.0,1084.0,2459.0,1019.0,3.2664,NEAR BAY,3,142900.0,145045.0
-121.97,37.24,35.0,2553.0,533.0,1117.0,498.0,4.4063,<1H OCEAN,3,436100.0,284570.505
-118.14,33.91,32.0,1981.0,472.0,1371.0,431.0,3.1204,<1H OCEAN,3,204200.0,191139.5
-117.95,33.86,36.0,2038.0,343.0,1066.0,346.0,5.197,<1H OCEAN,4,195700.0,213997.0
-121.43,38.48,12.0,4602.0,930.0,2299.0,860.0,3.0625,INLAND,3,90500.0,113330.5
-117.96,33.78,26.0,2136.0,557.0,1528.0,537.0,2.4931,<1H OCEAN,2,236100.0,174482.0
-117.91,34.08,35.0,1443.0,266.0,861.0,262.0,3.5795,<1H OCEAN,3,186900.0,196432.5
-122.3,37.9,30.0,1772.0,471.0,880.0,437.0,2.2672,NEAR BAY,2,162500.0,152100.0
-120.2,37.8,30.0,1189.0,255.0,446.0,165.0,3.4838,INLAND,3,112500.0,119005.0
-118.97,35.37,41.0,2396.0,602.0,1781.0,543.0,1.8819,INLAND,2,58000.0,57388.0
-118.13,33.84,48.0,1895.0,294.0,881.0,293.0,6.3364,<1H OCEAN,5,307400.0,416560.76
-118.48,34.01,31.0,1829.0,458.0,719.0,392.0,4.4,<1H OCEAN,3,353800.0,433764.68
-122.59,38.13,20.0,1589.0,231.0,601.0,224.0,5.3755,<1H OCEAN,4,290900.0,285714.02
-117.28,32.73,44.0,1934.0,325.0,783.0,316.0,4.8684,NEAR OCEAN,4,358600.0,374959.155
-122.29,37.89,52.0,2248.0,422.0,870.0,377.0,3.4732,NEAR BAY,3,246200.0,213295.505
-119.06,36.08,19.0,2554.0,443.0,1301.0,419.0,4.1856,INLAND,3,72100.0,97084.5
-121.83,38.45,32.0,2139.0,440.0,1154.0,411.0,3.2672,INLAND,3,107500.0,126585.5
-117.32,34.09,30.0,1129.0,251.0,1034.0,237.0,2.3917,INLAND,2,78600.0,82002.0
-119.18,34.17,32.0,2388.0,467.0,1746.0,483.0,3.9331,NEAR OCEAN,3,187600.0,202979.505
-120.88,38.45,25.0,1374.0,297.0,657.0,288.0,2.5476,INLAND,2,97900.0,120758.5
-118.17,33.84,45.0,1533.0,331.0,791.0,335.0,3.4605,<1H OCEAN,3,186600.0,188591.0
-118.11,33.91,19.0,3056.0,759.0,1561.0,740.0,3.1369,<1H OCEAN,3,196900.0,201720.5
-119.53,36.55,34.0,2065.0,343.0,1041.0,313.0,3.2917,INLAND,3,111500.0,81641.0
-122.08,37.59,16.0,1816.0,365.0,1367.0,355.0,4.235,NEAR BAY,3,156300.0,196585.0
-118.29,33.81,19.0,7023.0,1538.0,3993.0,1412.0,5.0532,<1H OCEAN,4,218200.0,264363.005
-117.91,33.9,27.0,829.0,114.0,383.0,133.0,9.3125,<1H OCEAN,5,293500.0,466630.925
-121.23,37.95,32.0,2081.0,472.0,1342.0,411.0,2.7958,INLAND,2,59000.0,109262.0
-118.29,33.92,23.0,2503.0,532.0,1735.0,505.0,2.7368,<1H OCEAN,2,162800.0,168248.0
-118.25,34.0,32.0,1218.0,342.0,1292.0,304.0,1.5781,<1H OCEAN,2,102900.0,104430.5
-115.99,33.4,15.0,1945.0,536.0,515.0,273.0,2.0109,INLAND,2,54300.0,69746.0
-117.66,34.09,26.0,1151.0,200.0,593.0,188.0,3.6667,INLAND,3,166300.0,155329.0
-118.27,34.07,32.0,1657.0,579.0,2071.0,598.0,2.1135,<1H OCEAN,2,152500.0,186261.0
-118.43,34.28,30.0,1384.0,308.0,2054.0,301.0,3.0132,<1H OCEAN,3,142600.0,160185.0
-118.23,33.98,35.0,1366.0,496.0,2160.0,497.0,2.2059,<1H OCEAN,2,150000.0,132934.0
-121.42,38.61,34.0,1126.0,256.0,589.0,243.0,2.1776,INLAND,2,84400.0,102619.5
-118.29,34.08,34.0,479.0,182.0,557.0,170.0,1.525,<1H OCEAN,2,210000.0,235582.505
-118.97,37.64,14.0,1847.0,439.0,238.0,98.0,3.6042,INLAND,3,137500.0,134846.5
-122.47,37.72,47.0,1176.0,286.0,564.0,258.0,3.2059,NEAR OCEAN,3,350000.0,260103.505
-120.18,39.14,25.0,2171.0,386.0,248.0,116.0,3.0375,INLAND,3,171900.0,139927.5
-118.43,34.25,35.0,1447.0,335.0,1630.0,306.0,2.9205,<1H OCEAN,2,143100.0,163551.0
-118.11,33.95,34.0,2319.0,334.0,941.0,356.0,6.4319,<1H OCEAN,5,452300.0,387087.605
-117.62,34.03,15.0,3942.0,661.0,2240.0,621.0,4.8311,INLAND,4,176000.0,164550.5
-121.34,38.69,16.0,2686.0,516.0,1553.0,529.0,3.7857,INLAND,3,112700.0,122591.5
-119.78,36.65,27.0,1226.0,240.0,706.0,211.0,2.77,INLAND,2,68400.0,77598.0
-117.97,33.75,26.0,3361.0,722.0,2709.0,648.0,3.9107,<1H OCEAN,3,190700.0,190360.0
-117.06,32.79,17.0,2524.0,332.0,771.0,317.0,8.7604,<1H OCEAN,5,331800.0,387062.585
-121.99,37.98,23.0,2293.0,411.0,969.0,399.0,4.4536,INLAND,3,184000.0,170289.5
-118.97,37.64,13.0,1907.0,544.0,575.0,234.0,3.0685,INLAND,3,162500.0,124371.5
-122.11,38.01,41.0,1345.0,272.0,718.0,283.0,3.3831,NEAR BAY,3,129400.0,145136.0
-122.19,37.79,50.0,954.0,217.0,546.0,201.0,2.6667,NEAR BAY,2,172800.0,145524.5
-117.13,32.92,16.0,1580.0,241.0,917.0,261.0,4.7266,<1H OCEAN,4,191100.0,172239.5
-117.98,33.65,22.0,3592.0,527.0,1598.0,523.0,6.5501,<1H OCEAN,5,294900.0,299714.02
-122.82,38.64,29.0,2176.0,385.0,1117.0,374.0,3.8681,<1H OCEAN,3,188600.0,199947.0
-119.33,36.19,27.0,418.0,163.0,332.0,141.0,1.0714,INLAND,1,63800.0,68702.5
-122.23,37.82,52.0,3051.0,381.0,1005.0,369.0,8.1872,NEAR BAY,5,466100.0,453349.93
-118.21,34.1,47.0,5077.0,1271.0,3348.0,1106.0,3.0377,<1H OCEAN,3,186800.0,195277.5
-117.05,32.61,26.0,1563.0,286.0,1145.0,313.0,3.8615,NEAR OCEAN,3,139300.0,140478.0
-118.32,34.08,52.0,1137.0,304.0,754.0,297.0,3.37,<1H OCEAN,3,330300.0,369078.555
-121.89,37.3,52.0,2071.0,362.0,825.0,364.0,4.2414,<1H OCEAN,3,284800.0,253792.005
-118.14,34.04,40.0,1966.0,391.0,1120.0,362.0,3.7109,<1H OCEAN,3,198800.0,224060.5
-119.52,36.71,21.0,1834.0,321.0,1120.0,314.0,2.59,INLAND,2,69300.0,78811.0
-117.14,32.76,32.0,2587.0,681.0,1246.0,650.0,2.1727,NEAR OCEAN,2,145500.0,148839.5
-118.09,33.92,35.0,1994.0,419.0,1491.0,428.0,3.7383,<1H OCEAN,3,166200.0,169007.5
-117.97,33.68,23.0,1722.0,316.0,865.0,309.0,4.6452,<1H OCEAN,4,273800.0,267697.545
-121.1,37.8,35.0,1853.0,331.0,958.0,340.0,3.3578,INLAND,3,149000.0,140677.0
-121.98,37.37,36.0,1651.0,344.0,1062.0,331.0,4.575,<1H OCEAN,4,215400.0,238857.0
-118.37,33.97,41.0,1833.0,355.0,847.0,348.0,5.726,<1H OCEAN,4,287800.0,377001.745
-118.19,33.83,42.0,1773.0,360.0,815.0,299.0,4.9,NEAR OCEAN,4,406300.0,264282.015
-119.16,34.2,35.0,2183.0,636.0,3504.0,623.0,1.9704,NEAR OCEAN,2,160300.0,177280.0
-117.8,33.67,5.0,2638.0,521.0,1179.0,480.0,5.7759,<1H OCEAN,4,240000.0,302002.61
-121.46,38.61,43.0,705.0,178.0,464.0,159.0,2.4205,INLAND,2,60900.0,117136.5
-118.19,33.99,38.0,1212.0,272.0,1129.0,263.0,2.6673,<1H OCEAN,2,142300.0,156985.5
-122.38,40.09,16.0,2077.0,388.0,1155.0,389.0,3.1361,INLAND,3,84800.0,100002.5
-119.17,34.16,17.0,5276.0,1020.0,4066.0,984.0,4.5828,NEAR OCEAN,4,205400.0,249592.005
-122.43,37.75,52.0,2700.0,595.0,1181.0,575.0,3.575,NEAR BAY,3,396800.0,364681.0
-122.73,38.46,14.0,4042.0,1298.0,2323.0,1158.0,2.0651,<1H OCEAN,2,135400.0,195310.585
-117.42,34.1,18.0,3977.0,809.0,2231.0,742.0,4.1399,INLAND,3,115400.0,136516.0
-118.12,34.23,52.0,433.0,69.0,147.0,53.0,3.9583,INLAND,3,162500.0,229278.0
-118.54,34.17,25.0,3352.0,891.0,1815.0,860.0,2.8528,<1H OCEAN,2,425000.0,250386.035
-117.09,32.66,37.0,1232.0,330.0,1086.0,330.0,1.6389,NEAR OCEAN,2,114300.0,101569.0
-122.16,37.42,34.0,4448.0,610.0,2571.0,581.0,11.0492,NEAR OCEAN,5,500001.0,499235.975
-118.21,34.22,37.0,2260.0,322.0,941.0,303.0,8.3695,<1H OCEAN,5,500001.0,484081.245
-119.31,36.06,20.0,2236.0,434.0,1405.0,412.0,1.8827,INLAND,2,48700.0,58268.5
-121.95,37.33,36.0,1683.0,286.0,740.0,324.0,4.7604,<1H OCEAN,4,294700.0,264182.005
-118.1,34.17,44.0,4505.0,894.0,2296.0,899.0,3.4811,INLAND,3,300500.0,283832.5
-117.3,33.08,24.0,2628.0,527.0,1389.0,520.0,4.0,NEAR OCEAN,3,343200.0,266142.015
-117.19,33.14,12.0,3652.0,923.0,1677.0,728.0,2.3267,<1H OCEAN,2,92000.0,157723.0
-121.93,37.27,30.0,2862.0,544.0,1387.0,542.0,5.1104,<1H OCEAN,4,278100.0,278829.505
-117.86,34.08,31.0,2524.0,349.0,1003.0,343.0,7.5196,<1H OCEAN,5,380900.0,394046.27
-117.9,33.64,28.0,2466.0,507.0,1081.0,465.0,3.9375,<1H OCEAN,3,339800.0,266740.03
-121.49,38.52,37.0,1902.0,413.0,955.0,384.0,3.1014,INLAND,3,96800.0,109604.0
-118.3,34.06,33.0,2437.0,1283.0,3906.0,1084.0,2.0332,<1H OCEAN,2,270000.0,256055.5
-122.29,37.94,20.0,7578.0,1426.0,3637.0,1362.0,4.4387,NEAR BAY,3,190000.0,209391.0
-117.89,34.09,37.0,1055.0,280.0,538.0,206.0,2.4167,<1H OCEAN,2,181300.0,172750.0
-124.15,40.76,24.0,2858.0,511.0,1388.0,512.0,3.375,NEAR OCEAN,3,100600.0,98361.0
-121.42,36.85,7.0,1626.0,325.0,677.0,304.0,2.3125,INLAND,2,170800.0,134619.5
-122.28,37.85,52.0,2246.0,472.0,1005.0,449.0,2.4167,NEAR BAY,2,152700.0,138063.0
-118.43,34.16,34.0,2459.0,489.0,1139.0,463.0,4.0347,<1H OCEAN,3,353600.0,335198.005
-121.89,37.33,49.0,658.0,318.0,467.0,316.0,0.7068,<1H OCEAN,1,200000.0,311835.13
-118.06,33.82,24.0,3983.0,675.0,1568.0,638.0,4.6458,<1H OCEAN,4,213400.0,224313.5
-123.0,38.51,33.0,1565.0,390.0,759.0,311.0,2.6726,NEAR OCEAN,2,153100.0,134769.0
-118.43,34.16,34.0,2622.0,467.0,1233.0,476.0,4.0474,<1H OCEAN,3,379700.0,334207.005
-117.25,32.79,27.0,848.0,300.0,455.0,298.0,3.0774,NEAR OCEAN,3,275000.0,241245.02
-119.26,35.5,38.0,2536.0,409.0,1133.0,430.0,4.2375,INLAND,3,78600.0,108212.5
-117.89,34.09,36.0,1811.0,320.0,1005.0,332.0,5.5629,<1H OCEAN,4,188300.0,243903.005
-117.43,33.91,15.0,14281.0,2511.0,7540.0,2245.0,4.3222,INLAND,3,138000.0,156466.5
-122.18,37.44,44.0,2237.0,347.0,948.0,346.0,8.2436,NEAR OCEAN,5,500001.0,496243.375
-118.12,33.97,35.0,708.0,145.0,471.0,153.0,3.2,<1H OCEAN,3,197400.0,180438.5
-117.92,33.68,28.0,3397.0,597.0,1397.0,560.0,4.8125,<1H OCEAN,4,244600.0,266686.505
-118.27,33.81,42.0,865.0,208.0,811.0,218.0,3.8621,<1H OCEAN,3,165300.0,180225.0
-121.89,37.67,19.0,2034.0,288.0,852.0,295.0,6.5285,INLAND,5,300400.0,297333.5
-121.37,38.7,26.0,2230.0,410.0,1155.0,377.0,3.4911,INLAND,3,88200.0,118377.0
-117.21,33.03,20.0,3370.0,433.0,1020.0,408.0,11.0911,NEAR OCEAN,5,500001.0,496504.865
-122.29,38.29,52.0,3217.0,742.0,1670.0,671.0,2.4398,NEAR BAY,2,163100.0,144578.0
-121.84,37.29,24.0,3403.0,656.0,2829.0,612.0,4.775,<1H OCEAN,4,191900.0,205933.005
-122.01,37.03,21.0,5904.0,956.0,2616.0,916.0,5.9039,NEAR OCEAN,4,355300.0,328153.015
-122.25,37.56,19.0,7976.0,1406.0,3437.0,1338.0,5.6396,NEAR BAY,4,430300.0,327892.005
-118.98,35.36,15.0,1482.0,338.0,1059.0,279.0,1.2617,INLAND,1,42700.0,57247.0
-122.38,37.59,49.0,1657.0,266.0,613.0,270.0,5.7837,NEAR OCEAN,4,378100.0,354660.56
-117.14,33.12,7.0,6126.0,1032.0,2662.0,923.0,4.9005,<1H OCEAN,4,264000.0,220195.0
-118.26,33.9,38.0,1566.0,318.0,981.0,318.0,4.0234,<1H OCEAN,3,111900.0,143364.5
-119.19,34.21,27.0,1887.0,487.0,1339.0,428.0,2.9185,NEAR OCEAN,2,224500.0,207596.5
-118.19,34.05,37.0,349.0,79.0,276.0,64.0,3.2125,<1H OCEAN,3,125000.0,137640.0
-120.96,40.28,19.0,683.0,139.0,302.0,111.0,2.5,INLAND,2,64100.0,75694.0
-116.44,33.93,17.0,5293.0,1266.0,1201.0,599.0,1.6849,INLAND,2,88400.0,93658.0
-122.54,37.9,41.0,3170.0,622.0,1091.0,528.0,3.7813,NEAR BAY,3,389200.0,373632.075
-121.92,38.57,10.0,1320.0,246.0,898.0,228.0,1.9327,INLAND,2,193800.0,120164.5
-118.35,34.07,45.0,3312.0,880.0,1157.0,809.0,3.5719,<1H OCEAN,3,500001.0,391373.085
-117.17,32.68,16.0,5895.0,1424.0,873.0,522.0,7.3669,NEAR OCEAN,5,187500.0,409716.605
-122.14,37.68,35.0,2976.0,518.0,1424.0,538.0,4.267,NEAR BAY,3,210300.0,199377.0
-117.03,33.18,17.0,5391.0,886.0,2732.0,830.0,5.1771,<1H OCEAN,4,212800.0,224744.5
-118.28,34.07,25.0,7522.0,3179.0,7221.0,2902.0,2.0173,<1H OCEAN,2,177500.0,205451.5
-117.64,33.99,29.0,1005.0,152.0,513.0,149.0,2.4375,INLAND,2,181300.0,127920.0
-116.91,32.85,21.0,4152.0,703.0,2255.0,697.0,4.5096,<1H OCEAN,4,159500.0,174088.0
-118.36,33.95,42.0,2532.0,627.0,2038.0,591.0,2.875,<1H OCEAN,2,177500.0,163533.5
-117.58,33.88,16.0,1739.0,478.0,1235.0,420.0,2.2969,INLAND,2,116100.0,119973.5
-122.19,37.46,34.0,5419.0,1183.0,2002.0,1138.0,4.1985,NEAR BAY,3,500001.0,359921.07
-117.97,34.07,22.0,1438.0,364.0,1325.0,335.0,2.7802,<1H OCEAN,2,162500.0,162774.0
-118.18,34.08,31.0,1318.0,311.0,1164.0,289.0,2.9939,<1H OCEAN,2,135500.0,161664.0
-117.1,32.68,45.0,1183.0,289.0,900.0,266.0,2.4943,NEAR OCEAN,2,99600.0,116873.5
-121.34,38.67,34.0,1503.0,264.0,731.0,285.0,4.0352,INLAND,3,118500.0,117794.5
-121.52,38.51,23.0,6876.0,1456.0,2942.0,1386.0,3.0963,INLAND,3,156900.0,143076.5
-118.18,33.93,35.0,952.0,271.0,949.0,261.0,2.4297,<1H OCEAN,2,147200.0,141031.0
-121.85,39.74,39.0,1139.0,265.0,623.0,264.0,2.2833,INLAND,2,85800.0,75869.0
-118.35,34.06,52.0,3446.0,1360.0,1768.0,1245.0,2.4722,<1H OCEAN,2,500001.0,334971.575
-117.25,34.49,4.0,2372.0,361.0,1017.0,322.0,5.1112,INLAND,4,170900.0,158515.0
-118.11,33.81,37.0,1694.0,280.0,776.0,271.0,6.2187,<1H OCEAN,5,257900.0,382097.62
-118.09,33.97,35.0,2664.0,541.0,2033.0,491.0,3.7326,<1H OCEAN,3,164300.0,175129.5
-122.44,37.77,52.0,2994.0,736.0,1428.0,700.0,3.0766,NEAR BAY,3,438900.0,416599.815
-117.26,34.16,31.0,3538.0,658.0,1715.0,663.0,3.7125,INLAND,3,98000.0,106095.5
-118.08,33.85,19.0,4261.0,678.0,2621.0,661.0,6.2427,<1H OCEAN,5,288700.0,307177.005
-117.83,33.77,22.0,2956.0,642.0,1342.0,558.0,4.1151,<1H OCEAN,3,203200.0,224886.5
-118.06,34.1,42.0,1576.0,313.0,697.0,282.0,4.3523,<1H OCEAN,3,283600.0,271333.5
-118.44,34.28,46.0,11.0,11.0,24.0,13.0,2.875,<1H OCEAN,2,162500.0,269186.065
-123.69,38.9,17.0,2206.0,478.0,1140.0,428.0,2.1985,NEAR OCEAN,2,95300.0,117699.5
-122.02,37.98,37.0,1474.0,343.0,782.0,331.0,3.4187,NEAR BAY,3,161700.0,153405.0
-118.38,34.2,32.0,993.0,285.0,1044.0,248.0,2.4306,<1H OCEAN,2,187500.0,177692.0
-117.97,34.05,36.0,931.0,160.0,746.0,201.0,3.1667,<1H OCEAN,3,158000.0,160594.0
-118.38,33.88,39.0,1489.0,282.0,743.0,270.0,4.8611,<1H OCEAN,4,456100.0,372601.525
-119.03,35.3,10.0,829.0,146.0,447.0,173.0,4.1484,INLAND,3,102900.0,102421.5
-122.69,38.34,12.0,3876.0,782.0,2146.0,764.0,4.0844,<1H OCEAN,3,165400.0,205264.5
-119.6,36.56,36.0,738.0,168.0,737.0,186.0,1.4415,INLAND,1,54400.0,54227.5
-118.2,34.05,42.0,1703.0,586.0,2490.0,581.0,2.02,<1H OCEAN,2,147200.0,143188.0
-118.28,33.99,49.0,2174.0,481.0,1861.0,484.0,1.7159,<1H OCEAN,2,95000.0,103354.0
-115.55,32.98,33.0,2266.0,365.0,952.0,360.0,5.4349,INLAND,4,143000.0,274367.195
-121.62,39.11,5.0,2320.0,502.0,1245.0,489.0,3.2465,INLAND,3,97200.0,118038.0
-117.38,34.13,13.0,2903.0,510.0,1844.0,510.0,3.7198,INLAND,3,112900.0,122964.0
-117.88,33.89,16.0,959.0,176.0,353.0,185.0,4.5,<1H OCEAN,3,173300.0,193356.5
-121.56,37.08,17.0,6725.0,1051.0,3439.0,1027.0,6.4313,<1H OCEAN,5,393100.0,299560.025
-116.77,33.92,19.0,2307.0,525.0,1266.0,437.0,1.6875,INLAND,2,63000.0,83019.0
-118.04,33.88,17.0,4807.0,838.0,3059.0,853.0,5.7619,<1H OCEAN,4,297300.0,290914.5
-118.3,33.88,35.0,3227.0,749.0,1881.0,696.0,2.8445,<1H OCEAN,2,242100.0,207239.0
-117.01,32.66,11.0,9992.0,1368.0,4495.0,1316.0,6.9664,NEAR OCEAN,5,293900.0,381555.57
-118.25,33.9,36.0,1135.0,231.0,614.0,227.0,2.5521,<1H OCEAN,2,113100.0,102011.5
-118.29,33.93,31.0,3894.0,1017.0,3590.0,962.0,2.0437,<1H OCEAN,2,137200.0,135347.5
-117.87,33.87,16.0,1332.0,368.0,1534.0,295.0,3.0227,<1H OCEAN,3,297100.0,169291.5
-121.93,37.53,27.0,5532.0,973.0,2855.0,960.0,4.7478,<1H OCEAN,4,243500.0,239316.0
-121.85,39.72,18.0,7272.0,1559.0,5022.0,1524.0,1.6911,INLAND,2,98800.0,97925.5
-118.11,33.8,36.0,1680.0,291.0,744.0,280.0,4.66,<1H OCEAN,4,244800.0,242451.0
-121.4,38.56,22.0,2623.0,357.0,838.0,368.0,7.143,INLAND,5,327800.0,285590.0
-122.43,37.76,52.0,2332.0,434.0,861.0,406.0,4.4318,NEAR BAY,3,437500.0,391817.6
-122.9,38.28,52.0,1275.0,218.0,627.0,185.0,2.3482,NEAR OCEAN,2,163500.0,146872.5
-118.3,33.98,48.0,1998.0,410.0,1176.0,382.0,3.0455,<1H OCEAN,3,102400.0,131209.0
-121.42,38.68,32.0,2118.0,345.0,1019.0,338.0,3.725,INLAND,3,112200.0,107659.5
-122.0,38.03,4.0,2341.0,408.0,1235.0,431.0,6.0424,INLAND,5,165900.0,191505.0
-118.32,34.17,39.0,1995.0,564.0,1202.0,544.0,3.5875,<1H OCEAN,3,250000.0,243653.515
-118.0,34.13,35.0,1005.0,224.0,742.0,221.0,3.5481,INLAND,3,158100.0,189988.5
-121.83,40.69,14.0,821.0,170.0,477.0,129.0,3.15,INLAND,3,87500.0,101180.5
-117.13,32.75,23.0,3999.0,1182.0,2051.0,1130.0,2.1292,NEAR OCEAN,2,135000.0,137339.0
-119.78,36.85,12.0,782.0,166.0,292.0,164.0,2.8274,INLAND,2,79500.0,110150.0
-121.22,38.0,35.0,1841.0,300.0,783.0,285.0,2.8167,INLAND,2,162100.0,110280.5
-118.13,34.08,40.0,1931.0,449.0,1367.0,446.0,2.575,<1H OCEAN,2,228400.0,202016.5
-120.85,37.05,32.0,2893.0,481.0,1198.0,466.0,3.1719,INLAND,3,140600.0,163569.5
-120.13,35.87,26.0,48.0,8.0,13.0,8.0,2.375,INLAND,2,71300.0,180885.655
-117.89,33.71,16.0,1591.0,225.0,926.0,239.0,6.2452,<1H OCEAN,5,266300.0,252661.0
-122.86,40.56,12.0,1350.0,300.0,423.0,172.0,1.7393,INLAND,2,81300.0,81540.5
-118.52,34.44,26.0,934.0,148.0,519.0,162.0,5.3209,<1H OCEAN,4,185000.0,241191.025
-118.38,33.86,15.0,1778.0,311.0,908.0,330.0,7.674,<1H OCEAN,5,329300.0,400031.805
-118.21,34.07,42.0,902.0,318.0,1312.0,323.0,1.9375,<1H OCEAN,2,168800.0,148634.0
-118.22,33.9,38.0,796.0,159.0,679.0,167.0,3.6607,<1H OCEAN,3,110400.0,135715.0
-118.46,33.99,35.0,1214.0,300.0,478.0,265.0,4.0156,<1H OCEAN,3,500001.0,346637.04
-119.72,36.8,15.0,3045.0,689.0,1340.0,588.0,3.1953,INLAND,3,85700.0,95908.0
-119.43,36.59,15.0,1371.0,306.0,1266.0,309.0,1.767,INLAND,2,63300.0,57435.5
-119.77,34.43,28.0,3318.0,441.0,1604.0,404.0,9.7821,NEAR OCEAN,5,500001.0,500001.0
-118.23,34.12,28.0,1546.0,465.0,974.0,408.0,2.2843,<1H OCEAN,2,183800.0,184070.51
-118.18,34.02,36.0,1138.0,296.0,1484.0,320.0,2.2813,<1H OCEAN,2,150700.0,141157.0
-119.21,34.19,15.0,5614.0,989.0,2754.0,994.0,5.035,NEAR OCEAN,4,242900.0,253182.53
-118.46,34.0,37.0,388.0,83.0,248.0,84.0,5.1664,<1H OCEAN,4,326700.0,347600.08
-118.14,34.07,52.0,695.0,145.0,523.0,170.0,3.665,<1H OCEAN,3,220400.0,188417.5
-121.8,37.35,17.0,2529.0,423.0,1756.0,429.0,5.1017,<1H OCEAN,4,240700.0,225276.005
-122.04,37.29,19.0,3625.0,432.0,1252.0,409.0,12.2145,<1H OCEAN,5,500001.0,490866.315
-122.26,38.11,52.0,1560.0,353.0,670.0,287.0,1.7411,NEAR BAY,2,98400.0,112051.0
-118.0,34.14,39.0,1302.0,303.0,800.0,291.0,3.2723,INLAND,3,166900.0,184563.5
-122.09,37.99,19.0,3073.0,506.0,1773.0,493.0,5.4496,NEAR BAY,4,205400.0,222514.5
-118.27,33.97,34.0,1462.0,394.0,1310.0,351.0,1.1557,<1H OCEAN,1,90100.0,98199.0
-117.36,33.88,15.0,2857.0,421.0,1361.0,382.0,4.6875,INLAND,4,189800.0,147296.5
-117.33,33.97,8.0,152.0,19.0,1275.0,20.0,1.625,INLAND,2,162500.0,116133.0
-118.53,34.37,8.0,3839.0,852.0,1342.0,593.0,3.9118,<1H OCEAN,3,333700.0,244174.0
-124.16,40.6,39.0,1322.0,283.0,642.0,292.0,2.4519,NEAR OCEAN,2,85100.0,78760.5
-118.18,33.91,36.0,1138.0,238.0,878.0,224.0,2.0625,<1H OCEAN,2,134400.0,123627.5
-118.15,33.9,20.0,2850.0,737.0,1855.0,662.0,2.809,<1H OCEAN,2,144600.0,186863.5
-118.13,34.16,52.0,1787.0,427.0,1107.0,410.0,2.5664,<1H OCEAN,2,215000.0,182190.01
-122.25,37.79,45.0,1786.0,526.0,1475.0,460.0,1.7772,NEAR BAY,2,97500.0,128565.5
-118.25,34.09,52.0,2050.0,429.0,957.0,418.0,3.5603,<1H OCEAN,3,210000.0,236664.0
-118.91,34.22,15.0,5644.0,757.0,2659.0,783.0,6.7559,<1H OCEAN,5,312000.0,337499.04
-119.7,34.43,52.0,977.0,289.0,412.0,272.0,2.125,<1H OCEAN,2,300000.0,267046.515
-117.89,33.71,23.0,1422.0,260.0,1092.0,263.0,4.7422,<1H OCEAN,4,202400.0,213894.505
-121.96,37.34,36.0,844.0,153.0,373.0,160.0,5.791,<1H OCEAN,4,254100.0,318849.045
-117.4,33.94,42.0,943.0,171.0,466.0,203.0,3.1458,INLAND,3,116000.0,117011.5
-118.0,34.13,24.0,2584.0,520.0,1869.0,503.0,3.2841,INLAND,3,167000.0,177293.0
-122.31,37.54,45.0,1222.0,220.0,492.0,205.0,5.539,NEAR OCEAN,4,396900.0,312077.5
-117.24,33.4,16.0,2704.0,463.0,1322.0,424.0,3.7857,<1H OCEAN,3,227000.0,191499.5
-118.47,34.06,26.0,6577.0,1789.0,2937.0,1652.0,4.801,<1H OCEAN,4,500001.0,405698.42
-117.77,33.76,19.0,3532.0,402.0,1200.0,426.0,11.0124,<1H OCEAN,5,500001.0,490864.09
-118.1,34.15,32.0,978.0,227.0,543.0,211.0,3.0096,INLAND,3,199000.0,221964.0
-121.92,36.56,40.0,2124.0,449.0,643.0,341.0,5.5164,NEAR OCEAN,4,369100.0,365950.695
-121.29,37.95,52.0,107.0,79.0,167.0,53.0,0.7917,INLAND,1,22500.0,75509.495
-117.64,34.05,27.0,1407.0,362.0,1684.0,350.0,2.1944,INLAND,2,95700.0,108237.0
-122.19,37.82,32.0,1835.0,264.0,635.0,263.0,8.317,NEAR BAY,5,365900.0,445623.875
-118.12,33.84,37.0,1242.0,221.0,565.0,213.0,4.1094,<1H OCEAN,3,215800.0,219071.0
-118.08,34.07,32.0,4089.0,975.0,3775.0,955.0,3.29,<1H OCEAN,3,205500.0,186760.0
-117.29,32.92,25.0,2355.0,381.0,823.0,358.0,6.8322,NEAR OCEAN,5,500001.0,406109.765
-122.78,38.53,9.0,3659.0,652.0,1889.0,632.0,4.2716,<1H OCEAN,3,250800.0,225685.0
-118.4,33.96,44.0,1877.0,314.0,877.0,320.0,6.8197,<1H OCEAN,5,363600.0,406539.85
-117.62,33.47,4.0,1812.0,255.0,661.0,211.0,6.487,NEAR OCEAN,5,294200.0,317705.09
-120.83,37.58,30.0,1527.0,256.0,757.0,240.0,3.6629,INLAND,3,171400.0,150555.5
-118.35,33.87,37.0,1420.0,286.0,886.0,290.0,4.5833,<1H OCEAN,4,261300.0,297770.5
-117.66,34.06,24.0,4043.0,952.0,2174.0,859.0,2.2244,INLAND,2,114900.0,123189.0
-118.57,34.22,27.0,2795.0,606.0,1702.0,586.0,3.7798,<1H OCEAN,3,258400.0,211576.5
-122.88,39.14,20.0,1125.0,231.0,521.0,196.0,2.2188,INLAND,2,106300.0,90199.0
-118.26,33.92,40.0,1076.0,244.0,705.0,255.0,1.7986,<1H OCEAN,2,98900.0,96450.5
-117.8,33.78,17.0,4138.0,805.0,2442.0,780.0,4.7804,<1H OCEAN,4,242000.0,210500.5
-118.15,33.91,25.0,2053.0,578.0,1721.0,507.0,2.3456,<1H OCEAN,2,146100.0,166577.0
-122.3,38.3,52.0,1128.0,207.0,450.0,197.0,3.3542,NEAR BAY,3,154600.0,194035.505
-121.04,37.7,52.0,349.0,59.0,121.0,40.0,3.3036,INLAND,3,197500.0,159302.5
-122.61,37.99,40.0,7737.0,1488.0,3108.0,1349.0,4.4375,NEAR OCEAN,3,289600.0,298272.51
-117.21,33.34,10.0,5294.0,817.0,2312.0,810.0,5.4563,<1H OCEAN,4,325700.0,301164.545
-119.0,35.31,37.0,1337.0,275.0,767.0,273.0,1.6522,INLAND,2,53300.0,55332.0
-120.46,37.31,35.0,2042.0,378.0,953.0,356.0,2.7344,INLAND,2,87800.0,87392.0
-118.0,34.15,43.0,2583.0,633.0,1544.0,617.0,2.5417,INLAND,2,178300.0,171850.0
-122.07,37.96,34.0,1692.0,290.0,836.0,289.0,5.0172,NEAR BAY,4,197100.0,202190.0
-118.08,33.89,28.0,1035.0,275.0,1545.0,269.0,3.0357,<1H OCEAN,3,123400.0,153491.5
-118.11,34.1,49.0,2812.0,478.0,1329.0,490.0,5.2503,<1H OCEAN,4,292900.0,326394.53
-118.23,33.88,35.0,842.0,201.0,763.0,189.0,2.6719,<1H OCEAN,2,109800.0,127055.5
-118.31,33.97,52.0,1595.0,325.0,823.0,302.0,3.2188,<1H OCEAN,3,124200.0,127988.0
-119.25,35.76,36.0,2332.0,656.0,2175.0,610.0,1.6045,INLAND,2,57300.0,54950.5
-122.04,36.98,35.0,2155.0,355.0,866.0,335.0,5.6188,NEAR OCEAN,4,404700.0,327603.53
-117.61,33.43,33.0,1150.0,383.0,604.0,317.0,2.3545,NEAR OCEAN,2,187500.0,228213.025
-122.2,39.75,18.0,2603.0,576.0,1616.0,588.0,2.0192,INLAND,2,63700.0,77232.5
-119.88,36.93,12.0,3174.0,520.0,1590.0,488.0,4.5347,INLAND,4,101200.0,125298.0
-122.43,37.8,52.0,2696.0,572.0,925.0,552.0,5.0365,NEAR BAY,4,500000.0,471216.165
-121.56,39.1,28.0,2130.0,484.0,1195.0,439.0,1.3631,INLAND,1,45500.0,62740.5
-118.12,33.77,20.0,4534.0,954.0,1941.0,892.0,6.0362,NEAR OCEAN,5,463500.0,318488.055
-116.92,32.76,9.0,1859.0,307.0,947.0,304.0,5.9202,<1H OCEAN,4,181300.0,275380.05
-118.02,34.15,44.0,2267.0,426.0,980.0,372.0,3.6,INLAND,3,307400.0,274679.0
-122.5,37.51,11.0,749.0,137.0,355.0,124.0,8.2364,NEAR OCEAN,5,371800.0,416513.75
-120.22,36.49,14.0,1508.0,347.0,1679.0,345.0,2.4786,INLAND,2,56000.0,71874.5
-118.03,33.86,19.0,1795.0,328.0,1014.0,322.0,4.535,<1H OCEAN,4,289300.0,216442.0
-117.69,34.08,14.0,4136.0,886.0,2026.0,788.0,3.2344,INLAND,3,128200.0,143143.0
-122.87,38.39,34.0,1138.0,205.0,541.0,180.0,4.5147,<1H OCEAN,4,271400.0,266584.51
-118.1,33.89,36.0,769.0,142.0,498.0,137.0,4.7159,<1H OCEAN,4,182100.0,189939.5
-121.82,37.31,15.0,1504.0,294.0,1267.0,291.0,5.5145,<1H OCEAN,4,219400.0,231647.0
-119.8,36.76,52.0,2224.0,418.0,832.0,406.0,2.3952,INLAND,2,78400.0,79240.0
-117.11,33.75,17.0,4174.0,851.0,1845.0,780.0,2.2618,INLAND,2,96100.0,115950.5
-122.25,37.49,44.0,4420.0,743.0,1790.0,735.0,6.142,NEAR OCEAN,5,394700.0,403035.19
-118.1,33.83,36.0,1408.0,250.0,702.0,251.0,4.875,<1H OCEAN,4,222500.0,224717.0
-117.69,35.65,5.0,1131.0,276.0,520.0,232.0,4.0167,INLAND,3,87500.0,100055.5
-117.04,32.67,14.0,3464.0,683.0,2139.0,734.0,4.0668,NEAR OCEAN,3,137500.0,155149.5
-117.78,33.86,16.0,3471.0,708.0,1769.0,691.0,4.1064,<1H OCEAN,3,246100.0,194388.0
-118.37,34.21,34.0,2272.0,558.0,2164.0,484.0,3.7143,<1H OCEAN,3,175700.0,175836.0
-117.97,34.08,30.0,2227.0,474.0,1961.0,481.0,3.3261,INLAND,3,164100.0,142816.0
-117.46,33.93,19.0,4780.0,861.0,3043.0,766.0,3.7431,INLAND,3,132800.0,121519.5
-119.29,36.12,24.0,1248.0,226.0,641.0,200.0,2.4722,INLAND,2,129200.0,66048.5
-118.3,33.9,27.0,3267.0,762.0,2099.0,647.0,3.4,<1H OCEAN,3,224100.0,199490.5
-121.48,38.53,43.0,1378.0,280.0,708.0,280.0,2.3542,INLAND,2,103900.0,95384.0
-117.1,34.57,6.0,5110.0,1044.0,1938.0,724.0,3.1917,INLAND,3,112800.0,103888.0
-118.36,34.09,33.0,3463.0,1170.0,1845.0,1134.0,2.0205,<1H OCEAN,2,243800.0,319608.065
-117.36,34.1,31.0,2587.0,531.0,1227.0,489.0,2.3578,INLAND,2,88600.0,87587.5
-117.06,32.64,30.0,4494.0,667.0,1883.0,680.0,5.766,NEAR OCEAN,4,186100.0,248657.505
-117.24,34.59,4.0,5027.0,797.0,1869.0,686.0,3.5507,INLAND,3,186100.0,116269.0
-120.99,37.7,14.0,9849.0,1887.0,4356.0,1780.0,3.5877,INLAND,3,160900.0,145838.5
-118.16,34.19,42.0,2076.0,462.0,1641.0,436.0,2.2326,<1H OCEAN,2,149200.0,149664.5
-122.29,40.39,17.0,1682.0,332.0,887.0,316.0,1.8438,INLAND,2,76400.0,77076.0
-122.32,37.56,49.0,2016.0,299.0,691.0,288.0,5.549,NEAR OCEAN,4,500001.0,332257.55
-121.27,38.62,13.0,2321.0,539.0,1066.0,497.0,2.7652,INLAND,2,95600.0,132078.5
-122.32,37.56,9.0,1150.0,287.0,377.0,243.0,3.8317,NEAR OCEAN,3,237500.0,344612.57
-118.38,33.77,17.0,10950.0,2207.0,4713.0,2043.0,6.3064,NEAR OCEAN,5,418300.0,360478.595
-122.09,37.68,41.0,1382.0,353.0,704.0,314.0,3.5114,NEAR BAY,3,197500.0,175777.5
-115.52,32.98,21.0,1302.0,327.0,1244.0,316.0,2.2054,INLAND,2,66400.0,68523.0
-118.32,33.88,37.0,1402.0,254.0,722.0,251.0,6.4781,<1H OCEAN,5,269000.0,391043.155
-118.51,34.17,31.0,3252.0,834.0,1411.0,760.0,3.1885,<1H OCEAN,3,219000.0,313660.175
-117.61,34.12,17.0,6709.0,1198.0,3954.0,1161.0,4.6997,INLAND,4,156900.0,168391.0
-116.99,32.85,32.0,5211.0,949.0,3025.0,948.0,4.0931,<1H OCEAN,3,134200.0,166138.0
-117.23,32.87,15.0,2290.0,662.0,1034.0,594.0,3.0104,NEAR OCEAN,3,204200.0,160717.0
-118.17,33.77,45.0,2151.0,643.0,1047.0,579.0,3.1149,NEAR OCEAN,3,218800.0,288621.525
-117.97,33.89,17.0,1851.0,344.0,764.0,339.0,5.1315,<1H OCEAN,4,181800.0,278163.0
-118.09,34.04,18.0,5580.0,1369.0,3842.0,1276.0,3.6512,<1H OCEAN,3,168500.0,193037.5
-122.25,37.84,52.0,2535.0,489.0,1094.0,514.0,3.6591,NEAR BAY,3,299200.0,252428.0
-118.16,34.02,41.0,1256.0,391.0,1511.0,381.0,1.7981,<1H OCEAN,2,166000.0,155407.005
-116.99,32.64,15.0,4331.0,699.0,2046.0,627.0,3.9519,NEAR OCEAN,3,193500.0,165160.0
-122.42,37.76,46.0,2150.0,817.0,2075.0,807.0,1.3824,NEAR BAY,1,212500.0,213437.525
-121.69,37.14,12.0,4077.0,590.0,1618.0,540.0,5.2951,<1H OCEAN,4,386200.0,272308.0
-118.13,34.05,35.0,3229.0,616.0,1879.0,595.0,3.9531,<1H OCEAN,3,268400.0,265581.0
-118.35,33.97,26.0,1725.0,431.0,1130.0,404.0,3.2708,<1H OCEAN,3,128100.0,219280.5
-119.89,34.44,25.0,3160.0,507.0,1514.0,523.0,5.0767,NEAR OCEAN,4,271200.0,289100.005
-121.39,38.69,30.0,2897.0,506.0,1508.0,478.0,3.865,INLAND,3,88400.0,111049.0
-121.32,38.0,21.0,1795.0,482.0,1114.0,472.0,2.0091,INLAND,2,101500.0,97154.5
-118.48,34.15,31.0,2536.0,429.0,990.0,424.0,5.4591,<1H OCEAN,4,495500.0,387610.22
-117.96,34.06,31.0,2017.0,462.0,1462.0,457.0,2.067,<1H OCEAN,2,167300.0,162337.0
-120.18,39.28,14.0,10098.0,1545.0,701.0,254.0,4.0819,INLAND,3,141300.0,194523.5
-118.51,34.04,38.0,4715.0,691.0,1660.0,637.0,10.1882,<1H OCEAN,5,500001.0,499260.99
-118.9,34.26,5.0,25187.0,3521.0,11956.0,3478.0,6.9712,<1H OCEAN,5,321300.0,374199.615
-117.27,34.07,21.0,418.0,132.0,401.0,120.0,1.7206,INLAND,2,82100.0,78613.0
-118.25,33.99,41.0,1486.0,509.0,2312.0,541.0,1.3963,<1H OCEAN,1,92900.0,113511.0
-117.93,33.87,45.0,1006.0,230.0,1237.0,237.0,3.3472,<1H OCEAN,3,168000.0,169285.0
-122.04,38.28,12.0,3861.0,795.0,2129.0,806.0,3.676,INLAND,3,135000.0,148820.5
-119.29,34.44,34.0,4314.0,878.0,2361.0,831.0,3.2279,NEAR OCEAN,3,243100.0,270354.515
-116.99,34.3,29.0,5055.0,1036.0,410.0,191.0,3.5104,INLAND,3,157100.0,121039.5
-119.93,38.72,15.0,2061.0,465.0,573.0,196.0,2.2417,INLAND,2,97900.0,117467.0
-118.27,33.8,38.0,1446.0,327.0,980.0,319.0,3.35,<1H OCEAN,3,177700.0,178102.5
-121.3,38.13,23.0,2864.0,504.0,1298.0,499.0,3.2303,INLAND,3,131800.0,126718.5
-118.47,34.04,21.0,5041.0,1491.0,2719.0,1420.0,3.5335,<1H OCEAN,3,268800.0,359400.115
-119.51,34.4,15.0,1112.0,256.0,411.0,245.0,2.0625,NEAR OCEAN,2,314300.0,231286.025
-122.69,38.32,16.0,3741.0,698.0,1938.0,658.0,4.6324,<1H OCEAN,4,183600.0,226215.5
-116.21,33.68,34.0,584.0,176.0,625.0,166.0,1.5809,INLAND,2,100000.0,57378.0
-118.86,34.22,26.0,1932.0,280.0,886.0,289.0,5.0855,<1H OCEAN,4,232200.0,233498.505
-117.17,34.08,5.0,1473.0,228.0,842.0,257.0,4.875,INLAND,4,138100.0,141573.5
-118.05,34.06,45.0,531.0,164.0,722.0,166.0,2.1406,<1H OCEAN,2,162500.0,170853.03
-118.56,34.18,39.0,1819.0,291.0,770.0,278.0,5.4088,<1H OCEAN,4,457300.0,322063.53
-117.5,33.96,12.0,7923.0,1470.0,4861.0,1385.0,4.2985,INLAND,3,139200.0,153019.5
-118.34,34.16,46.0,1396.0,294.0,608.0,246.0,3.692,<1H OCEAN,3,244500.0,266484.0
-119.58,36.11,21.0,2004.0,385.0,1397.0,398.0,2.2169,INLAND,2,61600.0,58961.0
-118.35,33.9,25.0,3309.0,902.0,2299.0,837.0,3.0417,<1H OCEAN,3,237000.0,214956.0
-121.18,37.79,16.0,1326.0,286.0,509.0,297.0,1.9464,INLAND,2,112500.0,118084.0
-117.18,34.05,29.0,3436.0,731.0,1323.0,676.0,2.4943,INLAND,2,122300.0,98463.5
-118.04,34.12,30.0,2170.0,318.0,984.0,309.0,5.6916,INLAND,4,500001.0,301373.53
-117.2,33.72,8.0,5528.0,1073.0,1674.0,918.0,2.5335,<1H OCEAN,2,110100.0,148878.0
-122.5,37.92,30.0,2270.0,359.0,974.0,351.0,5.5926,NEAR BAY,4,300900.0,358198.52
-117.67,34.05,6.0,2833.0,628.0,1717.0,589.0,3.2062,INLAND,3,167500.0,136538.5
-118.45,34.18,34.0,1843.0,442.0,861.0,417.0,3.6875,<1H OCEAN,3,246400.0,238990.5
-121.87,37.27,25.0,1730.0,226.0,721.0,243.0,7.5845,<1H OCEAN,5,279300.0,368590.05
-117.6,33.43,21.0,3951.0,562.0,1392.0,543.0,5.1439,NEAR OCEAN,4,414000.0,293573.61
-119.74,36.76,42.0,2093.0,470.0,1621.0,438.0,1.7994,INLAND,2,58700.0,55490.0
-118.04,33.76,25.0,4061.0,545.0,1623.0,527.0,7.1572,<1H OCEAN,5,294900.0,348327.04
-118.42,33.97,44.0,1462.0,240.0,562.0,237.0,4.9375,<1H OCEAN,4,365200.0,373654.045
-122.0,37.36,19.0,2237.0,433.0,1158.0,426.0,6.7718,<1H OCEAN,5,368300.0,339336.02
-118.54,34.19,22.0,3380.0,790.0,2199.0,737.0,2.5739,<1H OCEAN,2,239200.0,213079.5
-117.84,33.74,22.0,6072.0,1802.0,4715.0,1666.0,3.1353,<1H OCEAN,3,121400.0,191935.0
-117.58,33.66,4.0,3305.0,644.0,1693.0,597.0,5.2497,<1H OCEAN,4,215000.0,247504.56
-117.42,33.94,35.0,1764.0,325.0,1094.0,353.0,4.1528,INLAND,3,113900.0,128190.5
-118.14,34.05,39.0,1880.0,367.0,954.0,349.0,3.875,<1H OCEAN,3,236400.0,232611.5
-117.13,32.77,30.0,2582.0,650.0,1098.0,603.0,2.8281,NEAR OCEAN,2,171700.0,170393.005
-122.23,37.76,52.0,1049.0,185.0,374.0,176.0,4.1458,NEAR BAY,3,248500.0,217073.0
-122.38,40.57,43.0,2251.0,542.0,1479.0,512.0,1.5676,INLAND,2,58200.0,63847.5
-119.35,36.19,6.0,958.0,226.0,734.0,230.0,1.0349,INLAND,1,67800.0,94830.0
-120.64,36.99,23.0,2363.0,449.0,1168.0,410.0,2.2794,INLAND,2,75700.0,77098.0
-117.88,34.12,34.0,912.0,165.0,522.0,150.0,4.0417,<1H OCEAN,3,178000.0,171087.0
-115.54,32.79,23.0,1712.0,403.0,1370.0,377.0,1.275,INLAND,1,60400.0,60331.5
-118.05,33.72,17.0,1875.0,472.0,900.0,406.0,5.2589,<1H OCEAN,4,226100.0,265310.045
-118.14,33.88,30.0,2596.0,580.0,1662.0,539.0,4.0507,<1H OCEAN,3,179500.0,208360.0
-120.43,34.89,28.0,2862.0,478.0,1384.0,463.0,4.6694,<1H OCEAN,4,158200.0,213784.01
-117.05,33.05,6.0,7916.0,1293.0,2741.0,1204.0,5.6436,<1H OCEAN,4,278600.0,239327.0
-122.32,37.52,17.0,6645.0,1034.0,2557.0,1032.0,6.3892,NEAR OCEAN,5,480800.0,383988.62
-118.11,34.06,18.0,2609.0,721.0,2221.0,703.0,2.3224,<1H OCEAN,2,192300.0,177285.0
-121.56,38.44,43.0,1485.0,270.0,653.0,251.0,3.0,INLAND,2,141700.0,117440.5
-121.82,37.38,32.0,3747.0,665.0,1687.0,649.0,5.4949,<1H OCEAN,4,330800.0,260004.5
-117.14,32.71,52.0,979.0,314.0,975.0,297.0,1.2375,NEAR OCEAN,1,100000.0,89830.5
-118.2,33.9,34.0,1552.0,444.0,2093.0,413.0,2.2125,<1H OCEAN,2,103200.0,123772.0
-119.21,36.39,31.0,1465.0,303.0,1013.0,297.0,2.0363,INLAND,2,53500.0,58932.5
-118.2,34.11,36.0,1441.0,534.0,1809.0,500.0,2.1793,<1H OCEAN,2,185700.0,153603.5
-117.93,33.64,24.0,1395.0,396.0,1478.0,404.0,2.5301,<1H OCEAN,2,192900.0,197573.5
-117.94,33.88,46.0,1747.0,312.0,770.0,296.0,5.4217,<1H OCEAN,4,256000.0,303469.125
-118.0,34.07,34.0,1696.0,456.0,1609.0,426.0,2.25,INLAND,2,138500.0,138273.0
-116.56,34.06,15.0,6928.0,1529.0,2568.0,1075.0,2.5405,INLAND,2,69600.0,104787.0
-118.37,34.02,33.0,2263.0,430.0,900.0,382.0,4.4028,<1H OCEAN,3,246800.0,288440.07
-121.98,37.95,16.0,2984.0,406.0,1317.0,397.0,6.7821,INLAND,5,265900.0,285526.0
-118.18,33.79,20.0,1255.0,360.0,1201.0,318.0,1.2206,NEAR OCEAN,1,162500.0,129863.0
-122.45,37.78,43.0,1452.0,397.0,897.0,393.0,4.1319,NEAR BAY,3,322700.0,383410.64
-122.14,37.48,36.0,1210.0,236.0,981.0,239.0,4.0039,NEAR BAY,3,148900.0,209176.51
-118.02,34.13,34.0,1966.0,319.0,980.0,297.0,7.7307,INLAND,5,429000.0,426500.335
-122.13,37.45,37.0,1287.0,197.0,510.0,206.0,7.9029,NEAR BAY,5,500001.0,474683.225
-117.66,34.13,19.0,3995.0,554.0,1523.0,509.0,6.075,INLAND,5,254100.0,243794.005
-122.42,37.74,52.0,1786.0,427.0,856.0,394.0,3.0833,NEAR BAY,3,328100.0,269889.51
-118.28,34.08,40.0,1630.0,543.0,1568.0,510.0,2.7366,<1H OCEAN,2,169100.0,202989.5
-118.11,33.94,32.0,2098.0,378.0,1036.0,385.0,5.0258,<1H OCEAN,4,255400.0,232465.5
-121.53,38.58,33.0,4988.0,1169.0,2414.0,1075.0,1.9728,INLAND,2,76400.0,86178.0
-117.01,32.85,23.0,2592.0,414.0,1401.0,431.0,5.4903,<1H OCEAN,4,151400.0,196229.5
-117.96,33.99,25.0,2799.0,388.0,1348.0,389.0,6.2517,<1H OCEAN,5,311100.0,292627.5
-122.5,37.97,25.0,6526.0,1902.0,5917.0,1812.0,2.7273,NEAR BAY,2,187500.0,274323.015
-118.08,34.1,36.0,2679.0,548.0,1605.0,533.0,3.5313,<1H OCEAN,3,213200.0,235161.0
-118.31,34.04,33.0,2691.0,726.0,2390.0,681.0,2.4048,<1H OCEAN,2,208300.0,186549.505
-117.99,33.9,33.0,2161.0,383.0,1235.0,383.0,5.6454,<1H OCEAN,4,202800.0,229058.0
-119.83,36.8,24.0,3756.0,681.0,1586.0,739.0,3.8571,INLAND,3,90100.0,95364.0
-117.1,32.75,15.0,2422.0,774.0,2120.0,715.0,1.0617,NEAR OCEAN,1,92400.0,126143.0
-121.24,38.78,18.0,549.0,143.0,249.0,136.0,0.8691,INLAND,1,136500.0,106223.0
-119.95,38.95,21.0,2046.0,580.0,952.0,353.0,1.7245,INLAND,2,92200.0,103379.5
-120.24,37.96,34.0,1747.0,395.0,935.0,362.0,1.625,INLAND,2,79400.0,83449.5
-117.09,32.75,20.0,1701.0,503.0,1482.0,465.0,1.6789,NEAR OCEAN,2,95500.0,102878.5
-117.9,33.68,25.0,7060.0,1159.0,3903.0,1139.0,4.8359,<1H OCEAN,4,249200.0,277094.505
-117.63,34.08,38.0,1810.0,371.0,1257.0,354.0,3.8355,INLAND,3,111700.0,134405.0
-118.31,34.05,38.0,1864.0,515.0,1768.0,439.0,1.9336,<1H OCEAN,2,190600.0,208342.0
-121.84,36.6,30.0,2958.0,691.0,1616.0,666.0,3.4643,<1H OCEAN,3,191800.0,191776.5
-118.44,33.81,33.0,3994.0,990.0,1647.0,931.0,5.0106,NEAR OCEAN,4,500001.0,453422.495
-119.46,35.17,40.0,4164.0,812.0,1998.0,773.0,2.8323,INLAND,2,50800.0,70237.5
-121.43,37.78,24.0,807.0,174.0,585.0,166.0,2.6181,INLAND,2,163500.0,110421.5
-122.44,37.75,52.0,2082.0,425.0,801.0,411.0,4.2708,NEAR BAY,3,368900.0,347498.05
-121.7,39.37,32.0,1852.0,373.0,911.0,365.0,1.7885,INLAND,2,57000.0,69594.5
-120.85,37.77,35.0,404.0,96.0,261.0,100.0,2.4583,INLAND,2,75000.0,145429.0
-118.48,34.42,21.0,1375.0,259.0,728.0,258.0,5.0166,<1H OCEAN,4,229000.0,243522.505
-121.6,37.9,5.0,14684.0,2252.0,4276.0,1722.0,6.9051,INLAND,5,340900.0,284558.5
-122.23,37.47,39.0,5264.0,1259.0,3057.0,1265.0,3.623,NEAR OCEAN,3,276600.0,336244.54
-120.95,37.66,16.0,4478.0,647.0,1990.0,672.0,5.1473,INLAND,4,188400.0,183960.5
-121.3,37.92,28.0,3308.0,766.0,3201.0,720.0,1.7694,INLAND,2,73900.0,79921.0
-122.09,37.69,43.0,500.0,110.0,273.0,120.0,3.3125,NEAR BAY,3,150000.0,189003.5
-122.23,38.05,52.0,1736.0,358.0,638.0,297.0,2.5517,NEAR BAY,2,147100.0,128744.0
-117.93,33.83,32.0,1792.0,411.0,1131.0,381.0,2.4942,<1H OCEAN,2,186300.0,187964.5
-118.3,33.87,31.0,1398.0,261.0,823.0,263.0,5.0641,<1H OCEAN,4,234900.0,255123.01
-117.09,32.76,31.0,1235.0,387.0,816.0,397.0,1.5517,NEAR OCEAN,2,122500.0,130964.5
-122.56,37.97,52.0,1833.0,324.0,735.0,306.0,4.6944,NEAR BAY,4,398900.0,329872.585
-122.12,37.75,33.0,1809.0,261.0,808.0,219.0,6.86,NEAR BAY,5,250000.0,346311.565
-117.66,34.05,6.0,5129.0,1119.0,2533.0,949.0,3.625,INLAND,3,113600.0,156926.0
-118.62,34.2,29.0,2421.0,402.0,1120.0,388.0,5.0309,<1H OCEAN,4,244800.0,237227.505
-118.35,34.17,47.0,858.0,170.0,365.0,171.0,2.0385,<1H OCEAN,2,225000.0,216793.5
-118.06,33.98,42.0,1342.0,243.0,615.0,208.0,5.4381,<1H OCEAN,4,186900.0,284966.53
-118.34,33.84,36.0,1561.0,252.0,740.0,253.0,6.2778,<1H OCEAN,5,309700.0,348858.065
-121.4,38.47,4.0,20982.0,3392.0,10329.0,3086.0,4.3658,INLAND,3,130600.0,154824.5
-122.43,37.63,34.0,4135.0,687.0,2154.0,742.0,4.9732,NEAR OCEAN,4,342300.0,286059.5
-120.98,37.64,39.0,2617.0,659.0,2052.0,642.0,1.6952,INLAND,2,65000.0,70751.0
-117.82,33.89,21.0,3079.0,509.0,1431.0,480.0,4.0714,<1H OCEAN,3,278900.0,206869.0
-118.29,34.03,22.0,3313.0,1235.0,2381.0,1063.0,0.7473,<1H OCEAN,1,168800.0,265053.59
-119.7,34.43,37.0,1462.0,306.0,678.0,322.0,5.1545,<1H OCEAN,4,418400.0,322423.58
-117.32,34.19,6.0,1068.0,182.0,999.0,188.0,4.7222,INLAND,4,109000.0,143127.5
-118.44,34.31,22.0,3182.0,822.0,2661.0,746.0,2.7472,<1H OCEAN,2,160100.0,168346.5
-122.25,37.5,45.0,1812.0,336.0,752.0,329.0,4.95,NEAR OCEAN,4,345000.0,322296.51
-118.44,34.01,41.0,1309.0,221.0,534.0,228.0,5.1708,<1H OCEAN,4,418800.0,393279.085
-118.1,33.84,36.0,690.0,109.0,316.0,104.0,3.7813,<1H OCEAN,3,209100.0,191727.5
-121.47,39.51,19.0,3720.0,636.0,1304.0,607.0,2.6921,INLAND,2,97500.0,91451.0
-117.93,33.9,30.0,2629.0,331.0,956.0,319.0,9.9071,<1H OCEAN,5,500001.0,477890.595
-121.51,38.69,28.0,800.0,149.0,450.0,158.0,2.1029,INLAND,2,108600.0,97066.5
-117.96,34.02,33.0,349.0,124.0,460.0,83.0,2.375,<1H OCEAN,2,133300.0,172289.505
-119.01,36.07,44.0,2450.0,575.0,1330.0,508.0,1.6103,INLAND,2,50900.0,59921.0
-122.04,37.37,33.0,2757.0,489.0,1201.0,481.0,5.0453,<1H OCEAN,4,311600.0,333553.575
-118.38,33.86,12.0,4235.0,735.0,1798.0,683.0,6.4242,<1H OCEAN,5,365500.0,351658.625
-122.26,37.87,52.0,1087.0,371.0,3337.0,350.0,1.4012,NEAR BAY,1,175000.0,237367.0
-118.16,33.88,18.0,2287.0,662.0,1804.0,537.0,1.9903,<1H OCEAN,2,170300.0,140972.0
-119.18,34.27,6.0,2307.0,386.0,910.0,364.0,5.215,NEAR OCEAN,4,279500.0,268686.52
-117.23,33.68,10.0,3659.0,650.0,1476.0,515.0,3.8869,<1H OCEAN,3,125900.0,183583.505
-117.6,34.11,18.0,6025.0,1062.0,3360.0,1028.0,4.8889,INLAND,4,155700.0,168893.5
-117.11,32.7,37.0,2045.0,502.0,1920.0,472.0,1.8125,NEAR OCEAN,2,83300.0,89029.5
-122.16,37.77,48.0,977.0,194.0,446.0,180.0,4.7708,NEAR BAY,4,156300.0,237114.0
-117.77,34.08,27.0,5929.0,932.0,2817.0,828.0,6.0434,INLAND,5,214800.0,254682.5
-119.48,36.5,32.0,3451.0,625.0,1968.0,574.0,2.9554,INLAND,2,110300.0,70560.5
-123.73,39.44,32.0,790.0,151.0,380.0,142.0,2.7,<1H OCEAN,2,165000.0,117230.5
-122.45,37.74,52.0,1596.0,276.0,642.0,273.0,4.375,NEAR BAY,3,349500.0,298575.51
-122.44,37.79,52.0,1447.0,186.0,483.0,181.0,15.0001,NEAR BAY,5,500001.0,500001.0
-121.04,39.24,48.0,1188.0,227.0,471.0,219.0,2.3125,INLAND,2,125700.0,121608.0
-117.7,34.0,15.0,4905.0,711.0,2711.0,762.0,5.7021,INLAND,4,193100.0,205883.0
-118.1,34.12,50.0,1835.0,231.0,636.0,211.0,11.6471,<1H OCEAN,5,500001.0,496053.45
-117.87,34.11,23.0,4066.0,819.0,2105.0,737.0,4.6556,<1H OCEAN,4,199600.0,237339.525
-118.34,34.07,52.0,3421.0,598.0,1203.0,564.0,4.1618,<1H OCEAN,3,500001.0,410606.215
-122.3,38.25,18.0,3548.0,880.0,1476.0,699.0,3.7188,NEAR BAY,3,163400.0,166865.5
-118.18,33.96,20.0,427.0,118.0,402.0,105.0,1.4167,<1H OCEAN,1,137500.0,160192.0
-121.22,37.81,20.0,1811.0,352.0,1191.0,327.0,4.0125,INLAND,3,121500.0,141294.0
-118.37,33.82,32.0,2815.0,607.0,1338.0,609.0,4.5687,<1H OCEAN,4,381200.0,362113.615
-122.22,38.1,44.0,3013.0,563.0,1353.0,512.0,3.4559,NEAR BAY,3,111900.0,140064.0
-121.67,39.26,29.0,3041.0,683.0,2106.0,687.0,1.6315,INLAND,2,58000.0,94882.0
-120.43,36.99,16.0,1027.0,199.0,673.0,193.0,2.9688,INLAND,2,63800.0,87586.5
-118.45,33.99,52.0,1010.0,244.0,573.0,242.0,4.1861,<1H OCEAN,3,363200.0,331691.5
-122.04,36.96,42.0,1149.0,264.0,703.0,232.0,2.5865,NEAR OCEAN,2,206400.0,238367.0
-117.65,33.4,17.0,2737.0,654.0,910.0,492.0,3.5729,NEAR OCEAN,3,370800.0,281655.55
-122.63,38.94,18.0,3844.0,969.0,1832.0,845.0,1.125,INLAND,1,81800.0,97802.5
-122.04,37.34,19.0,3694.0,1036.0,2496.0,986.0,3.6991,<1H OCEAN,3,271500.0,282091.045
-121.97,37.53,35.0,2277.0,420.0,1353.0,413.0,4.75,<1H OCEAN,4,197000.0,214128.505
-119.78,36.78,31.0,2164.0,456.0,959.0,463.0,2.3293,INLAND,2,73400.0,72521.5
-118.44,34.15,37.0,1335.0,286.0,539.0,279.0,3.2813,<1H OCEAN,3,301700.0,351893.515
-118.14,34.68,33.0,2815.0,485.0,1447.0,489.0,4.2679,INLAND,3,119600.0,166253.0
-121.86,37.39,17.0,1777.0,328.0,1235.0,329.0,5.4225,<1H OCEAN,4,258100.0,225945.5
-118.33,34.15,39.0,493.0,168.0,259.0,138.0,2.3667,<1H OCEAN,2,17500.0,244486.05
-117.34,33.21,23.0,2062.0,376.0,1302.0,379.0,4.0109,NEAR OCEAN,3,145700.0,210492.0
-122.2,37.77,41.0,1547.0,415.0,1024.0,341.0,2.0562,NEAR BAY,2,102000.0,96567.0
-118.1,33.74,37.0,997.0,262.0,531.0,282.0,4.7773,NEAR OCEAN,4,400000.0,362528.7
-119.05,36.09,9.0,3297.0,568.0,1749.0,568.0,4.0217,INLAND,3,99200.0,97186.0
-121.82,37.81,12.0,4711.0,659.0,2089.0,621.0,8.3209,INLAND,5,485400.0,333935.045
-117.81,33.83,8.0,7326.0,884.0,2569.0,798.0,10.157,<1H OCEAN,5,477100.0,475951.825
-119.04,35.36,36.0,1942.0,414.0,1051.0,411.0,1.8362,INLAND,2,66900.0,58059.5
-117.9,33.88,28.0,2696.0,346.0,947.0,356.0,9.0055,<1H OCEAN,5,375400.0,455791.98
-122.2,37.79,40.0,1060.0,256.0,667.0,235.0,4.1739,NEAR BAY,3,169600.0,227755.005
-118.95,34.17,23.0,2630.0,404.0,1184.0,385.0,5.2955,<1H OCEAN,4,247600.0,289816.54
-117.9,33.83,23.0,2459.0,689.0,2720.0,598.0,2.8072,<1H OCEAN,2,164700.0,174216.5
-118.38,34.16,46.0,2609.0,593.0,1055.0,585.0,3.3177,<1H OCEAN,3,309400.0,326267.54
-117.15,32.93,16.0,2718.0,438.0,1515.0,431.0,5.1433,<1H OCEAN,4,185300.0,205309.005
-118.3,33.86,35.0,2016.0,365.0,1083.0,369.0,5.1727,<1H OCEAN,4,230200.0,271229.005
-118.18,33.98,30.0,1735.0,573.0,2237.0,545.0,2.3444,<1H OCEAN,2,156100.0,157990.5
-118.01,33.73,23.0,4095.0,578.0,1766.0,589.0,6.7418,<1H OCEAN,5,302500.0,311798.52
-116.4,34.09,9.0,4855.0,872.0,2098.0,765.0,3.2723,INLAND,3,97800.0,111293.5
-121.96,37.35,37.0,1755.0,325.0,699.0,321.0,3.925,<1H OCEAN,3,251300.0,265609.505
-122.47,37.7,47.0,737.0,126.0,370.0,136.0,3.775,NEAR OCEAN,3,281300.0,280054.0
-117.11,32.59,18.0,2329.0,580.0,1538.0,567.0,2.1179,NEAR OCEAN,2,153100.0,123242.505
-122.43,37.75,52.0,1970.0,495.0,871.0,474.0,4.0625,NEAR BAY,3,355600.0,354452.545
-120.57,37.35,18.0,704.0,176.0,520.0,154.0,3.003,INLAND,3,101300.0,99330.0
-118.13,33.96,36.0,1933.0,341.0,958.0,335.0,4.4732,<1H OCEAN,3,266000.0,230298.0
-120.79,37.49,44.0,1186.0,225.0,687.0,234.0,3.4167,INLAND,3,160700.0,131503.5
-118.47,34.0,37.0,2586.0,765.0,1801.0,737.0,2.6042,<1H OCEAN,2,305800.0,301149.535
-116.99,33.92,26.0,503.0,69.0,293.0,59.0,3.7083,INLAND,3,147500.0,114668.0
-117.96,33.84,31.0,2265.0,537.0,1617.0,507.0,3.4583,<1H OCEAN,3,186300.0,187176.0
-122.16,37.47,33.0,3687.0,852.0,3091.0,852.0,2.6506,NEAR BAY,2,162600.0,184736.5
-118.03,34.16,36.0,1401.0,218.0,667.0,225.0,7.1615,INLAND,5,484700.0,456451.615
-117.22,32.78,22.0,2020.0,466.0,1010.0,429.0,3.4527,NEAR OCEAN,3,175000.0,241615.515
-117.23,33.91,9.0,11654.0,2100.0,7596.0,2127.0,4.0473,INLAND,3,127200.0,134193.0
-117.94,33.88,35.0,2159.0,343.0,833.0,335.0,5.3738,<1H OCEAN,4,365100.0,246087.0
-121.14,38.84,22.0,2750.0,433.0,1161.0,428.0,4.2143,INLAND,3,236500.0,202769.0
-121.93,37.28,10.0,3163.0,832.0,1537.0,797.0,4.1674,<1H OCEAN,3,214000.0,238991.015
-121.94,37.32,46.0,2451.0,472.0,1163.0,448.0,4.8519,<1H OCEAN,4,225800.0,300100.5
-124.17,40.74,17.0,2026.0,338.0,873.0,313.0,4.0357,NEAR OCEAN,3,128900.0,117370.5
-117.11,32.78,16.0,2470.0,830.0,1170.0,724.0,3.5562,NEAR OCEAN,3,73500.0,144416.5
-121.44,36.51,31.0,1636.0,380.0,1468.0,339.0,3.2219,<1H OCEAN,3,114700.0,161296.0
-121.88,37.33,41.0,395.0,164.0,549.0,184.0,2.375,<1H OCEAN,2,175000.0,222596.0
-118.52,34.22,21.0,4617.0,1101.0,2891.0,1031.0,3.2289,<1H OCEAN,3,318100.0,222981.0
-122.49,37.76,52.0,2245.0,425.0,1091.0,409.0,3.5909,NEAR BAY,3,331200.0,323497.5
-119.29,34.28,38.0,2387.0,748.0,1537.0,741.0,2.3147,NEAR OCEAN,2,192500.0,206976.0
-117.1,33.14,7.0,10665.0,2576.0,4917.0,2424.0,2.3171,<1H OCEAN,2,159500.0,138858.5
-118.07,33.9,42.0,1007.0,224.0,776.0,228.0,3.8672,<1H OCEAN,3,162700.0,165166.5
-121.47,38.48,24.0,2359.0,462.0,2048.0,476.0,3.2702,INLAND,3,67300.0,104643.0
-121.23,38.65,19.0,2926.0,476.0,1349.0,480.0,4.6437,INLAND,4,212900.0,193344.0
-116.93,32.79,23.0,5759.0,1258.0,3108.0,1202.0,3.0927,<1H OCEAN,3,140600.0,159971.5
-117.68,34.04,27.0,574.0,103.0,321.0,103.0,3.9107,INLAND,3,186500.0,145959.5
-122.53,37.93,42.0,2171.0,362.0,887.0,347.0,6.6125,NEAR BAY,5,393200.0,416653.35
-121.25,37.95,40.0,1703.0,362.0,1208.0,373.0,2.0817,INLAND,2,55300.0,68306.5
-118.42,34.04,46.0,1508.0,276.0,639.0,273.0,4.925,<1H OCEAN,4,409800.0,383434.055
-118.02,34.09,32.0,1747.0,399.0,1199.0,402.0,3.4286,INLAND,3,191800.0,260612.5
-121.28,38.14,37.0,3278.0,623.0,1431.0,575.0,3.3987,INLAND,3,99500.0,118712.0
-117.89,33.88,15.0,1655.0,626.0,1549.0,582.0,1.9127,<1H OCEAN,2,175000.0,140008.5
-117.51,33.89,16.0,5418.0,1005.0,2690.0,1088.0,4.0556,INLAND,3,158000.0,147649.5
-118.27,34.0,43.0,1258.0,381.0,1276.0,358.0,1.8917,<1H OCEAN,2,106900.0,102484.0
-118.14,33.96,34.0,2744.0,541.0,1333.0,503.0,4.0536,<1H OCEAN,3,277200.0,239018.5
-118.31,33.72,26.0,2711.0,508.0,1372.0,459.0,4.1451,NEAR OCEAN,3,326700.0,319878.0
-119.82,36.64,30.0,1694.0,312.0,1008.0,321.0,2.2466,INLAND,2,96000.0,68023.0
-118.49,34.29,26.0,4516.0,611.0,1714.0,581.0,9.2873,<1H OCEAN,5,431800.0,497736.465
-122.67,38.44,32.0,3771.0,741.0,1786.0,721.0,3.2415,<1H OCEAN,3,172200.0,187669.5
-121.28,38.6,17.0,1671.0,378.0,848.0,351.0,3.1194,INLAND,3,112500.0,132289.5
-116.88,34.19,38.0,898.0,259.0,106.0,52.0,1.6875,INLAND,2,225000.0,84649.5
-121.79,37.23,17.0,2281.0,359.0,1226.0,394.0,5.4193,<1H OCEAN,4,259500.0,245244.505
-122.5,37.75,45.0,1672.0,344.0,838.0,314.0,4.1419,NEAR OCEAN,3,291500.0,278245.5
-119.65,36.32,11.0,1294.0,314.0,713.0,290.0,1.5433,INLAND,2,50400.0,66690.5
-119.82,34.44,16.0,1414.0,463.0,793.0,439.0,3.6034,NEAR OCEAN,3,150000.0,248257.005
-118.12,33.81,36.0,2565.0,458.0,1155.0,443.0,4.6087,<1H OCEAN,4,224600.0,231598.0
-121.96,38.32,12.0,5127.0,998.0,2749.0,976.0,4.0458,INLAND,3,130600.0,146243.5
-119.32,36.19,11.0,3136.0,620.0,2013.0,583.0,3.335,INLAND,3,69700.0,85625.0
-121.99,37.05,19.0,2023.0,392.0,955.0,328.0,5.2486,NEAR OCEAN,4,353000.0,309013.5
-122.03,37.34,16.0,1755.0,410.0,674.0,410.0,5.1602,<1H OCEAN,4,231200.0,323068.54
-117.93,34.05,36.0,1340.0,221.0,848.0,244.0,4.1731,<1H OCEAN,3,205100.0,167527.0
-122.12,37.43,33.0,3262.0,668.0,1411.0,626.0,5.316,NEAR BAY,4,398100.0,384743.06
-117.89,34.12,35.0,1566.0,321.0,1396.0,317.0,4.05,<1H OCEAN,3,141300.0,151393.0
-121.36,38.01,16.0,926.0,230.0,451.0,198.0,4.0221,INLAND,3,173300.0,133894.5
-120.78,38.73,31.0,3117.0,616.0,1606.0,588.0,2.9844,INLAND,2,127900.0,120830.0
-122.26,37.86,52.0,3774.0,744.0,1461.0,679.0,2.9405,NEAR BAY,2,289500.0,257635.0
-121.28,38.02,8.0,1868.0,392.0,1258.0,389.0,3.175,INLAND,3,95900.0,123017.0
-121.76,38.66,17.0,5320.0,984.0,2866.0,928.0,4.1997,INLAND,3,133400.0,166819.0
-118.21,33.82,33.0,1278.0,311.0,1157.0,320.0,3.5054,NEAR OCEAN,3,146800.0,177088.51
-118.31,34.18,11.0,3112.0,890.0,1700.0,851.0,3.1587,<1H OCEAN,3,181300.0,224702.5
-116.87,33.93,32.0,3141.0,812.0,2589.0,721.0,1.4556,INLAND,1,54600.0,78028.5
-119.01,36.08,31.0,1620.0,366.0,1154.0,348.0,1.8857,INLAND,2,55500.0,55828.0
-117.83,33.82,23.0,1100.0,285.0,940.0,267.0,3.6953,<1H OCEAN,3,150000.0,191989.5
-121.42,38.6,35.0,1166.0,193.0,574.0,190.0,2.2452,INLAND,2,102800.0,101201.5
-117.75,34.05,35.0,1293.0,339.0,1494.0,312.0,1.6645,INLAND,2,93300.0,101993.0
-117.32,34.02,17.0,1779.0,292.0,1006.0,293.0,4.6708,INLAND,4,123100.0,142075.0
-117.71,34.04,17.0,4098.0,733.0,1859.0,713.0,2.9811,INLAND,2,231800.0,126320.0
-117.9,33.75,28.0,1346.0,291.0,1575.0,278.0,3.425,<1H OCEAN,3,159500.0,170438.5
-118.18,37.35,16.0,3806.0,794.0,1501.0,714.0,2.1212,INLAND,2,108300.0,98878.5
-119.02,36.06,41.0,2279.0,538.0,1908.0,511.0,1.3952,INLAND,1,43100.0,52523.5
-119.35,36.33,14.0,1195.0,220.0,568.0,229.0,3.1486,INLAND,3,105600.0,97876.0
-117.99,34.04,30.0,4468.0,959.0,4027.0,938.0,3.185,<1H OCEAN,3,168300.0,180311.5
-120.59,34.7,29.0,17738.0,3114.0,12427.0,2826.0,2.7377,NEAR OCEAN,2,28300.0,168327.0
-117.69,33.53,17.0,5041.0,778.0,2396.0,801.0,6.0868,<1H OCEAN,5,282900.0,284042.0
-119.19,34.23,17.0,3889.0,748.0,2415.0,739.0,4.5,NEAR OCEAN,3,234300.0,224855.5
-121.76,38.25,32.0,1495.0,333.0,905.0,281.0,2.625,INLAND,2,212500.0,99902.5
-118.3,34.08,36.0,1276.0,503.0,1502.0,450.0,2.1766,<1H OCEAN,2,205600.0,208867.5
-120.83,37.51,34.0,3078.0,477.0,1226.0,487.0,4.601,INLAND,4,150000.0,162692.5
-121.78,37.66,25.0,1947.0,418.0,900.0,354.0,3.8523,INLAND,3,193000.0,170034.0
-117.86,34.24,52.0,803.0,267.0,628.0,225.0,4.1932,INLAND,3,14999.0,229818.5
-118.02,34.09,24.0,2080.0,514.0,1976.0,478.0,2.6917,INLAND,2,170000.0,178124.5
-117.15,32.92,16.0,1972.0,402.0,1377.0,413.0,4.4615,<1H OCEAN,3,168300.0,175482.0
-122.91,39.05,20.0,1128.0,229.0,621.0,210.0,3.2216,INLAND,3,93500.0,112851.0
-118.67,34.27,15.0,3221.0,659.0,1390.0,607.0,3.5313,<1H OCEAN,3,191800.0,212719.51
-117.98,33.85,23.0,2089.0,377.0,1085.0,362.0,4.765,<1H OCEAN,4,181500.0,214184.0
-118.52,34.22,35.0,1275.0,222.0,959.0,226.0,5.0282,<1H OCEAN,4,195400.0,224915.015
-117.01,32.83,17.0,15401.0,3280.0,7302.0,3176.0,3.3067,<1H OCEAN,3,121900.0,169741.5
-117.25,33.22,26.0,2010.0,347.0,1160.0,331.0,3.9815,<1H OCEAN,3,142600.0,178351.51
-118.25,34.02,50.0,180.0,89.0,356.0,76.0,2.1944,<1H OCEAN,2,158300.0,149307.01
-118.2,33.95,41.0,679.0,184.0,788.0,185.0,2.1406,<1H OCEAN,2,165300.0,150527.0
-118.21,34.04,52.0,846.0,271.0,1153.0,281.0,2.1923,<1H OCEAN,2,155000.0,145305.0
-121.31,38.02,24.0,4157.0,951.0,2734.0,879.0,2.7981,INLAND,2,92100.0,111551.5
-115.57,32.79,50.0,1291.0,277.0,864.0,274.0,1.6667,INLAND,2,68100.0,66124.5
-122.58,38.1,22.0,11872.0,2300.0,5600.0,2200.0,4.6463,NEAR BAY,4,276300.0,251639.51
-122.19,37.83,28.0,1326.0,184.0,463.0,190.0,8.2049,NEAR BAY,5,335200.0,408311.71
-117.06,33.02,24.0,830.0,190.0,279.0,196.0,1.9176,<1H OCEAN,2,121100.0,160874.02
-121.19,38.04,35.0,703.0,117.0,290.0,107.0,3.225,INLAND,3,177100.0,137618.5
-118.23,33.8,26.0,239.0,135.0,165.0,112.0,1.3333,NEAR OCEAN,1,187500.0,150713.005
-121.5,38.53,39.0,3184.0,593.0,1188.0,572.0,4.6923,INLAND,4,192000.0,204499.5
-118.25,34.22,30.0,2062.0,396.0,1089.0,375.0,5.5362,<1H OCEAN,4,301200.0,307438.025
-117.64,34.03,10.0,3194.0,579.0,2088.0,549.0,4.1779,INLAND,3,159100.0,155180.0
-122.34,37.56,39.0,3562.0,391.0,1139.0,391.0,12.6417,NEAR OCEAN,5,500001.0,500001.0
-122.31,37.57,37.0,1437.0,305.0,979.0,331.0,4.0,NEAR OCEAN,3,273700.0,298253.01
-121.76,37.23,16.0,4274.0,715.0,2240.0,704.0,5.4218,<1H OCEAN,4,233900.0,261054.5
-122.41,37.8,52.0,812.0,252.0,629.0,247.0,2.5875,NEAR BAY,2,500001.0,287959.57
-118.12,33.83,45.0,1734.0,331.0,797.0,293.0,4.8917,<1H OCEAN,4,222800.0,252873.0
-117.62,34.44,6.0,8884.0,1687.0,3767.0,1334.0,3.599,INLAND,3,140200.0,141831.5
-117.85,33.74,19.0,1248.0,357.0,1214.0,328.0,2.7059,<1H OCEAN,2,159800.0,161918.5
-118.28,34.0,38.0,3335.0,921.0,3612.0,887.0,2.125,<1H OCEAN,2,118800.0,139514.5
-118.46,34.01,48.0,1640.0,322.0,664.0,301.0,4.0,<1H OCEAN,3,500001.0,363795.56
-121.41,38.61,36.0,3099.0,605.0,1322.0,623.0,3.4784,INLAND,3,105500.0,147136.5
-118.25,34.11,43.0,2230.0,583.0,1667.0,543.0,2.8667,<1H OCEAN,2,217800.0,209651.505
-118.28,34.06,52.0,936.0,454.0,990.0,354.0,1.1122,<1H OCEAN,1,187500.0,215372.5
-122.02,37.88,16.0,3031.0,438.0,1087.0,421.0,7.3732,NEAR BAY,5,287300.0,372219.07
-119.1,35.35,5.0,4597.0,1071.0,1916.0,870.0,4.0327,INLAND,3,131000.0,119294.0
-121.47,38.55,29.0,1303.0,308.0,861.0,263.0,1.0208,INLAND,1,55800.0,66624.0
-117.92,34.05,36.0,2241.0,419.0,1743.0,448.0,4.6587,<1H OCEAN,4,161900.0,179498.5
-122.26,37.86,35.0,5161.0,1744.0,3276.0,1742.0,1.6307,NEAR BAY,2,253600.0,223438.035
-118.05,33.9,36.0,1047.0,227.0,975.0,239.0,3.1897,<1H OCEAN,3,155000.0,159259.5
-121.88,37.67,16.0,4070.0,624.0,1543.0,577.0,6.5214,INLAND,5,311500.0,300314.5
-120.98,39.93,25.0,2220.0,511.0,912.0,449.0,1.8914,INLAND,2,87800.0,68817.0
-123.79,39.44,36.0,1330.0,273.0,761.0,286.0,2.7813,<1H OCEAN,2,105800.0,120058.5
-117.95,33.92,13.0,2312.0,592.0,2038.0,559.0,3.1378,<1H OCEAN,3,137000.0,161560.5
-118.02,34.05,34.0,1610.0,513.0,2050.0,508.0,2.5562,<1H OCEAN,2,156300.0,158142.5
-118.2,33.99,35.0,1608.0,465.0,2140.0,488.0,3.1979,<1H OCEAN,3,154700.0,149355.5
-120.87,38.71,13.0,2692.0,470.0,1302.0,420.0,4.0,INLAND,3,167400.0,151944.5
-122.48,37.79,52.0,4683.0,1055.0,2246.0,975.0,4.1148,NEAR BAY,3,457800.0,410932.815
-118.4,33.87,38.0,2398.0,431.0,911.0,392.0,5.2319,<1H OCEAN,4,500001.0,403933.765
-119.84,36.81,18.0,2789.0,378.0,937.0,364.0,7.7062,INLAND,5,188300.0,263500.505
-118.33,34.08,50.0,2989.0,832.0,1345.0,775.0,3.2426,<1H OCEAN,3,442900.0,318644.025
-118.54,34.26,23.0,4960.0,592.0,1929.0,586.0,10.9052,<1H OCEAN,5,500001.0,500001.0
-118.4,34.06,52.0,2501.0,362.0,748.0,349.0,6.6343,<1H OCEAN,5,500001.0,478891.255
-122.02,36.98,21.0,1484.0,394.0,984.0,380.0,2.1734,NEAR OCEAN,2,187500.0,214725.0
-119.28,36.54,33.0,1470.0,330.0,1222.0,301.0,1.8163,INLAND,2,57400.0,58107.5
-122.17,37.43,24.0,3924.0,1142.0,7174.0,950.0,4.0972,NEAR OCEAN,3,387500.0,326045.05
-117.69,33.54,20.0,1767.0,280.0,801.0,284.0,6.5394,<1H OCEAN,5,272000.0,301630.045
-117.07,32.77,38.0,1130.0,228.0,699.0,241.0,2.65,NEAR OCEAN,2,167600.0,141001.5
-118.03,34.01,10.0,6531.0,1036.0,2975.0,1018.0,6.2319,<1H OCEAN,5,403700.0,307589.02
-118.21,34.07,47.0,1346.0,383.0,1452.0,371.0,1.7292,<1H OCEAN,2,191700.0,148144.0
-117.62,33.42,23.0,2656.0,515.0,998.0,435.0,4.0294,NEAR OCEAN,3,500001.0,274764.03
-117.93,34.08,36.0,1371.0,246.0,806.0,241.0,4.5078,<1H OCEAN,4,187100.0,193583.0
-121.69,38.16,33.0,1808.0,363.0,824.0,340.0,3.2937,INLAND,3,96400.0,130914.0
-119.82,37.57,13.0,1713.0,340.0,643.0,241.0,2.662,INLAND,2,92400.0,128818.0
-119.18,34.21,46.0,2062.0,484.0,1522.0,469.0,3.087,NEAR OCEAN,3,213900.0,195773.5
-117.41,34.23,17.0,889.0,131.0,439.0,141.0,6.1426,INLAND,5,155000.0,225034.0
-117.9,34.13,37.0,1801.0,422.0,1564.0,425.0,3.1597,<1H OCEAN,3,133000.0,162336.0
-118.27,34.05,12.0,535.0,328.0,1194.0,365.0,1.2012,<1H OCEAN,1,275000.0,191483.5
-118.03,33.97,32.0,2468.0,552.0,1190.0,479.0,3.8275,<1H OCEAN,3,238500.0,206037.5
-121.26,37.88,42.0,465.0,93.0,256.0,93.0,3.1719,INLAND,3,158300.0,139202.0
-124.17,40.79,43.0,2285.0,479.0,1169.0,482.0,1.9688,NEAR OCEAN,2,70500.0,83209.5
-117.82,33.79,26.0,2641.0,633.0,3657.0,617.0,4.1339,<1H OCEAN,3,222300.0,198268.5
-122.03,37.36,28.0,2490.0,345.0,948.0,361.0,6.4913,<1H OCEAN,5,411900.0,361754.52
-118.37,34.19,19.0,2890.0,821.0,2203.0,705.0,2.6696,<1H OCEAN,2,185100.0,196973.5
-118.13,33.79,29.0,2937.0,524.0,1132.0,528.0,4.6133,NEAR OCEAN,4,500001.0,333313.18
-117.08,32.63,33.0,2891.0,793.0,1607.0,754.0,2.1281,NEAR OCEAN,2,139800.0,132821.5
-120.65,35.12,19.0,2949.0,662.0,1425.0,548.0,2.9615,<1H OCEAN,2,178100.0,187229.5
-122.71,38.46,41.0,1974.0,482.0,965.0,458.0,2.905,<1H OCEAN,2,159300.0,167916.0
-118.24,33.98,45.0,972.0,249.0,1288.0,261.0,2.2054,<1H OCEAN,2,125000.0,107703.5
-117.19,32.84,30.0,2492.0,406.0,1250.0,431.0,5.5277,NEAR OCEAN,4,197100.0,273310.515
-117.31,34.11,38.0,1208.0,321.0,1225.0,317.0,1.4663,INLAND,1,64000.0,68469.0
-118.13,33.87,20.0,3638.0,868.0,2326.0,822.0,3.3304,<1H OCEAN,3,194600.0,207060.0
-121.0,39.09,7.0,439.0,84.0,246.0,80.0,3.0781,INLAND,3,162500.0,156752.0
-119.01,35.37,45.0,629.0,143.0,568.0,139.0,1.7321,INLAND,2,84400.0,62783.5
-121.59,39.15,5.0,1922.0,489.0,938.0,439.0,2.0474,INLAND,2,61300.0,147088.0
-122.29,37.53,41.0,839.0,190.0,419.0,215.0,5.012,NEAR OCEAN,4,368200.0,331340.62
-117.21,33.82,2.0,4198.0,805.0,1943.0,673.0,3.9052,INLAND,3,122100.0,125885.0
-120.84,37.49,25.0,2383.0,576.0,1234.0,583.0,1.4529,INLAND,1,86100.0,88714.5
-122.08,37.7,25.0,3402.0,758.0,1645.0,710.0,3.4934,NEAR BAY,3,209900.0,232335.5
-118.05,33.95,33.0,1954.0,390.0,1600.0,376.0,3.6125,<1H OCEAN,3,170800.0,160433.5
-120.67,35.5,15.0,2752.0,546.0,1422.0,545.0,3.2813,<1H OCEAN,3,175000.0,175486.5
-117.13,32.72,17.0,1285.0,423.0,1208.0,409.0,1.758,NEAR OCEAN,2,126600.0,119073.5
-118.43,34.18,31.0,2417.0,510.0,1102.0,507.0,3.8906,<1H OCEAN,3,282200.0,247542.5
-119.14,34.15,25.0,2202.0,390.0,1415.0,412.0,4.43,NEAR OCEAN,3,207700.0,255264.005
-122.71,38.35,11.0,2242.0,699.0,1203.0,642.0,2.3464,<1H OCEAN,2,104200.0,172652.5
-119.26,34.27,42.0,918.0,204.0,394.0,204.0,4.0069,NEAR OCEAN,3,214300.0,233343.51
-119.83,36.78,30.0,3162.0,640.0,1660.0,639.0,2.8359,INLAND,2,80300.0,73739.5
-120.61,35.06,13.0,2364.0,421.0,1257.0,380.0,4.6167,<1H OCEAN,4,273100.0,224685.055
-121.99,37.37,27.0,1797.0,538.0,1610.0,531.0,4.2422,<1H OCEAN,3,237500.0,257566.5
-121.0,37.63,31.0,215.0,62.0,192.0,66.0,1.75,INLAND,2,73800.0,98818.995
-121.8,37.26,18.0,3631.0,947.0,2357.0,757.0,2.875,<1H OCEAN,2,184400.0,173260.0
-118.35,34.08,52.0,2088.0,388.0,908.0,375.0,3.8141,<1H OCEAN,3,342000.0,403974.73
-117.03,32.74,35.0,1878.0,454.0,991.0,409.0,2.4345,NEAR OCEAN,2,129700.0,125644.5
-121.81,37.27,20.0,3244.0,520.0,1769.0,469.0,5.9214,<1H OCEAN,4,224000.0,254966.0
-121.61,38.38,37.0,1365.0,276.0,952.0,268.0,4.037,INLAND,3,156900.0,125144.0
-120.13,34.63,11.0,2137.0,339.0,916.0,338.0,5.5221,NEAR OCEAN,4,394900.0,301134.505
-117.07,33.15,17.0,1893.0,297.0,936.0,287.0,5.1842,<1H OCEAN,4,157700.0,188882.5
-124.02,40.72,28.0,3513.0,634.0,1658.0,598.0,3.8095,<1H OCEAN,3,119900.0,118732.5
-118.38,33.87,27.0,2287.0,491.0,1101.0,466.0,4.675,<1H OCEAN,4,316900.0,379689.035
-118.14,33.79,45.0,1519.0,263.0,681.0,267.0,4.6452,NEAR OCEAN,4,212500.0,274881.005
-124.17,40.78,39.0,1606.0,330.0,731.0,327.0,1.6369,NEAR OCEAN,2,68300.0,66485.5
-116.99,32.79,33.0,2420.0,393.0,1003.0,397.0,4.0658,<1H OCEAN,3,165100.0,167555.0
-118.27,33.95,35.0,2073.0,494.0,1753.0,490.0,1.5,<1H OCEAN,1,93600.0,98695.5
-121.32,37.97,43.0,2453.0,490.0,1093.0,438.0,2.9107,INLAND,2,88800.0,93522.0
-122.12,37.67,33.0,3429.0,681.0,1798.0,694.0,3.9395,NEAR BAY,3,184700.0,209987.0
-122.28,37.89,52.0,1225.0,169.0,412.0,168.0,5.7912,NEAR BAY,4,327100.0,347295.045
-117.71,34.08,29.0,1276.0,283.0,1216.0,316.0,2.5972,INLAND,2,134300.0,119660.0
-119.66,34.43,27.0,5509.0,1059.0,2591.0,979.0,3.8456,<1H OCEAN,3,500001.0,267586.0
-121.36,38.04,4.0,2477.0,359.0,1234.0,377.0,5.5427,INLAND,4,162100.0,182486.5
-122.04,37.24,24.0,1521.0,209.0,539.0,192.0,11.1557,<1H OCEAN,5,500001.0,500001.0
-121.96,36.98,16.0,4907.0,1117.0,2265.0,1048.0,2.6757,NEAR OCEAN,2,229200.0,252860.0
-120.67,36.72,18.0,819.0,198.0,996.0,198.0,2.5,INLAND,2,112500.0,76230.0
-118.35,33.85,34.0,1770.0,291.0,916.0,289.0,5.0,<1H OCEAN,4,354200.0,323343.5
-122.24,37.48,45.0,4126.0,696.0,1722.0,668.0,4.8966,NEAR OCEAN,4,362100.0,359123.02
-121.49,37.94,31.0,1860.0,394.0,1848.0,293.0,2.2891,INLAND,2,162500.0,79048.0
-118.25,34.01,43.0,1575.0,475.0,1980.0,469.0,1.7425,<1H OCEAN,2,100500.0,114198.5
-115.52,32.67,6.0,2804.0,581.0,2807.0,594.0,2.0625,INLAND,2,67700.0,98676.0
-119.84,36.75,34.0,1186.0,300.0,774.0,271.0,1.575,INLAND,2,57100.0,55210.0
-117.55,33.89,25.0,2999.0,439.0,1396.0,458.0,5.6973,INLAND,4,164800.0,224706.52
-118.24,34.12,41.0,1213.0,301.0,801.0,300.0,3.1806,<1H OCEAN,3,204200.0,225993.0
-122.08,37.39,39.0,2210.0,483.0,1023.0,450.0,4.5833,NEAR BAY,4,342400.0,298459.025
-118.15,33.97,32.0,927.0,250.0,970.0,248.0,2.1591,<1H OCEAN,2,181500.0,160599.0
-118.44,34.15,38.0,1387.0,337.0,713.0,343.0,2.9352,<1H OCEAN,2,304500.0,342611.09
-121.99,37.4,35.0,1845.0,325.0,1343.0,317.0,5.3912,<1H OCEAN,4,235300.0,248207.505
-117.68,35.63,18.0,4334.0,641.0,1777.0,661.0,6.0653,INLAND,5,105300.0,212810.0
-117.22,32.73,38.0,3966.0,768.0,1640.0,729.0,3.8409,NEAR OCEAN,3,291400.0,320466.57
-122.13,37.46,35.0,1321.0,300.0,1133.0,287.0,3.7312,NEAR BAY,3,159600.0,207573.005
-117.09,32.72,33.0,1096.0,240.0,716.0,224.0,1.6944,NEAR OCEAN,2,111800.0,132862.0
-121.33,38.0,14.0,3731.0,772.0,1679.0,750.0,3.1369,INLAND,3,119600.0,125195.0
-120.52,35.06,11.0,1317.0,234.0,655.0,243.0,4.3611,<1H OCEAN,3,329700.0,246265.135
-122.18,37.78,43.0,1985.0,440.0,1085.0,407.0,3.4205,NEAR BAY,3,136700.0,165281.0
-121.88,38.03,52.0,1225.0,250.0,725.0,231.0,2.0,INLAND,2,101400.0,96677.5
-120.98,37.68,18.0,4197.0,1006.0,2203.0,874.0,2.166,INLAND,2,118600.0,114163.0
-122.26,38.1,30.0,3317.0,1058.0,1794.0,990.0,1.1835,NEAR BAY,1,133300.0,154348.0
-119.09,36.42,17.0,877.0,219.0,966.0,218.0,2.0,INLAND,2,52500.0,57905.5
-121.84,37.25,25.0,5939.0,989.0,3275.0,954.0,5.6488,<1H OCEAN,4,234600.0,273450.01
-122.29,37.81,49.0,844.0,204.0,560.0,152.0,1.75,NEAR BAY,2,75000.0,97014.0
-117.95,34.0,34.0,2376.0,468.0,1858.0,449.0,4.1328,<1H OCEAN,3,176300.0,172861.5
-122.28,37.9,52.0,2261.0,328.0,819.0,335.0,4.9083,NEAR BAY,4,346800.0,315949.505
-118.5,34.52,3.0,6577.0,1056.0,3032.0,1004.0,5.9263,INLAND,4,251800.0,241337.0
-119.81,36.76,51.0,2419.0,486.0,1284.0,426.0,2.2029,INLAND,2,54200.0,63945.5
-119.83,36.72,28.0,60.0,10.0,46.0,13.0,4.35,INLAND,3,67500.0,139061.5
-117.69,34.08,30.0,4255.0,773.0,2129.0,730.0,4.5185,INLAND,4,142500.0,153155.5
-121.31,38.01,22.0,2101.0,514.0,1304.0,511.0,2.8348,INLAND,2,101600.0,116086.0
-118.09,33.83,36.0,2734.0,448.0,1308.0,441.0,5.9265,<1H OCEAN,4,227300.0,337727.035
-122.48,37.78,52.0,3047.0,641.0,1427.0,620.0,3.4883,NEAR BAY,3,337200.0,340939.025
-122.51,38.06,24.0,9493.0,1935.0,5162.0,1880.0,3.0742,NEAR BAY,3,118800.0,278985.5
-122.38,39.68,21.0,1155.0,210.0,510.0,175.0,2.3851,INLAND,2,67500.0,87883.5
-117.97,33.93,31.0,1975.0,373.0,918.0,347.0,4.4107,<1H OCEAN,3,202000.0,211678.0
-117.09,32.7,22.0,2409.0,582.0,1887.0,578.0,1.4089,NEAR OCEAN,1,94200.0,92885.5
-121.43,38.69,28.0,927.0,165.0,542.0,148.0,2.5,INLAND,2,96200.0,99260.5
-122.45,37.72,51.0,2690.0,554.0,1795.0,539.0,3.6581,NEAR BAY,3,225000.0,260400.02
-117.87,34.07,21.0,4723.0,882.0,2210.0,768.0,3.8167,<1H OCEAN,3,258700.0,206510.5
-116.42,33.51,26.0,186.0,48.0,102.0,39.0,2.5625,INLAND,2,103100.0,132755.505
-118.2,34.05,40.0,1082.0,318.0,1085.0,273.0,1.7054,<1H OCEAN,2,117200.0,136259.5
-117.27,33.93,2.0,337.0,55.0,115.0,49.0,3.1042,INLAND,3,164800.0,135227.5
-117.04,32.75,36.0,2297.0,418.0,1070.0,392.0,3.5192,NEAR OCEAN,3,144000.0,157941.0
-118.08,34.13,35.0,1897.0,279.0,733.0,291.0,7.4185,INLAND,5,500001.0,429865.375
-120.99,39.13,14.0,770.0,116.0,285.0,116.0,3.6434,INLAND,3,155400.0,164050.0
-117.46,33.93,16.0,4112.0,880.0,2821.0,857.0,3.0122,INLAND,3,114700.0,125364.0
-118.18,34.05,41.0,762.0,147.0,817.0,176.0,3.75,<1H OCEAN,3,123100.0,143475.5
-120.38,34.96,9.0,2813.0,492.0,1144.0,490.0,4.0431,<1H OCEAN,3,226800.0,205888.5
-121.19,39.05,14.0,1131.0,193.0,520.0,178.0,3.9,INLAND,3,180400.0,162837.5
-118.13,34.18,52.0,3094.0,519.0,1309.0,488.0,6.4223,INLAND,5,310900.0,331864.06
-118.04,33.96,42.0,1430.0,338.0,1269.0,321.0,3.3214,<1H OCEAN,3,148800.0,164826.0
-119.77,36.81,25.0,1565.0,271.0,661.0,275.0,3.4279,INLAND,3,84700.0,101459.0
-118.92,35.26,20.0,3815.0,924.0,3450.0,920.0,2.0174,INLAND,2,63700.0,67731.0
-117.99,34.16,40.0,3838.0,696.0,1851.0,674.0,4.2407,INLAND,3,262000.0,240686.0
-118.39,33.89,40.0,826.0,143.0,389.0,147.0,7.1845,<1H OCEAN,5,438100.0,429890.395
-118.14,33.94,35.0,2987.0,601.0,1561.0,606.0,4.0039,<1H OCEAN,3,226500.0,235350.5
-116.96,33.74,19.0,3649.0,755.0,1717.0,696.0,2.2115,INLAND,2,87600.0,87553.0
-118.38,33.88,27.0,3039.0,606.0,1421.0,564.0,5.5771,<1H OCEAN,4,345500.0,356462.015
-118.21,34.65,17.0,4001.0,814.0,2313.0,756.0,3.0441,INLAND,3,140100.0,125173.0
-118.41,34.03,24.0,3711.0,1192.0,1764.0,1147.0,3.1642,<1H OCEAN,3,366700.0,318429.53
-117.1,32.76,52.0,2606.0,426.0,883.0,380.0,4.2813,NEAR OCEAN,3,270800.0,238675.51
-117.89,34.12,35.0,1470.0,241.0,885.0,246.0,4.9239,<1H OCEAN,4,168800.0,214494.01
-119.72,34.44,43.0,1781.0,342.0,663.0,358.0,4.7,<1H OCEAN,4,293800.0,289163.065
-121.81,37.25,25.0,4096.0,623.0,2128.0,618.0,6.2957,<1H OCEAN,5,251800.0,268772.505
-121.84,39.74,43.0,2976.0,599.0,1181.0,560.0,2.2621,INLAND,2,85100.0,78541.5
-122.89,38.38,16.0,2017.0,369.0,931.0,336.0,5.7664,<1H OCEAN,4,267500.0,294250.0
-118.43,34.26,30.0,1246.0,373.0,1990.0,369.0,3.5104,<1H OCEAN,3,140900.0,154263.5
-118.15,33.96,33.0,2418.0,485.0,1397.0,477.0,3.1083,<1H OCEAN,3,285500.0,199185.0
-122.95,38.73,37.0,1548.0,328.0,863.0,287.0,2.9792,<1H OCEAN,2,151300.0,149629.0
-122.42,37.79,52.0,2737.0,1241.0,1761.0,1029.0,1.8068,NEAR BAY,2,225000.0,353778.58
-119.01,35.4,11.0,8739.0,2190.0,4781.0,1919.0,1.7109,INLAND,2,44600.0,77184.0
-118.32,34.1,28.0,1759.0,716.0,1463.0,620.0,1.7306,<1H OCEAN,2,450000.0,219905.005
-121.3,38.12,11.0,1792.0,252.0,767.0,263.0,7.6889,INLAND,5,229300.0,269761.505
-119.73,36.73,7.0,2461.0,647.0,1587.0,551.0,1.4007,INLAND,1,225000.0,83796.5
-118.35,34.04,45.0,1839.0,459.0,1312.0,460.0,2.5625,<1H OCEAN,2,138000.0,168388.005
-119.19,36.34,33.0,2199.0,403.0,1245.0,394.0,2.73,INLAND,2,96900.0,77552.0
-119.29,34.37,41.0,1408.0,311.0,793.0,264.0,2.5441,NEAR OCEAN,2,161200.0,211183.51
-121.04,39.19,17.0,856.0,167.0,518.0,170.0,3.5859,INLAND,3,144300.0,158379.5
-118.49,34.02,28.0,1394.0,582.0,716.0,543.0,1.5132,<1H OCEAN,2,450000.0,347031.805
-122.23,37.79,48.0,1696.0,396.0,1481.0,343.0,2.0375,NEAR BAY,2,122500.0,114511.5
-117.8,34.15,14.0,7876.0,1253.0,3699.0,1162.0,5.5423,INLAND,4,248700.0,217621.5
-122.29,38.28,38.0,2308.0,425.0,1272.0,406.0,3.6083,NEAR BAY,3,134200.0,146979.0
-117.69,33.59,13.0,3320.0,426.0,1432.0,431.0,7.9283,<1H OCEAN,5,348100.0,335812.515
-121.02,40.51,17.0,890.0,167.0,406.0,154.0,3.3036,INLAND,3,78300.0,104088.5
-117.38,34.13,23.0,1326.0,300.0,722.0,263.0,2.1856,INLAND,2,107800.0,96445.0
-118.19,34.04,34.0,1011.0,274.0,1164.0,262.0,2.8542,<1H OCEAN,2,146900.0,138283.5
-120.86,35.39,23.0,1664.0,355.0,629.0,279.0,2.7344,NEAR OCEAN,2,188300.0,218198.0
-117.38,33.19,17.0,353.0,112.0,359.0,118.0,1.5625,NEAR OCEAN,2,162500.0,199757.015
-115.52,32.98,32.0,1615.0,382.0,1307.0,345.0,1.4583,INLAND,1,58600.0,63706.0
-121.87,37.35,52.0,1557.0,424.0,1580.0,434.0,2.3277,<1H OCEAN,2,183700.0,201319.0
-122.36,37.72,10.0,479.0,125.0,355.0,108.0,2.7083,NEAR BAY,2,180400.0,199257.025
-117.12,32.77,48.0,2012.0,422.0,893.0,394.0,2.7928,NEAR OCEAN,2,175000.0,169198.0
-117.08,33.03,18.0,1339.0,284.0,761.0,290.0,5.3074,<1H OCEAN,4,137200.0,196168.5
-122.34,37.97,19.0,392.0,109.0,287.0,81.0,6.0426,NEAR BAY,5,110000.0,289706.55
-116.97,32.65,4.0,16450.0,2833.0,7985.0,2683.0,5.6631,NEAR OCEAN,4,233400.0,235256.5
-121.2,39.2,16.0,1039.0,182.0,554.0,184.0,2.9688,INLAND,2,128300.0,133701.5
-118.25,34.05,52.0,2806.0,1944.0,2232.0,1605.0,0.6775,<1H OCEAN,1,350000.0,273793.615
-122.11,37.69,37.0,2444.0,651.0,1562.0,618.0,2.6464,NEAR BAY,2,155200.0,167937.0
-121.76,37.7,9.0,3980.0,736.0,1705.0,679.0,5.7068,INLAND,4,256700.0,229514.5
-121.47,38.56,52.0,1532.0,408.0,782.0,369.0,1.8911,INLAND,2,85900.0,101056.5
-116.97,33.93,29.0,2793.0,722.0,1583.0,626.0,1.424,INLAND,1,73200.0,80224.5
-117.25,32.8,32.0,1601.0,468.0,731.0,429.0,2.5568,NEAR OCEAN,2,258300.0,262276.5
-115.9,33.34,19.0,1210.0,248.0,329.0,155.0,1.7857,INLAND,2,62800.0,62211.0
-118.07,33.72,24.0,1240.0,296.0,513.0,254.0,4.9044,NEAR OCEAN,4,485000.0,319598.685
-118.25,34.03,52.0,1274.0,418.0,1655.0,368.0,2.1905,<1H OCEAN,2,124000.0,145778.5
-116.96,32.87,17.0,4713.0,740.0,2531.0,723.0,4.8286,<1H OCEAN,4,158500.0,194134.5
-118.28,33.97,38.0,1819.0,497.0,2110.0,499.0,1.6027,<1H OCEAN,2,97300.0,102318.5
-118.11,33.91,29.0,889.0,166.0,597.0,163.0,4.9609,<1H OCEAN,4,186700.0,200455.5
-121.99,37.29,32.0,2930.0,481.0,1336.0,481.0,6.4631,<1H OCEAN,5,344100.0,344019.51
-117.14,32.93,12.0,1474.0,364.0,1009.0,372.0,4.0521,<1H OCEAN,3,166700.0,166970.5
-120.55,38.43,18.0,1564.0,357.0,618.0,277.0,2.3549,INLAND,2,108900.0,111731.5
-117.87,33.6,34.0,3415.0,779.0,1275.0,718.0,4.498,<1H OCEAN,3,482900.0,391813.95
-118.16,34.6,2.0,11008.0,1549.0,4098.0,1367.0,6.4865,INLAND,5,204400.0,277141.0
-118.36,33.88,26.0,1375.0,286.0,829.0,278.0,3.9844,<1H OCEAN,3,230700.0,267773.5
-121.26,37.93,33.0,2109.0,531.0,2248.0,588.0,1.4583,INLAND,1,53000.0,66222.0
-117.34,33.15,19.0,5710.0,1423.0,4163.0,1406.0,3.0306,NEAR OCEAN,3,178500.0,194651.51
-121.81,36.57,13.0,3030.0,413.0,1027.0,363.0,6.9615,<1H OCEAN,5,500001.0,354514.58
-122.49,37.85,38.0,240.0,29.0,63.0,34.0,12.2547,NEAR BAY,5,500001.0,421537.615
-119.31,36.33,46.0,1636.0,338.0,772.0,332.0,2.425,INLAND,2,84900.0,70908.5
-118.43,34.01,31.0,2526.0,528.0,1046.0,504.0,4.7009,<1H OCEAN,4,500001.0,411114.135
-121.87,37.39,16.0,2655.0,487.0,1862.0,448.0,6.057,<1H OCEAN,5,246800.0,254250.0
-118.19,33.78,29.0,1170.0,369.0,1398.0,373.0,2.2543,NEAR OCEAN,2,156300.0,151274.005
-118.31,34.04,52.0,1277.0,285.0,954.0,334.0,2.5833,<1H OCEAN,2,234600.0,156988.5
-123.21,40.51,16.0,241.0,84.0,152.0,61.0,1.375,INLAND,1,48800.0,68215.795
-118.31,33.94,40.0,1323.0,243.0,684.0,229.0,3.2206,<1H OCEAN,3,145800.0,133586.5
-119.8,34.43,27.0,3143.0,537.0,1760.0,570.0,4.6957,NEAR OCEAN,4,271500.0,273606.0
-118.39,34.08,27.0,6605.0,1710.0,2665.0,1520.0,3.8088,<1H OCEAN,3,500001.0,355371.615
-117.09,34.22,16.0,1347.0,327.0,271.0,91.0,4.0,INLAND,3,87500.0,135141.0
-119.76,36.74,52.0,2137.0,448.0,1194.0,444.0,1.3029,INLAND,1,69100.0,57032.5
-117.71,34.07,24.0,1948.0,362.0,1286.0,364.0,3.6,INLAND,3,139300.0,129880.5
-122.25,37.81,28.0,5806.0,1603.0,2563.0,1497.0,3.2177,NEAR BAY,3,273400.0,256285.525
-116.94,32.75,4.0,14934.0,2479.0,6945.0,2418.0,5.1221,<1H OCEAN,4,229700.0,240728.51
-122.18,40.02,30.0,1952.0,397.0,961.0,333.0,2.25,INLAND,2,68200.0,65900.5
-120.97,37.69,15.0,4065.0,841.0,1986.0,680.0,3.072,INLAND,3,114300.0,131712.0
-115.59,32.79,8.0,2183.0,307.0,1000.0,287.0,6.3814,INLAND,5,159900.0,226083.0
-117.25,34.16,37.0,1709.0,278.0,744.0,274.0,3.7188,INLAND,3,116600.0,99816.0
-121.83,37.38,15.0,4430.0,992.0,3278.0,1018.0,4.5533,<1H OCEAN,4,209900.0,226167.5
-122.39,40.58,44.0,1625.0,392.0,944.0,347.0,1.5972,INLAND,2,68900.0,64609.5
-118.15,34.71,36.0,1338.0,250.0,709.0,250.0,3.5625,INLAND,3,101400.0,113108.5
-117.99,33.94,34.0,1519.0,301.0,758.0,304.0,4.3125,<1H OCEAN,3,214000.0,188867.0
-121.77,37.33,8.0,3088.0,474.0,1799.0,456.0,7.2707,<1H OCEAN,5,355300.0,361850.61
-118.23,33.91,34.0,789.0,200.0,1041.0,191.0,3.119,<1H OCEAN,3,90300.0,120084.0
-118.43,34.25,32.0,2433.0,553.0,2318.0,532.0,3.6384,<1H OCEAN,3,159300.0,170604.5
-115.56,32.8,25.0,1311.0,375.0,1193.0,351.0,2.1979,INLAND,2,63900.0,68371.5
-122.29,37.89,52.0,3171.0,698.0,1498.0,696.0,3.1795,NEAR BAY,3,218200.0,248236.5
-121.95,37.94,27.0,1469.0,216.0,578.0,219.0,5.9346,INLAND,4,253600.0,248093.0
-118.28,33.94,9.0,456.0,130.0,438.0,114.0,0.8952,<1H OCEAN,1,81300.0,133279.5
-117.14,32.79,35.0,3578.0,582.0,1568.0,553.0,4.7813,NEAR OCEAN,4,188600.0,218484.0
-121.62,36.74,30.0,1337.0,253.0,838.0,247.0,5.0374,<1H OCEAN,4,165400.0,237215.005
-122.04,37.96,16.0,2913.0,723.0,1705.0,693.0,2.9097,NEAR BAY,2,106300.0,144944.5
-118.32,33.89,45.0,1928.0,453.0,1323.0,458.0,4.2813,<1H OCEAN,3,210100.0,219793.0
-118.41,34.29,35.0,1008.0,204.0,1162.0,215.0,3.35,<1H OCEAN,3,147600.0,144264.5
-119.82,34.43,15.0,1482.0,345.0,669.0,379.0,3.0773,NEAR OCEAN,3,112500.0,241738.015
-122.16,37.71,36.0,666.0,132.0,366.0,134.0,3.4643,NEAR BAY,3,175000.0,181518.5
-122.08,37.63,37.0,1793.0,364.0,1534.0,346.0,3.6458,NEAR BAY,3,156600.0,167720.0
-118.21,33.92,35.0,1669.0,445.0,1870.0,412.0,3.0417,<1H OCEAN,3,117300.0,139589.5
-118.29,34.05,31.0,2818.0,1252.0,4126.0,1200.0,2.053,<1H OCEAN,2,229200.0,224777.5
-117.97,33.77,25.0,1295.0,417.0,856.0,342.0,2.7157,<1H OCEAN,2,350000.0,207679.5
-122.27,37.82,21.0,896.0,453.0,735.0,438.0,0.9218,NEAR BAY,1,171900.0,160106.5
-119.06,34.36,52.0,1409.0,359.0,981.0,304.0,2.7951,<1H OCEAN,2,199300.0,195803.5
-121.51,38.51,31.0,1595.0,217.0,542.0,236.0,6.6112,INLAND,5,251600.0,277165.535
-118.36,34.1,37.0,7097.0,2010.0,2913.0,1939.0,2.875,<1H OCEAN,2,300000.0,293102.05
-118.28,34.05,41.0,1788.0,774.0,2931.0,702.0,1.4413,<1H OCEAN,1,158900.0,168211.5
-122.05,37.68,23.0,7518.0,1279.0,3827.0,1294.0,5.1701,NEAR BAY,4,216800.0,260430.5
-122.26,37.98,28.0,2038.0,329.0,947.0,349.0,5.1178,NEAR BAY,4,198000.0,239849.0
-122.43,37.75,40.0,4850.0,977.0,1824.0,952.0,5.0519,NEAR BAY,4,356100.0,370213.58
-118.01,33.82,10.0,3897.0,893.0,1992.0,693.0,4.1591,<1H OCEAN,3,192300.0,182072.0
-118.39,34.02,45.0,1577.0,421.0,1042.0,375.0,3.4375,<1H OCEAN,3,314500.0,287134.505
-115.73,33.36,19.0,749.0,238.0,476.0,169.0,1.7727,INLAND,2,50000.0,62027.0
-117.21,32.83,35.0,2259.0,501.0,1340.0,511.0,3.4482,NEAR OCEAN,3,162500.0,189640.0
-122.1,37.68,31.0,1892.0,428.0,1162.0,389.0,3.125,NEAR BAY,3,167100.0,170382.5
-121.36,38.03,14.0,2356.0,438.0,1378.0,481.0,3.7375,INLAND,3,138800.0,126967.0
-118.08,34.01,36.0,1248.0,322.0,1282.0,326.0,3.2031,<1H OCEAN,3,147600.0,161160.0
-122.04,37.6,17.0,3314.0,638.0,1873.0,602.0,4.3875,NEAR BAY,3,238500.0,209439.5
-120.98,37.64,45.0,1913.0,335.0,839.0,333.0,3.1397,INLAND,3,110700.0,117832.5
-118.9,34.18,14.0,2627.0,328.0,1121.0,328.0,7.0504,<1H OCEAN,5,333800.0,325487.03
-122.29,37.88,46.0,1895.0,442.0,920.0,425.0,2.9926,NEAR BAY,2,192100.0,215115.5
-118.27,34.46,10.0,2184.0,405.0,1119.0,370.0,4.7437,INLAND,4,294000.0,257655.5
-118.18,33.97,26.0,6895.0,1877.0,8551.0,1808.0,2.3175,<1H OCEAN,2,154500.0,163527.0
-118.43,34.25,38.0,921.0,239.0,1023.0,241.0,3.4514,<1H OCEAN,3,151900.0,163601.5
-122.2,37.46,40.0,1723.0,208.0,976.0,209.0,9.8892,NEAR OCEAN,5,500001.0,500001.0
-122.46,37.65,21.0,2751.0,502.0,2027.0,491.0,5.2573,NEAR OCEAN,4,322900.0,275006.51
-119.2,34.18,22.0,6465.0,1397.0,2694.0,1370.0,2.9832,NEAR OCEAN,2,165600.0,211323.005
-121.38,36.84,17.0,2625.0,512.0,1487.0,481.0,3.6354,INLAND,3,221200.0,229848.0
-118.08,33.84,31.0,2377.0,600.0,2042.0,593.0,3.625,<1H OCEAN,3,170400.0,190619.0
-121.27,38.72,6.0,4664.0,644.0,2105.0,663.0,6.0804,INLAND,5,198700.0,219291.5
-118.35,33.93,34.0,617.0,189.0,810.0,180.0,1.9766,<1H OCEAN,2,162500.0,156895.005
-122.34,37.52,34.0,3559.0,560.0,1747.0,550.0,6.6959,NEAR OCEAN,5,411200.0,427733.645
-121.76,37.3,6.0,3526.0,559.0,1378.0,491.0,6.1463,<1H OCEAN,5,335500.0,314433.525
-117.65,34.03,15.0,4420.0,903.0,2373.0,858.0,3.449,INLAND,3,149100.0,149261.5
-118.48,34.01,31.0,2851.0,804.0,1410.0,782.0,4.0893,<1H OCEAN,3,381500.0,423418.635
-118.13,34.06,17.0,1714.0,572.0,1590.0,568.0,1.1875,<1H OCEAN,1,183900.0,183139.53
-121.53,39.53,35.0,1806.0,293.0,683.0,295.0,4.5156,INLAND,4,91200.0,128900.5
-122.21,37.83,40.0,4991.0,674.0,1616.0,654.0,7.5544,NEAR BAY,5,411500.0,357118.07
-118.11,33.84,37.0,1588.0,272.0,692.0,245.0,4.8594,<1H OCEAN,4,220300.0,224192.5
-118.44,34.27,36.0,1111.0,275.0,1333.0,266.0,3.5347,<1H OCEAN,3,158100.0,153982.5
-120.91,40.08,24.0,1629.0,313.0,641.0,274.0,2.2067,INLAND,2,69600.0,78827.0
-117.75,33.84,16.0,3491.0,502.0,1496.0,509.0,6.6207,<1H OCEAN,5,270500.0,291551.025
-118.11,33.96,29.0,2784.0,582.0,1278.0,550.0,4.3882,<1H OCEAN,3,261600.0,226573.0
-122.24,37.84,52.0,3529.0,574.0,1177.0,555.0,5.1773,NEAR BAY,4,389500.0,359102.145
-122.33,39.1,10.0,266.0,62.0,154.0,49.0,2.25,INLAND,2,75000.0,117278.475
-122.07,37.63,24.0,2329.0,465.0,1401.0,453.0,4.5913,NEAR BAY,4,177600.0,213396.5
-121.12,39.2,9.0,1431.0,254.0,681.0,221.0,3.045,INLAND,3,170400.0,146036.0
-118.2,33.94,42.0,618.0,163.0,680.0,179.0,3.3472,<1H OCEAN,3,154200.0,146157.5
-118.17,34.06,44.0,1856.0,461.0,1853.0,452.0,2.5033,<1H OCEAN,2,131900.0,146985.0
-122.14,40.07,31.0,2053.0,465.0,1193.0,447.0,1.4923,INLAND,1,44400.0,58863.0
-118.16,34.03,45.0,894.0,231.0,925.0,222.0,2.6042,<1H OCEAN,2,145000.0,147374.0
-117.94,33.66,16.0,2095.0,450.0,963.0,411.0,5.5,<1H OCEAN,4,224100.0,280353.535
-120.21,39.35,7.0,914.0,159.0,85.0,34.0,4.7917,INLAND,4,187500.0,163788.5
-118.24,34.15,19.0,4852.0,1465.0,3171.0,1332.0,2.5924,<1H OCEAN,2,192900.0,221979.01
-117.41,34.0,26.0,2372.0,621.0,1647.0,612.0,1.4719,INLAND,1,88600.0,93849.5
-118.12,33.91,35.0,620.0,122.0,381.0,124.0,3.7917,<1H OCEAN,3,183900.0,177828.0
-118.75,34.27,25.0,3371.0,502.0,1717.0,506.0,6.1253,<1H OCEAN,5,225000.0,267015.005
-116.87,34.24,15.0,4419.0,822.0,622.0,267.0,3.9688,INLAND,3,182800.0,147024.0
-120.95,37.67,15.0,3062.0,584.0,1624.0,538.0,4.3864,INLAND,3,137600.0,152529.0
-122.01,36.98,47.0,1250.0,249.0,607.0,234.0,4.0417,NEAR OCEAN,3,265300.0,269982.0
-118.99,35.32,26.0,875.0,199.0,567.0,204.0,0.9288,INLAND,1,36600.0,63436.5
-121.37,38.55,21.0,2713.0,432.0,1287.0,440.0,4.5815,INLAND,4,125500.0,150404.5
-116.97,32.78,37.0,1255.0,238.0,671.0,278.0,3.7019,<1H OCEAN,3,138600.0,163151.5
-121.94,36.55,30.0,2722.0,584.0,628.0,384.0,3.4048,NEAR OCEAN,3,487100.0,367000.045
-121.85,37.3,19.0,6275.0,1546.0,4312.0,1466.0,2.7768,<1H OCEAN,2,178600.0,167711.5
-117.31,34.03,24.0,1966.0,299.0,786.0,302.0,5.0318,INLAND,4,134500.0,150585.5
-117.88,33.93,17.0,6100.0,861.0,2771.0,866.0,7.6486,<1H OCEAN,5,306700.0,369918.565
-118.25,33.89,36.0,406.0,71.0,268.0,77.0,3.9,<1H OCEAN,3,115800.0,133412.005
-118.28,33.96,23.0,1983.0,611.0,2048.0,600.0,1.5313,<1H OCEAN,2,91400.0,110678.505
-116.89,32.99,14.0,2816.0,501.0,1448.0,452.0,5.0278,<1H OCEAN,4,210900.0,196819.5
-121.91,37.69,18.0,2876.0,423.0,1395.0,427.0,6.3132,<1H OCEAN,5,259200.0,283424.0
-117.1,33.07,16.0,2402.0,336.0,1080.0,365.0,8.6803,<1H OCEAN,5,347300.0,378045.56
-119.15,34.83,6.0,8733.0,1600.0,2006.0,736.0,4.5724,INLAND,4,168400.0,132156.0
-120.78,38.72,19.0,4414.0,767.0,1865.0,699.0,3.6406,INLAND,3,150900.0,141681.5
-117.33,34.41,13.0,3684.0,604.0,1767.0,585.0,3.7478,INLAND,3,113500.0,113926.0
-118.9,34.18,20.0,1288.0,179.0,539.0,181.0,5.8652,<1H OCEAN,4,302600.0,293907.03
-119.27,34.17,15.0,11403.0,2131.0,3327.0,1585.0,4.3693,NEAR OCEAN,3,423300.0,357164.915
-118.4,33.9,34.0,2674.0,435.0,1087.0,431.0,7.3151,<1H OCEAN,5,492200.0,454550.325
-118.19,33.8,41.0,2125.0,591.0,1604.0,555.0,2.9943,NEAR OCEAN,2,190600.0,189846.0
-117.88,33.71,20.0,1738.0,509.0,1403.0,411.0,3.1742,<1H OCEAN,3,245000.0,165572.0
-121.26,37.98,32.0,3274.0,820.0,2050.0,738.0,2.1265,INLAND,2,55700.0,81975.0
-119.23,35.77,26.0,2636.0,468.0,1416.0,485.0,4.1917,INLAND,3,84000.0,94571.5
-117.87,33.89,19.0,1674.0,243.0,786.0,234.0,6.4218,<1H OCEAN,5,275000.0,281915.02
-121.15,38.68,6.0,9798.0,1551.0,4583.0,1494.0,5.0159,INLAND,4,189600.0,184977.5
-121.95,37.33,31.0,1866.0,465.0,821.0,447.0,2.3547,<1H OCEAN,2,275900.0,233575.5
-117.26,33.06,11.0,2660.0,352.0,1226.0,366.0,7.6832,NEAR OCEAN,5,319800.0,346018.02
-122.04,37.55,23.0,3170.0,532.0,1446.0,515.0,4.4357,NEAR BAY,3,291700.0,226262.0
-118.44,35.13,21.0,1899.0,447.0,1133.0,391.0,1.8636,INLAND,2,67900.0,66299.0
-118.42,34.23,34.0,1550.0,279.0,1011.0,288.0,4.5375,<1H OCEAN,4,189000.0,191209.0
-122.23,38.09,26.0,4397.0,997.0,2539.0,965.0,2.4875,NEAR BAY,2,90000.0,140470.5
-122.41,37.74,48.0,409.0,86.0,148.0,70.0,3.6687,NEAR BAY,3,335000.0,254235.505
-118.24,34.11,39.0,1148.0,348.0,1161.0,333.0,2.2167,<1H OCEAN,2,176700.0,185676.5
-119.9,36.94,11.0,2513.0,408.0,1360.0,415.0,4.277,INLAND,3,98500.0,116604.0
-118.29,33.89,35.0,2810.0,614.0,1578.0,601.0,3.59,<1H OCEAN,3,200600.0,190451.5
-119.79,36.77,30.0,1610.0,410.0,1000.0,397.0,2.0357,INLAND,2,60200.0,62016.5
-121.48,38.55,52.0,2216.0,333.0,714.0,327.0,4.8603,INLAND,4,191900.0,203755.5
-117.98,33.84,33.0,2291.0,439.0,1187.0,405.0,3.9539,<1H OCEAN,3,191100.0,200263.5
-121.91,37.47,13.0,5377.0,744.0,2759.0,760.0,6.868,<1H OCEAN,5,337300.0,335452.525
-118.37,34.09,31.0,6348.0,1827.0,2559.0,1755.0,3.2818,<1H OCEAN,3,225000.0,315989.035
-118.29,34.07,19.0,3013.0,1118.0,2465.0,1008.0,2.5386,<1H OCEAN,2,290600.0,233197.0
-116.93,33.75,14.0,6027.0,1148.0,3136.0,1036.0,2.964,INLAND,2,121500.0,133588.5
-122.29,37.54,43.0,2268.0,438.0,1151.0,449.0,4.9091,NEAR OCEAN,4,293200.0,343531.555
-117.59,33.88,13.0,3239.0,849.0,2751.0,813.0,2.6111,INLAND,2,107000.0,132330.5
-118.38,34.03,44.0,1913.0,441.0,1295.0,432.0,3.9537,<1H OCEAN,3,266400.0,263020.52
-121.22,37.95,30.0,1055.0,211.0,629.0,170.0,2.8676,INLAND,2,76900.0,111342.5
-117.03,34.07,16.0,3784.0,577.0,1615.0,525.0,4.2333,INLAND,3,220300.0,156353.0
-117.11,32.75,20.0,1667.0,469.0,1292.0,445.0,2.0893,NEAR OCEAN,2,101100.0,106833.5
-122.5,37.88,28.0,5448.0,1089.0,2100.0,1023.0,4.7475,NEAR BAY,4,474600.0,412834.665
-116.47,34.07,22.0,5473.0,1234.0,2581.0,1098.0,1.9375,INLAND,2,65300.0,87039.0
-117.08,33.13,17.0,8466.0,2628.0,7014.0,2267.0,2.1437,<1H OCEAN,2,113700.0,120579.0
-121.65,36.66,30.0,3745.0,767.0,1762.0,748.0,3.2355,<1H OCEAN,3,214200.0,192256.0
-118.02,33.91,35.0,2182.0,390.0,1248.0,399.0,5.4236,<1H OCEAN,4,216700.0,217308.0
-118.03,33.83,34.0,3203.0,653.0,2072.0,691.0,4.225,<1H OCEAN,3,198400.0,206950.5
-118.01,34.11,32.0,1978.0,536.0,826.0,470.0,2.5114,INLAND,2,212200.0,188288.5
-122.43,37.77,52.0,1862.0,472.0,872.0,471.0,3.2981,NEAR BAY,3,222700.0,422054.185
-121.47,36.92,27.0,2049.0,417.0,1230.0,336.0,4.6477,INLAND,4,265900.0,245549.5
-123.08,40.4,10.0,365.0,102.0,140.0,49.0,1.7969,INLAND,2,37500.0,79803.45
-122.41,37.76,52.0,2605.0,678.0,2071.0,611.0,3.2964,NEAR BAY,3,265000.0,282074.505
-121.29,38.9,45.0,2019.0,394.0,1104.0,407.0,3.1691,INLAND,3,108700.0,124231.0
-118.97,35.36,31.0,1418.0,306.0,1219.0,312.0,1.5743,INLAND,2,46700.0,50702.5
-117.71,33.58,2.0,2530.0,562.0,1066.0,510.0,4.6336,<1H OCEAN,4,187500.0,244778.04
-121.68,39.29,29.0,1860.0,400.0,1137.0,365.0,1.5281,INLAND,2,61600.0,76630.0
-118.36,33.84,35.0,1577.0,279.0,743.0,274.0,5.7654,<1H OCEAN,4,343000.0,319547.5
-117.9,34.1,31.0,3007.0,653.0,1766.0,616.0,3.7083,<1H OCEAN,3,166000.0,178058.0
-118.41,34.03,33.0,1730.0,386.0,994.0,363.0,3.7277,<1H OCEAN,3,500001.0,333361.535
-117.98,33.86,25.0,1025.0,266.0,726.0,183.0,3.875,<1H OCEAN,3,137500.0,193911.5
-121.07,39.2,45.0,204.0,62.0,133.0,51.0,1.0,INLAND,1,90600.0,103660.985
-119.05,35.44,5.0,2133.0,487.0,1182.0,438.0,3.0268,INLAND,3,77000.0,81630.0
-118.42,34.25,37.0,1545.0,341.0,1909.0,352.0,3.6791,<1H OCEAN,3,148100.0,157142.0
-121.33,37.97,38.0,3166.0,575.0,1351.0,561.0,3.5404,INLAND,3,91600.0,124053.0
-117.21,33.61,7.0,7722.0,1324.0,2975.0,1161.0,3.6273,<1H OCEAN,3,150900.0,188351.0
-118.3,33.91,30.0,1842.0,476.0,1491.0,420.0,3.0147,<1H OCEAN,3,155100.0,168583.0
-117.33,34.07,32.0,2086.0,458.0,1355.0,412.0,2.5238,INLAND,2,89200.0,87104.0
-118.14,34.16,38.0,1843.0,565.0,1449.0,524.0,2.2174,<1H OCEAN,2,215400.0,165376.515
-122.24,40.16,19.0,2500.0,509.0,1293.0,494.0,2.035,INLAND,2,55100.0,68683.0
-117.96,33.83,30.0,2838.0,649.0,1758.0,593.0,3.3831,<1H OCEAN,3,197400.0,194665.5
-117.13,32.76,41.0,1545.0,420.0,747.0,415.0,2.375,NEAR OCEAN,2,154400.0,172140.0
-122.3,37.9,35.0,1102.0,308.0,688.0,303.0,2.3946,NEAR BAY,2,141700.0,144616.5
-121.32,38.03,25.0,2474.0,513.0,1947.0,524.0,2.5742,INLAND,2,98400.0,97330.0
-116.89,34.27,13.0,3661.0,770.0,567.0,228.0,4.4063,INLAND,3,152600.0,163358.0
-118.29,34.0,52.0,2579.0,494.0,1558.0,458.0,2.0809,<1H OCEAN,2,109600.0,116390.5
-122.48,38.3,17.0,2703.0,550.0,1241.0,515.0,2.652,<1H OCEAN,2,171300.0,181166.5
-116.24,33.73,14.0,2774.0,566.0,1530.0,505.0,3.0682,INLAND,3,104100.0,98774.0
-118.44,34.26,28.0,1077.0,288.0,1377.0,293.0,3.9167,<1H OCEAN,3,153900.0,158149.0
-118.33,33.88,30.0,1856.0,444.0,899.0,435.0,3.1505,<1H OCEAN,3,270000.0,261188.5
-118.09,33.85,19.0,8120.0,1371.0,5026.0,1345.0,6.3093,<1H OCEAN,5,286500.0,301659.54
-121.63,37.1,14.0,5034.0,797.0,2124.0,790.0,4.9028,<1H OCEAN,4,335000.0,255217.51
-118.34,33.98,47.0,2649.0,684.0,2374.0,607.0,2.3882,<1H OCEAN,2,137700.0,149848.0
-118.17,34.12,30.0,3376.0,720.0,1990.0,725.0,3.7813,<1H OCEAN,3,232000.0,231445.005
-122.48,37.78,52.0,2666.0,515.0,1362.0,494.0,4.218,NEAR BAY,3,393800.0,361637.105
-121.48,38.5,23.0,2679.0,792.0,1740.0,659.0,1.3679,INLAND,1,70300.0,86229.5
-118.2,33.99,33.0,1134.0,375.0,1615.0,354.0,2.1468,<1H OCEAN,2,141700.0,159909.0
-118.19,33.99,37.0,2073.0,614.0,2544.0,598.0,2.9054,<1H OCEAN,2,156300.0,158750.5
-118.32,33.34,52.0,996.0,264.0,341.0,160.0,2.7361,ISLAND,2,450000.0,314687.02
-117.14,33.18,11.0,5546.0,974.0,2300.0,970.0,3.7109,<1H OCEAN,3,199800.0,186660.5
-121.79,38.68,24.0,3794.0,848.0,2225.0,864.0,2.8068,INLAND,2,95300.0,115300.5
-120.6,37.36,27.0,2521.0,484.0,1307.0,456.0,3.0911,INLAND,3,86900.0,104230.0
-118.11,34.06,30.0,1547.0,436.0,1700.0,410.0,2.5488,<1H OCEAN,2,187500.0,177294.0
-120.69,35.26,20.0,1248.0,231.0,722.0,225.0,4.625,NEAR OCEAN,4,221800.0,266637.505
-116.22,33.72,28.0,826.0,258.0,979.0,245.0,1.7172,INLAND,2,58800.0,57917.5
-118.18,33.85,30.0,2548.0,717.0,2086.0,700.0,0.7007,<1H OCEAN,1,134400.0,174560.03
-122.08,37.71,35.0,2211.0,350.0,1004.0,365.0,5.4639,NEAR BAY,4,238600.0,268269.505
-117.99,33.77,15.0,2081.0,531.0,1617.0,561.0,3.4955,<1H OCEAN,3,160900.0,176065.5
-121.31,38.66,27.0,1713.0,282.0,761.0,295.0,5.2081,INLAND,4,136400.0,168230.5
-118.16,33.91,35.0,1403.0,338.0,1415.0,367.0,3.0967,<1H OCEAN,3,144000.0,163827.5
-117.01,32.79,33.0,4015.0,663.0,1864.0,664.0,4.3152,<1H OCEAN,3,159300.0,187380.0
-118.05,33.98,41.0,1694.0,413.0,1222.0,387.0,2.8311,<1H OCEAN,2,155300.0,171140.0
-122.33,37.95,46.0,1543.0,339.0,777.0,322.0,4.0927,NEAR BAY,3,142600.0,158218.0
-121.3,38.14,17.0,3507.0,696.0,1867.0,709.0,3.2123,INLAND,3,120700.0,108879.0
-117.92,34.11,24.0,2838.0,695.0,2151.0,645.0,3.2202,<1H OCEAN,3,126200.0,161000.0
-118.14,33.86,44.0,1436.0,257.0,745.0,233.0,4.625,<1H OCEAN,4,213400.0,211940.5
-121.3,38.61,25.0,2707.0,464.0,1423.0,490.0,4.3235,INLAND,3,116900.0,138255.0
-118.45,34.27,33.0,1194.0,229.0,839.0,230.0,3.705,<1H OCEAN,3,185800.0,177648.0
-121.97,37.8,17.0,3279.0,418.0,1222.0,381.0,7.9168,<1H OCEAN,5,356000.0,402074.075
-121.33,37.98,10.0,1564.0,397.0,643.0,347.0,2.7031,INLAND,2,150000.0,124964.5
-122.81,40.93,16.0,2050.0,471.0,588.0,195.0,2.7083,INLAND,2,88900.0,83795.0
-119.71,34.42,39.0,1172.0,322.0,606.0,316.0,2.16,<1H OCEAN,2,259100.0,270011.0
-118.11,33.78,16.0,3985.0,567.0,1327.0,564.0,7.9767,<1H OCEAN,5,500001.0,413942.12
-117.38,34.09,8.0,3955.0,815.0,2184.0,725.0,3.3438,INLAND,3,127600.0,114007.0
-121.28,37.98,52.0,941.0,184.0,414.0,171.0,2.1429,INLAND,2,69900.0,99394.5
-117.82,33.73,23.0,2542.0,772.0,1720.0,675.0,3.8703,<1H OCEAN,3,137000.0,187212.5
-122.5,37.74,42.0,1667.0,395.0,1041.0,387.0,3.9583,NEAR OCEAN,3,273700.0,272856.0
-117.04,34.03,29.0,3375.0,795.0,1760.0,699.0,2.7028,INLAND,2,92000.0,98320.5
-118.08,33.82,30.0,2636.0,652.0,3412.0,649.0,2.8095,<1H OCEAN,2,118300.0,163313.5
-118.86,34.16,16.0,1509.0,216.0,578.0,235.0,10.2614,<1H OCEAN,5,410800.0,479961.715
-117.34,34.39,8.0,3579.0,672.0,2216.0,630.0,3.4038,INLAND,3,100500.0,106457.5
-122.45,37.77,52.0,2645.0,626.0,1275.0,553.0,3.35,NEAR BAY,3,492900.0,401376.18
-117.37,34.13,17.0,2681.0,470.0,1621.0,459.0,3.875,INLAND,3,118500.0,122621.0
-117.42,33.94,26.0,2420.0,532.0,1383.0,469.0,3.5403,INLAND,3,113500.0,121620.5
-119.81,36.78,52.0,2281.0,371.0,839.0,367.0,3.5972,INLAND,3,89900.0,117690.5
-118.41,33.9,39.0,2040.0,336.0,926.0,351.0,7.5552,<1H OCEAN,5,500001.0,428600.36
-122.1,37.36,32.0,1433.0,199.0,498.0,201.0,9.3586,NEAR BAY,5,500001.0,498877.97
-122.05,37.11,39.0,1065.0,248.0,497.0,208.0,4.5972,NEAR OCEAN,4,146300.0,279679.02
-117.06,32.68,41.0,2665.0,515.0,1664.0,512.0,2.375,NEAR OCEAN,2,113500.0,116548.0
-118.41,34.0,46.0,105.0,20.0,69.0,19.0,3.9643,<1H OCEAN,3,275000.0,302569.515
-117.09,32.72,39.0,1273.0,246.0,770.0,242.0,2.0938,NEAR OCEAN,2,102500.0,129970.0
-116.91,32.87,14.0,3048.0,597.0,1690.0,576.0,4.3818,<1H OCEAN,3,147100.0,180814.5
-117.88,33.82,17.0,2247.0,705.0,1382.0,618.0,3.8631,<1H OCEAN,3,225000.0,189964.0
-121.19,38.85,8.0,4114.0,710.0,2268.0,716.0,4.4085,INLAND,3,139400.0,205640.5
-119.18,34.18,31.0,2636.0,638.0,2695.0,614.0,3.2196,NEAR OCEAN,3,175800.0,197649.005
-119.05,35.42,41.0,1992.0,421.0,1006.0,419.0,2.8393,INLAND,2,57000.0,72846.5
-118.01,33.88,19.0,1434.0,391.0,1088.0,341.0,3.369,<1H OCEAN,3,269600.0,190958.0
-122.26,38.0,5.0,6265.0,908.0,3326.0,872.0,6.2073,NEAR BAY,5,272900.0,295441.01
-115.56,32.78,29.0,1568.0,283.0,848.0,245.0,3.1597,INLAND,3,76200.0,83866.0
-117.62,33.64,2.0,7826.0,893.0,2985.0,790.0,10.1531,<1H OCEAN,5,484100.0,449824.19
-118.14,34.02,40.0,1912.0,502.0,2077.0,500.0,2.6,<1H OCEAN,2,180600.0,158964.0
-117.94,33.81,33.0,1891.0,334.0,932.0,343.0,4.2759,<1H OCEAN,3,238000.0,195227.5
-117.13,32.72,9.0,2436.0,720.0,1780.0,653.0,1.8299,NEAR OCEAN,2,137500.0,136320.005
-121.32,38.74,14.0,1449.0,228.0,670.0,232.0,4.3897,INLAND,3,186300.0,149523.0
-117.19,32.82,35.0,2197.0,353.0,945.0,357.0,4.9219,NEAR OCEAN,4,192900.0,238624.025
-121.85,39.74,41.0,2901.0,689.0,1426.0,632.0,1.5633,INLAND,2,84500.0,65221.5
-117.06,32.58,13.0,3435.0,708.0,1761.0,699.0,3.4792,NEAR OCEAN,3,107600.0,147780.0
-119.28,36.33,10.0,1051.0,297.0,927.0,274.0,0.78,INLAND,1,55500.0,68623.5
-121.97,37.29,29.0,2721.0,682.0,1602.0,646.0,3.337,<1H OCEAN,3,265300.0,249567.5
-117.24,32.73,37.0,2260.0,354.0,809.0,351.0,5.9113,NEAR OCEAN,4,388300.0,391324.215
-117.19,32.69,35.0,2921.0,438.0,1042.0,415.0,6.3612,NEAR OCEAN,5,482700.0,385767.095
-122.15,37.67,35.0,2472.0,398.0,1171.0,390.0,5.5797,NEAR BAY,4,198100.0,264460.0
-119.61,36.59,10.0,2842.0,620.0,1443.0,576.0,2.2727,INLAND,2,92700.0,75958.5
-119.74,34.41,30.0,2365.0,417.0,1053.0,409.0,5.5959,NEAR OCEAN,4,346200.0,337891.04
-120.51,36.55,20.0,1193.0,263.0,1274.0,241.0,1.9417,INLAND,2,38800.0,63892.0
-121.47,38.54,47.0,2085.0,464.0,1346.0,402.0,1.2679,INLAND,1,56700.0,71305.0
-122.26,38.15,16.0,3921.0,727.0,2830.0,680.0,4.5053,NEAR BAY,4,123700.0,180310.5
-121.51,38.57,36.0,613.0,166.0,425.0,147.0,2.2031,INLAND,2,93800.0,97729.5
-117.04,32.55,15.0,2206.0,648.0,2511.0,648.0,1.6348,NEAR OCEAN,2,93200.0,110530.0
-114.66,32.74,17.0,1388.0,386.0,775.0,320.0,1.2049,INLAND,1,44000.0,66952.5
-119.73,36.8,24.0,1316.0,249.0,781.0,260.0,3.7578,INLAND,3,69200.0,99296.0
-119.25,34.21,12.0,15201.0,2418.0,7132.0,2251.0,5.6756,NEAR OCEAN,4,301800.0,322432.525
-118.38,34.04,31.0,2846.0,727.0,2120.0,672.0,2.7226,<1H OCEAN,2,254200.0,268697.03
-122.29,37.98,27.0,2133.0,347.0,850.0,350.0,5.1046,NEAR BAY,4,209800.0,247816.0
-117.95,34.14,13.0,3859.0,710.0,2283.0,759.0,4.5594,INLAND,4,184500.0,215371.5
-121.38,38.67,38.0,1001.0,228.0,597.0,226.0,2.2788,INLAND,2,73400.0,93729.0
-118.36,33.82,36.0,1784.0,311.0,901.0,293.0,6.2247,<1H OCEAN,5,339000.0,353470.03
-119.69,36.75,13.0,2343.0,409.0,1347.0,405.0,4.0027,INLAND,3,93100.0,94647.5
-117.66,34.02,12.0,5616.0,871.0,3019.0,782.0,5.5425,INLAND,4,202300.0,177229.0
-119.63,36.7,42.0,1338.0,215.0,617.0,222.0,3.0833,INLAND,3,133300.0,87026.0
-116.97,32.76,26.0,2460.0,313.0,838.0,299.0,5.9878,<1H OCEAN,4,270700.0,276349.51
-121.71,36.78,19.0,2371.0,324.0,944.0,332.0,5.9175,<1H OCEAN,4,240200.0,271614.505
-117.59,34.1,17.0,3646.0,1035.0,1987.0,895.0,2.3603,INLAND,2,139300.0,127601.0
-121.46,38.55,40.0,2077.0,435.0,1454.0,385.0,2.0074,INLAND,2,57000.0,72018.0
-120.33,38.0,14.0,1944.0,330.0,822.0,314.0,3.5,INLAND,3,170700.0,128641.0
-118.28,34.0,42.0,1534.0,417.0,1295.0,380.0,2.0938,<1H OCEAN,2,119200.0,106216.0
-118.36,33.96,37.0,2146.0,573.0,2009.0,592.0,3.6583,<1H OCEAN,3,177300.0,211979.5
-118.41,33.94,45.0,2038.0,394.0,1086.0,387.0,4.7375,<1H OCEAN,4,289600.0,351534.52
-121.4,38.57,25.0,2022.0,295.0,639.0,278.0,5.8416,INLAND,4,297600.0,227590.0
-121.02,37.66,36.0,3495.0,641.0,1688.0,684.0,3.1568,INLAND,3,109900.0,112159.5
-121.0,37.69,18.0,3469.0,661.0,1452.0,628.0,3.4079,INLAND,3,147500.0,137008.0
-122.39,40.64,13.0,3604.0,704.0,1598.0,670.0,2.4141,INLAND,2,78700.0,96266.0
-118.22,33.84,38.0,1928.0,429.0,1358.0,399.0,4.0687,<1H OCEAN,3,160300.0,193009.5
-121.03,37.62,46.0,2331.0,508.0,1210.0,484.0,2.5313,INLAND,2,77700.0,104402.0
-122.07,37.37,30.0,2937.0,407.0,1097.0,407.0,7.9813,NEAR BAY,5,473500.0,454443.99
-117.99,33.97,18.0,4078.0,484.0,1490.0,482.0,10.8034,<1H OCEAN,5,500001.0,483076.14
-120.91,38.11,9.0,3585.0,680.0,1800.0,598.0,3.636,INLAND,3,133100.0,140503.5
-119.43,36.55,27.0,1621.0,323.0,882.0,324.0,2.75,INLAND,2,93500.0,82074.5
-122.04,37.39,5.0,8745.0,2211.0,3959.0,2019.0,4.7685,<1H OCEAN,4,280100.0,295643.515
-120.67,35.63,8.0,2690.0,410.0,1085.0,381.0,4.2841,<1H OCEAN,3,256700.0,252332.105
-117.95,33.72,21.0,3107.0,483.0,1688.0,503.0,5.9582,<1H OCEAN,4,288000.0,275694.52
-117.1,33.15,5.0,3159.0,685.0,1398.0,581.0,3.1467,<1H OCEAN,3,161100.0,167955.5
-117.64,34.03,11.0,2050.0,382.0,1044.0,371.0,4.8281,INLAND,4,137000.0,158076.5
-122.6,38.93,16.0,1657.0,390.0,572.0,301.0,1.4767,INLAND,1,62000.0,76586.5
-122.11,37.41,35.0,2712.0,428.0,1084.0,425.0,7.1382,NEAR BAY,5,443800.0,461369.35
-117.29,34.57,22.0,1054.0,239.0,428.0,239.0,1.2548,INLAND,1,68300.0,70250.0
-117.86,34.02,19.0,6300.0,937.0,3671.0,943.0,5.9716,<1H OCEAN,4,262100.0,297611.055
-120.86,37.77,45.0,621.0,129.0,257.0,124.0,1.7188,INLAND,2,109400.0,101998.5
-122.22,37.46,13.0,2888.0,546.0,1182.0,504.0,6.0255,NEAR OCEAN,5,409300.0,398979.675
-118.02,34.08,29.0,2741.0,667.0,2449.0,677.0,3.6944,INLAND,3,175200.0,256300.0
-118.35,33.95,28.0,4770.0,1328.0,3201.0,1196.0,2.681,<1H OCEAN,2,147700.0,155325.0
-117.22,32.74,41.0,2621.0,542.0,1074.0,471.0,2.4016,NEAR OCEAN,2,287500.0,242955.0
-117.09,32.74,23.0,3130.0,779.0,2472.0,744.0,2.32,NEAR OCEAN,2,93200.0,124881.0
-121.76,38.41,19.0,686.0,107.0,348.0,109.0,3.9306,INLAND,3,93800.0,153614.0
-118.48,34.31,31.0,1091.0,256.0,892.0,238.0,3.0,<1H OCEAN,2,172400.0,181840.51
-122.24,37.47,35.0,2283.0,491.0,1148.0,436.0,4.5556,NEAR OCEAN,4,318600.0,342492.54
-117.01,32.77,24.0,2311.0,536.0,1005.0,525.0,2.9,<1H OCEAN,2,185200.0,168690.5
-121.61,39.14,44.0,2035.0,476.0,1030.0,453.0,1.4661,INLAND,1,65200.0,63789.5
-121.68,39.13,17.0,1969.0,297.0,717.0,268.0,3.4698,INLAND,3,179700.0,117539.0
-118.05,34.08,30.0,1572.0,427.0,1857.0,428.0,2.4914,<1H OCEAN,2,159200.0,163011.5
-118.19,33.85,30.0,3533.0,1061.0,2678.0,1033.0,2.2417,NEAR OCEAN,2,151900.0,171457.5
-121.57,39.16,18.0,1632.0,367.0,769.0,330.0,3.1029,INLAND,3,71700.0,109413.0
-117.58,34.0,2.0,7544.0,1516.0,2801.0,1001.0,4.0037,INLAND,3,245200.0,158443.5
-118.38,33.99,21.0,11308.0,3039.0,5127.0,2839.0,4.6277,<1H OCEAN,4,228300.0,318180.505
-118.37,34.03,39.0,213.0,44.0,138.0,52.0,2.125,<1H OCEAN,2,196400.0,228257.505
-121.38,36.85,13.0,4115.0,782.0,2903.0,747.0,3.7316,INLAND,3,192400.0,218626.5
-119.72,36.73,9.0,1914.0,491.0,1116.0,424.0,1.4646,INLAND,1,65900.0,63861.0
-118.14,34.14,17.0,3404.0,1011.0,1694.0,949.0,2.9511,<1H OCEAN,2,282300.0,199502.5
-121.69,36.8,19.0,2164.0,410.0,1309.0,426.0,3.338,<1H OCEAN,3,185300.0,193830.0
-117.11,32.72,25.0,1491.0,348.0,1183.0,316.0,1.9583,NEAR OCEAN,2,88600.0,111739.5
-120.61,37.03,34.0,1841.0,354.0,1019.0,356.0,1.7841,INLAND,2,67500.0,84171.0
-121.38,38.64,19.0,4563.0,1069.0,2256.0,926.0,2.1472,INLAND,2,143400.0,108356.5
-121.78,38.68,43.0,3766.0,847.0,1855.0,817.0,2.3468,INLAND,2,119400.0,111026.0
-118.49,34.2,35.0,1109.0,206.0,515.0,202.0,5.2118,<1H OCEAN,4,215800.0,247132.56
-117.68,33.63,13.0,5830.0,921.0,2897.0,891.0,6.2403,<1H OCEAN,5,257400.0,262704.505
-122.12,37.44,33.0,1509.0,303.0,748.0,268.0,4.875,NEAR BAY,4,373400.0,314592.2
-118.24,33.78,24.0,574.0,173.0,784.0,162.0,2.25,NEAR OCEAN,2,152300.0,168609.04
-118.12,34.08,52.0,1437.0,290.0,980.0,282.0,5.3032,<1H OCEAN,4,245700.0,314100.045
-119.77,35.65,21.0,2403.0,483.0,1647.0,415.0,2.6066,INLAND,2,80000.0,68814.0
-117.1,32.72,5.0,1615.0,387.0,1094.0,394.0,2.2024,NEAR OCEAN,2,137200.0,133003.505
-121.86,37.41,16.0,1603.0,287.0,1080.0,296.0,6.1256,<1H OCEAN,5,266900.0,264625.505
-118.37,33.85,25.0,5622.0,998.0,2537.0,1009.0,5.785,<1H OCEAN,4,395300.0,352315.55
-118.76,34.26,26.0,1929.0,293.0,1067.0,320.0,5.4038,<1H OCEAN,4,222100.0,213722.5
-118.44,34.06,9.0,5102.0,1695.0,2609.0,1450.0,3.2545,<1H OCEAN,3,500001.0,309095.565
-121.88,36.49,28.0,2830.0,458.0,898.0,370.0,5.8142,NEAR OCEAN,4,500001.0,349518.065
-118.54,34.23,35.0,3422.0,601.0,1690.0,574.0,4.375,<1H OCEAN,3,232900.0,238793.5
-122.47,37.72,49.0,1690.0,307.0,770.0,294.0,4.5913,NEAR OCEAN,4,259700.0,258533.515
-117.27,33.18,4.0,3371.0,773.0,1481.0,627.0,2.9133,NEAR OCEAN,2,215700.0,195718.0
-121.85,37.4,23.0,1793.0,319.0,1145.0,310.0,5.5968,<1H OCEAN,4,243200.0,247818.0
-118.01,33.91,32.0,2722.0,571.0,2541.0,462.0,4.2305,<1H OCEAN,3,221400.0,182226.0
-122.69,39.04,9.0,254.0,50.0,66.0,29.0,2.7639,INLAND,2,112500.0,106486.5
-122.01,36.91,19.0,691.0,191.0,324.0,167.0,3.1312,NEAR OCEAN,3,388500.0,257610.535
-117.27,32.83,39.0,1877.0,426.0,805.0,409.0,3.875,NEAR OCEAN,3,410000.0,361546.655
-118.18,33.88,47.0,882.0,185.0,536.0,174.0,4.625,<1H OCEAN,4,163000.0,180186.0
-117.28,32.77,38.0,1267.0,340.0,442.0,250.0,4.3403,NEAR OCEAN,3,500000.0,390322.31
-119.34,34.39,27.0,669.0,131.0,314.0,106.0,2.4659,NEAR OCEAN,2,231300.0,203854.515
-119.65,36.34,47.0,1869.0,357.0,832.0,315.0,3.0846,INLAND,3,76100.0,78279.0
-118.42,34.0,31.0,1930.0,456.0,1002.0,410.0,3.9798,<1H OCEAN,3,458600.0,347575.095
-117.74,33.89,4.0,37937.0,5471.0,16122.0,5189.0,7.4947,<1H OCEAN,5,366300.0,356226.53
-118.34,34.0,49.0,2465.0,372.0,1018.0,359.0,4.0,<1H OCEAN,3,296800.0,204612.005
-119.28,35.5,28.0,3107.0,782.0,3260.0,738.0,1.6944,INLAND,2,58600.0,57733.0
-117.37,33.97,40.0,1166.0,250.0,976.0,244.0,1.95,INLAND,2,84800.0,102055.5
-117.82,34.05,21.0,4031.0,923.0,2558.0,834.0,3.1641,<1H OCEAN,3,117300.0,184069.5
-120.0,38.92,17.0,1106.0,207.0,466.0,180.0,3.3295,INLAND,3,126600.0,113238.0
-118.36,33.95,42.0,1116.0,303.0,1082.0,299.0,3.7237,<1H OCEAN,3,170800.0,184687.5
-117.17,34.05,29.0,4007.0,700.0,1576.0,696.0,3.1801,INLAND,3,149300.0,116294.5
-120.59,38.45,13.0,2944.0,558.0,1091.0,466.0,3.0,INLAND,2,119000.0,117962.5
-122.48,37.78,48.0,2835.0,728.0,1674.0,684.0,3.129,NEAR BAY,3,375000.0,356485.095
-117.98,33.73,22.0,4232.0,624.0,2408.0,660.0,6.6539,<1H OCEAN,5,284900.0,296825.01
-121.33,38.28,14.0,980.0,171.0,659.0,183.0,4.4306,INLAND,3,170100.0,144567.0
-122.15,37.44,52.0,1400.0,217.0,522.0,227.0,4.9861,NEAR BAY,4,500001.0,299792.555
-116.37,33.19,12.0,4890.0,1152.0,1289.0,570.0,2.5795,INLAND,2,98700.0,136302.0
-116.29,34.18,15.0,4203.0,966.0,1756.0,695.0,2.182,INLAND,2,60800.0,79947.5
-118.19,34.02,45.0,1535.0,432.0,1820.0,419.0,1.7801,<1H OCEAN,2,142800.0,141205.5
-122.04,36.96,44.0,1294.0,269.0,645.0,259.0,3.2437,NEAR OCEAN,3,223900.0,252665.5
-118.3,34.06,47.0,1390.0,872.0,2860.0,827.0,1.468,<1H OCEAN,1,137500.0,211922.5
-122.49,37.75,45.0,2341.0,461.0,1092.0,438.0,4.8036,NEAR OCEAN,4,297800.0,299539.505
-117.09,32.69,34.0,1469.0,267.0,1031.0,267.0,3.4583,NEAR OCEAN,3,112700.0,118653.0
-120.87,37.76,16.0,1174.0,249.0,601.0,242.0,1.7143,INLAND,2,113300.0,103631.5
-117.38,34.44,4.0,5083.0,867.0,2541.0,856.0,4.2414,INLAND,3,121400.0,148450.5
-117.66,33.61,17.0,3464.0,519.0,1713.0,530.0,6.0471,<1H OCEAN,5,248400.0,256395.5
-121.95,36.61,31.0,1736.0,250.0,497.0,170.0,6.3835,NEAR OCEAN,5,407800.0,418383.28
-121.9,37.1,23.0,1708.0,287.0,670.0,238.0,6.4517,<1H OCEAN,5,356600.0,299394.51
-121.3,38.02,16.0,2717.0,621.0,3343.0,643.0,2.5473,INLAND,2,106300.0,102074.5
-117.45,33.91,29.0,2320.0,422.0,1358.0,415.0,3.7333,INLAND,3,121400.0,116690.0
-122.96,38.26,20.0,1982.0,358.0,308.0,132.0,3.1429,NEAR OCEAN,3,240900.0,200980.5
-117.62,33.43,27.0,1835.0,413.0,1221.0,377.0,3.2232,NEAR OCEAN,3,247100.0,213769.5
-122.2,40.26,15.0,2102.0,358.0,957.0,371.0,3.1908,INLAND,3,137900.0,95780.0
-121.67,39.37,27.0,2599.0,502.0,1241.0,502.0,1.9943,INLAND,2,86300.0,75520.0
-119.66,34.44,26.0,2790.0,413.0,1014.0,397.0,6.5631,<1H OCEAN,5,500001.0,328656.52
-118.11,33.85,36.0,2418.0,389.0,1138.0,387.0,4.8393,<1H OCEAN,4,216300.0,223579.0
-117.69,33.47,13.0,2020.0,378.0,679.0,290.0,5.756,<1H OCEAN,4,305600.0,278019.035
-122.17,37.72,5.0,1692.0,398.0,814.0,328.0,3.663,NEAR BAY,3,158300.0,224133.505
-117.79,33.55,39.0,5066.0,1292.0,1915.0,1117.0,3.821,<1H OCEAN,3,452100.0,373255.16
-122.22,37.77,52.0,391.0,128.0,520.0,138.0,1.6471,NEAR BAY,2,95000.0,112713.515
-121.57,39.78,18.0,2221.0,459.0,952.0,440.0,2.0458,INLAND,2,105700.0,84175.0
-119.77,36.8,32.0,3461.0,665.0,1507.0,649.0,2.9244,INLAND,2,84600.0,72948.5
-117.23,33.24,26.0,1991.0,330.0,1014.0,304.0,4.3068,<1H OCEAN,3,240100.0,186796.01
-117.69,34.03,20.0,6374.0,1412.0,3690.0,1350.0,3.4184,INLAND,3,162500.0,138590.5
-117.42,34.0,32.0,1617.0,346.0,1153.0,385.0,3.016,INLAND,3,96600.0,109163.5
-117.2,34.5,10.0,4201.0,850.0,2378.0,808.0,2.1781,INLAND,2,92200.0,97123.5
-118.21,34.11,32.0,2759.0,499.0,1661.0,533.0,4.3812,<1H OCEAN,3,228200.0,252415.53
-120.44,34.97,26.0,1705.0,344.0,1605.0,307.0,3.7589,<1H OCEAN,3,113700.0,147401.5
-120.1,36.66,19.0,2020.0,416.0,1341.0,360.0,1.7,INLAND,2,69000.0,55564.0
-122.14,37.43,52.0,1383.0,227.0,551.0,249.0,6.5829,NEAR BAY,5,500001.0,430956.995
-122.21,37.49,24.0,2528.0,947.0,2437.0,861.0,2.2746,NEAR BAY,2,225000.0,190794.0
-117.67,34.1,28.0,1263.0,248.0,601.0,219.0,3.875,INLAND,3,174000.0,150892.5
-122.48,37.86,52.0,3914.0,752.0,1177.0,670.0,6.2113,NEAR BAY,5,500001.0,447587.535
-122.18,37.79,39.0,617.0,95.0,236.0,106.0,5.2578,NEAR BAY,4,253000.0,305260.02
-117.07,32.79,25.0,2489.0,314.0,911.0,309.0,7.8336,NEAR OCEAN,5,277600.0,386961.155
-118.0,33.91,19.0,5166.0,770.0,2374.0,753.0,5.979,<1H OCEAN,4,285200.0,304940.01
-122.33,37.93,34.0,2326.0,471.0,1356.0,441.0,2.3475,NEAR BAY,2,90300.0,107988.5
-117.17,33.34,15.0,3313.0,679.0,1022.0,564.0,2.7986,<1H OCEAN,2,189900.0,176718.0
-117.9,33.69,13.0,9947.0,1675.0,4071.0,1582.0,5.422,<1H OCEAN,4,316600.0,267566.53
-117.78,33.88,16.0,1800.0,238.0,871.0,234.0,6.6678,<1H OCEAN,5,301900.0,278408.02
-117.32,34.48,8.0,4627.0,887.0,2739.0,846.0,3.0204,INLAND,3,93100.0,102219.5
-118.26,33.97,47.0,1504.0,374.0,1168.0,358.0,1.4625,<1H OCEAN,1,94200.0,97964.5
-117.85,33.76,33.0,1866.0,327.0,1053.0,371.0,4.5461,<1H OCEAN,4,213800.0,201628.5
-117.93,34.06,35.0,1022.0,183.0,628.0,187.0,3.9375,<1H OCEAN,3,187500.0,181708.0
-122.45,37.78,52.0,3975.0,716.0,1515.0,691.0,5.0156,NEAR BAY,4,500001.0,471224.25
-122.42,37.74,52.0,2713.0,624.0,1370.0,594.0,4.6547,NEAR BAY,4,325700.0,324892.515
-117.29,33.05,28.0,1146.0,338.0,672.0,292.0,3.1667,NEAR OCEAN,3,300000.0,277853.6
-122.34,37.94,42.0,2206.0,451.0,989.0,444.0,3.125,NEAR BAY,3,143900.0,140573.0
-122.42,37.8,52.0,2852.0,581.0,838.0,510.0,8.0755,NEAR BAY,5,500001.0,490171.365
-117.0,32.67,16.0,2238.0,307.0,1002.0,303.0,6.6143,NEAR OCEAN,5,264100.0,328086.555
-115.57,32.85,33.0,1365.0,269.0,825.0,250.0,3.2396,INLAND,3,62300.0,81142.0
-121.18,39.19,16.0,1528.0,351.0,729.0,319.0,2.4688,INLAND,2,138800.0,130628.5
-118.28,33.92,37.0,742.0,151.0,729.0,144.0,3.055,<1H OCEAN,3,105400.0,115793.5
-115.57,32.85,17.0,1039.0,256.0,728.0,246.0,1.7411,INLAND,2,63500.0,68837.5
-117.55,33.83,6.0,502.0,76.0,228.0,65.0,4.2386,INLAND,3,500001.0,202712.5
-121.42,38.47,11.0,5665.0,1507.0,3422.0,1299.0,2.3343,INLAND,2,97800.0,113667.5
-117.43,34.08,31.0,3207.0,560.0,1582.0,538.0,4.263,INLAND,3,127400.0,142750.0
-122.17,37.77,30.0,3326.0,746.0,1704.0,703.0,2.875,NEAR BAY,2,135300.0,140638.5
-121.64,36.68,16.0,6568.0,1603.0,6012.0,1565.0,2.3463,<1H OCEAN,2,156100.0,134602.0
-118.28,34.18,47.0,2243.0,339.0,911.0,319.0,7.4046,<1H OCEAN,5,446800.0,457906.925
-121.54,39.12,17.0,4251.0,899.0,3265.0,934.0,2.3496,INLAND,2,65000.0,90676.0
-118.19,33.96,40.0,979.0,296.0,934.0,292.0,2.6354,<1H OCEAN,2,151800.0,155036.5
-117.12,32.77,43.0,2167.0,464.0,977.0,461.0,3.125,NEAR OCEAN,3,192200.0,175667.0
-118.37,33.97,21.0,3616.0,1060.0,2515.0,945.0,2.7464,<1H OCEAN,2,153100.0,189936.0
-116.99,32.79,26.0,3623.0,703.0,1609.0,669.0,3.744,<1H OCEAN,3,165800.0,169900.0
-122.25,37.77,52.0,2156.0,458.0,872.0,445.0,3.2685,NEAR BAY,3,254200.0,238603.005
-121.93,37.25,21.0,1354.0,289.0,639.0,273.0,4.5333,<1H OCEAN,4,234200.0,256375.505
-121.29,37.96,52.0,888.0,324.0,630.0,258.0,1.2411,INLAND,1,112500.0,80854.0
-119.03,35.39,28.0,4513.0,764.0,1593.0,763.0,2.9821,INLAND,2,118700.0,82565.5
-121.91,37.34,35.0,2189.0,607.0,1193.0,562.0,2.8042,<1H OCEAN,2,240900.0,218730.0
-121.89,37.3,47.0,1604.0,284.0,639.0,278.0,5.8415,<1H OCEAN,4,283300.0,352545.58
-120.92,37.63,39.0,45.0,8.0,22.0,9.0,1.7679,INLAND,2,450000.0,240604.285
-119.27,35.5,21.0,2171.0,483.0,1315.0,450.0,1.7105,INLAND,2,52100.0,56900.5
-120.31,37.29,40.0,1542.0,341.0,1283.0,341.0,1.6929,INLAND,2,55900.0,63392.0
-120.02,37.72,17.0,2806.0,600.0,990.0,410.0,2.3818,INLAND,2,88100.0,122059.5
-118.04,34.09,34.0,2597.0,461.0,1542.0,470.0,4.6211,INLAND,4,248900.0,250297.5
-120.24,39.67,52.0,296.0,63.0,143.0,56.0,3.625,INLAND,3,68600.0,139966.0
-118.14,34.16,36.0,2973.0,807.0,2846.0,784.0,2.6217,<1H OCEAN,2,156300.0,166232.0
-122.43,37.64,42.0,4091.0,757.0,1861.0,771.0,4.207,NEAR OCEAN,3,272700.0,287943.5
-118.39,34.04,52.0,1492.0,277.0,666.0,289.0,4.7386,<1H OCEAN,4,340400.0,340273.02
-118.17,34.18,44.0,1401.0,246.0,607.0,271.0,2.8472,<1H OCEAN,2,218800.0,192670.51
-119.56,36.51,9.0,3860.0,809.0,2157.0,770.0,2.5033,INLAND,2,70100.0,77920.5
-117.17,32.69,40.0,2236.0,331.0,767.0,316.0,5.3177,NEAR OCEAN,4,500001.0,377222.78
-120.08,38.8,34.0,1988.0,511.0,36.0,15.0,4.625,INLAND,4,162500.0,182526.5
-117.29,34.49,3.0,7689.0,1545.0,3804.0,1399.0,3.3871,INLAND,3,111800.0,113282.0
-121.0,37.67,27.0,2278.0,479.0,995.0,449.0,2.5148,INLAND,2,110200.0,113017.0
-119.8,36.65,34.0,2263.0,423.0,1184.0,407.0,1.7692,INLAND,2,74200.0,61380.0
-117.08,32.57,18.0,2203.0,544.0,1943.0,497.0,2.25,NEAR OCEAN,2,103200.0,128135.5
-120.7,35.55,10.0,3979.0,761.0,1834.0,671.0,3.5,<1H OCEAN,3,172100.0,182258.5
-117.35,34.13,26.0,3920.0,570.0,1862.0,552.0,3.7286,INLAND,3,132000.0,108053.0
-122.92,39.08,24.0,341.0,64.0,146.0,57.0,4.0,INLAND,3,166300.0,118085.0
-119.33,36.31,17.0,2401.0,409.0,1100.0,409.0,4.0577,INLAND,3,107300.0,106357.5
-116.98,33.77,12.0,5829.0,1309.0,2711.0,1118.0,1.9707,INLAND,2,107900.0,100421.5
-121.32,37.98,20.0,1591.0,589.0,1916.0,536.0,1.3531,INLAND,1,94600.0,87374.0
-120.6,37.35,34.0,1722.0,316.0,904.0,315.0,2.4653,INLAND,2,66100.0,92887.0
-118.08,33.93,39.0,859.0,164.0,673.0,172.0,3.7143,<1H OCEAN,3,158200.0,169121.5
-120.08,37.06,18.0,402.0,76.0,213.0,71.0,1.9063,INLAND,2,95800.0,108250.0
-117.22,33.93,14.0,5104.0,1026.0,3513.0,972.0,3.2148,INLAND,3,117000.0,115755.5
-122.74,38.45,17.0,3064.0,588.0,1704.0,590.0,3.9329,<1H OCEAN,3,170900.0,183428.5
-117.36,33.99,42.0,1178.0,261.0,804.0,283.0,2.9688,INLAND,2,92900.0,91954.0
-117.91,33.84,29.0,1570.0,482.0,1849.0,430.0,2.6563,<1H OCEAN,2,162500.0,167024.5
-118.11,34.0,24.0,2403.0,590.0,2103.0,547.0,2.7292,<1H OCEAN,2,193800.0,172480.0
-118.3,34.0,40.0,1131.0,281.0,859.0,230.0,1.1806,<1H OCEAN,1,134600.0,115340.0
-121.5,38.56,46.0,2646.0,645.0,1684.0,616.0,1.128,INLAND,1,123100.0,93064.5
-117.3,34.05,7.0,4672.0,1121.0,2534.0,1046.0,3.4228,INLAND,3,115700.0,118298.0
-121.97,38.04,38.0,2505.0,554.0,1595.0,498.0,2.5833,INLAND,2,83500.0,94997.0
-119.25,35.79,8.0,3271.0,797.0,2700.0,688.0,1.7418,INLAND,2,62200.0,67497.0
-119.34,36.3,13.0,2394.0,458.0,1177.0,389.0,2.6875,INLAND,2,74400.0,84535.0
-118.14,33.9,39.0,1379.0,282.0,883.0,291.0,3.3375,<1H OCEAN,3,180100.0,191147.5
-116.99,32.8,34.0,3657.0,538.0,1513.0,562.0,5.2907,<1H OCEAN,4,195800.0,210938.51
-118.09,34.18,34.0,3113.0,409.0,1139.0,418.0,10.2289,INLAND,5,500001.0,481223.295
-117.58,33.87,30.0,701.0,131.0,356.0,125.0,3.2917,INLAND,3,144300.0,130336.5
-121.28,38.13,32.0,3366.0,676.0,1916.0,697.0,2.5401,INLAND,2,125400.0,100987.5
-119.83,36.8,16.0,6101.0,1200.0,3407.0,1134.0,3.125,INLAND,3,80800.0,88781.5
-119.82,36.79,35.0,1474.0,291.0,709.0,294.0,2.6522,INLAND,2,65900.0,75365.0
-118.21,33.81,45.0,1816.0,398.0,1524.0,388.0,3.8586,NEAR OCEAN,3,157900.0,171065.0
-117.3,32.85,28.0,2334.0,694.0,770.0,552.0,3.1324,NEAR OCEAN,3,500001.0,306701.06
-121.91,37.32,42.0,1067.0,256.0,608.0,280.0,3.0096,<1H OCEAN,3,180800.0,239936.5
-118.13,33.79,44.0,2153.0,375.0,947.0,364.0,5.0072,NEAR OCEAN,4,236200.0,265144.02
-118.24,33.9,38.0,2055.0,442.0,1518.0,425.0,2.3382,<1H OCEAN,2,103000.0,120261.5
-117.81,33.74,24.0,2696.0,649.0,1908.0,626.0,3.3047,<1H OCEAN,3,216900.0,188444.0
-118.36,34.09,28.0,1111.0,300.0,526.0,294.0,2.6136,<1H OCEAN,2,383300.0,284963.57
-118.31,34.07,20.0,3264.0,1248.0,2919.0,1191.0,2.3674,<1H OCEAN,2,500001.0,320558.535
-120.95,39.93,26.0,2023.0,385.0,922.0,365.0,2.8125,INLAND,2,83500.0,79686.0
-122.65,38.47,24.0,2268.0,330.0,847.0,296.0,3.858,<1H OCEAN,3,214400.0,190409.0
-122.64,41.63,19.0,2722.0,479.0,1108.0,430.0,3.1062,INLAND,3,100000.0,87394.0
-121.47,38.49,17.0,3595.0,790.0,2760.0,770.0,2.3233,INLAND,2,78800.0,103263.0
-117.25,34.15,30.0,1770.0,380.0,990.0,348.0,3.3,INLAND,3,97600.0,98506.5
-118.37,34.18,42.0,1140.0,300.0,643.0,252.0,3.3958,<1H OCEAN,3,178400.0,215117.505
-118.87,34.23,14.0,4242.0,746.0,1858.0,689.0,6.0145,<1H OCEAN,5,287100.0,330953.565
-117.87,33.89,25.0,1142.0,162.0,486.0,150.0,7.1472,<1H OCEAN,5,270100.0,322629.05
-118.53,34.45,26.0,828.0,149.0,508.0,158.0,5.2374,<1H OCEAN,4,185500.0,242997.025
-119.63,36.35,4.0,1684.0,343.0,920.0,324.0,4.2396,INLAND,3,90600.0,110131.5
-121.88,37.33,35.0,3300.0,1154.0,3120.0,1075.0,1.473,<1H OCEAN,1,213600.0,201072.0
-121.21,37.81,18.0,2404.0,498.0,1531.0,506.0,2.995,INLAND,2,124300.0,129764.0
-117.23,32.88,18.0,5566.0,1465.0,6303.0,1458.0,1.858,NEAR OCEAN,2,205000.0,174550.505
-118.06,34.1,43.0,1833.0,355.0,786.0,334.0,3.5761,<1H OCEAN,3,256700.0,260988.0
-118.63,34.16,30.0,3346.0,487.0,1296.0,495.0,7.457,<1H OCEAN,5,392700.0,447319.34
-117.17,32.79,43.0,1269.0,297.0,946.0,285.0,2.1447,NEAR OCEAN,2,133300.0,173903.5
-122.17,38.06,16.0,3515.0,626.0,1764.0,626.0,4.4397,NEAR BAY,3,187100.0,192190.5
-118.33,33.86,38.0,914.0,176.0,519.0,174.0,6.0335,<1H OCEAN,5,255400.0,305559.07
-122.41,37.61,43.0,1934.0,303.0,847.0,300.0,4.7381,NEAR OCEAN,4,347400.0,335951.56
-121.3,38.11,5.0,5979.0,1190.0,2679.0,1084.0,4.196,INLAND,3,171700.0,153916.5
-122.27,37.82,40.0,946.0,375.0,700.0,352.0,1.775,NEAR BAY,2,112500.0,123787.5
-116.15,34.14,18.0,3312.0,705.0,1251.0,512.0,3.0139,INLAND,3,82600.0,88506.5
-119.0,35.36,35.0,1021.0,280.0,1258.0,239.0,1.7375,INLAND,2,48600.0,50936.0
-119.07,35.34,16.0,4201.0,786.0,1667.0,724.0,4.8839,INLAND,4,134100.0,139861.0
-118.14,33.9,26.0,2145.0,471.0,1150.0,429.0,3.5972,<1H OCEAN,3,225800.0,214946.5
-118.14,34.11,52.0,2742.0,422.0,1153.0,414.0,8.1124,<1H OCEAN,5,500001.0,483984.165
-118.37,34.06,52.0,2239.0,423.0,832.0,411.0,5.0858,<1H OCEAN,4,470000.0,424172.2
-118.15,34.09,52.0,2203.0,430.0,1238.0,403.0,4.4306,<1H OCEAN,3,225800.0,247349.505
-118.35,34.05,44.0,1856.0,493.0,1374.0,469.0,2.0984,<1H OCEAN,2,158000.0,207258.5
-121.28,38.71,8.0,4053.0,912.0,2033.0,897.0,2.8973,INLAND,2,117100.0,122606.0
-121.61,37.15,16.0,5498.0,729.0,2051.0,694.0,7.8601,<1H OCEAN,5,416300.0,411433.07
-120.31,37.64,11.0,2403.0,497.0,890.0,344.0,3.0,INLAND,2,120800.0,116216.0
-118.11,33.84,36.0,1463.0,257.0,722.0,260.0,4.8438,<1H OCEAN,4,226300.0,221504.5
-121.44,38.65,28.0,1219.0,240.0,559.0,212.0,3.8295,INLAND,3,122200.0,121130.5
-121.85,38.0,24.0,2269.0,584.0,1239.0,542.0,2.0411,INLAND,2,100000.0,97295.5
-122.22,37.48,47.0,2570.0,783.0,3107.0,724.0,2.8058,NEAR OCEAN,2,229500.0,234158.5
-120.89,37.59,33.0,1016.0,206.0,617.0,209.0,2.151,INLAND,2,195800.0,87286.5
-120.85,37.75,26.0,28.0,4.0,9.0,5.0,1.625,INLAND,2,85000.0,245747.74
-118.12,33.94,33.0,2394.0,576.0,1166.0,548.0,2.7317,<1H OCEAN,2,264700.0,196739.0
-122.05,37.31,25.0,4601.0,696.0,2003.0,666.0,8.0727,<1H OCEAN,5,455500.0,422052.225
-118.0,33.76,26.0,1876.0,455.0,1499.0,436.0,2.925,<1H OCEAN,2,176000.0,170860.5
-120.44,37.28,12.0,2855.0,598.0,1658.0,586.0,2.3929,INLAND,2,81100.0,91294.5
-122.12,38.0,20.0,6992.0,1404.0,3221.0,1334.0,4.2042,NEAR BAY,3,166400.0,184466.0
-119.02,35.32,14.0,2927.0,588.0,1821.0,561.0,3.3529,INLAND,3,82600.0,83504.5
-118.16,33.77,30.0,2800.0,757.0,1292.0,742.0,2.7614,NEAR OCEAN,2,272200.0,233492.5
-118.15,33.77,27.0,3043.0,787.0,1398.0,747.0,3.5528,NEAR OCEAN,3,271100.0,288728.53
-122.0,37.36,17.0,6012.0,1737.0,3539.0,1625.0,3.8464,<1H OCEAN,3,239400.0,261521.515
-118.17,33.92,36.0,2447.0,503.0,1532.0,498.0,4.3667,<1H OCEAN,3,171800.0,177341.0
-121.64,39.74,20.0,1808.0,334.0,763.0,335.0,2.3711,INLAND,2,121800.0,90356.5
-117.33,33.19,15.0,3672.0,845.0,1827.0,796.0,2.9716,NEAR OCEAN,2,173600.0,147330.0
-117.94,33.88,35.0,1694.0,296.0,679.0,282.0,4.3333,<1H OCEAN,3,239300.0,218118.0
-119.34,35.6,16.0,1584.0,309.0,1011.0,268.0,2.4961,INLAND,2,58800.0,71102.0
-122.27,37.88,52.0,1693.0,391.0,669.0,367.0,3.5417,NEAR BAY,3,287500.0,214822.0
-120.08,36.95,41.0,1164.0,211.0,476.0,171.0,2.4196,INLAND,2,70700.0,123607.0
-118.38,34.2,23.0,4138.0,1171.0,3911.0,1068.0,3.0125,<1H OCEAN,3,181700.0,190770.0
-121.34,37.96,23.0,2830.0,659.0,1554.0,654.0,3.0354,INLAND,3,113700.0,122409.5
-118.15,33.84,36.0,2987.0,491.0,1360.0,497.0,4.8013,<1H OCEAN,4,224100.0,225844.005
-121.98,37.82,18.0,9117.0,1248.0,3280.0,1167.0,8.003,<1H OCEAN,5,351300.0,394201.5
-119.51,34.4,24.0,3422.0,596.0,1763.0,601.0,5.2039,NEAR OCEAN,4,301300.0,323807.58
-122.18,37.75,45.0,330.0,76.0,282.0,80.0,4.0469,NEAR BAY,3,80700.0,181940.5
-117.21,33.93,4.0,10002.0,1468.0,5439.0,1397.0,5.0223,INLAND,4,152600.0,166477.0
-118.03,33.81,26.0,3635.0,567.0,1779.0,543.0,5.7089,<1H OCEAN,4,237400.0,246872.0
-117.03,32.69,5.0,3201.0,532.0,2061.0,536.0,5.0829,NEAR OCEAN,4,179400.0,198911.005
-118.05,34.14,39.0,2125.0,295.0,862.0,303.0,8.9728,INLAND,5,500001.0,457032.075
-122.76,38.44,11.0,2895.0,524.0,1633.0,534.0,4.7283,<1H OCEAN,4,170200.0,215830.0
-117.86,33.74,9.0,525.0,171.0,1257.0,165.0,3.375,<1H OCEAN,3,165300.0,148081.0
-121.88,37.26,13.0,1676.0,471.0,710.0,406.0,3.8936,<1H OCEAN,3,225900.0,252338.005
-117.92,33.74,18.0,1639.0,491.0,2513.0,458.0,2.1838,<1H OCEAN,2,159700.0,159001.0
-118.41,33.97,44.0,2298.0,388.0,849.0,360.0,5.5941,<1H OCEAN,4,363500.0,394110.225
-118.17,33.98,41.0,428.0,111.0,585.0,139.0,3.1786,<1H OCEAN,3,132100.0,148817.0
-122.46,37.78,52.0,4140.0,984.0,2030.0,892.0,3.4236,NEAR BAY,3,376800.0,433284.35
-122.79,39.02,23.0,642.0,203.0,265.0,84.0,1.8833,INLAND,2,96900.0,95417.0
-122.44,37.75,28.0,4930.0,1381.0,2232.0,1321.0,4.3232,NEAR BAY,3,316200.0,402767.06
-122.48,37.76,52.0,2684.0,574.0,1395.0,549.0,3.9097,NEAR BAY,3,323800.0,334983.0
-118.46,34.05,21.0,3639.0,1002.0,1489.0,983.0,4.6197,<1H OCEAN,4,387500.0,458870.595
-122.75,38.43,36.0,1599.0,345.0,1086.0,314.0,2.6667,<1H OCEAN,2,149100.0,153450.5
-118.51,34.11,29.0,9013.0,1117.0,2919.0,1061.0,13.947,<1H OCEAN,5,500001.0,500001.0
-117.94,33.64,24.0,1097.0,307.0,470.0,333.0,1.6389,<1H OCEAN,2,225000.0,168431.54
-118.44,34.22,36.0,1191.0,266.0,718.0,248.0,3.4612,<1H OCEAN,3,178800.0,194421.5
-122.28,37.82,52.0,1170.0,235.0,701.0,233.0,1.6098,NEAR BAY,2,87500.0,97641.5
-119.08,35.34,15.0,1474.0,235.0,768.0,238.0,4.1528,INLAND,3,130100.0,110449.5
-118.4,33.88,36.0,3022.0,482.0,1278.0,494.0,7.2651,<1H OCEAN,5,500001.0,450892.305
-117.95,33.89,17.0,1665.0,247.0,755.0,254.0,6.5764,<1H OCEAN,5,349000.0,293125.515
-119.04,35.35,31.0,1607.0,336.0,817.0,307.0,2.5644,INLAND,2,73000.0,75338.0
-117.31,32.98,17.0,2789.0,648.0,849.0,345.0,4.1012,NEAR OCEAN,3,244700.0,316522.57
-118.06,34.12,35.0,2053.0,369.0,1044.0,375.0,4.1875,INLAND,3,275400.0,249130.5
-122.46,37.71,52.0,1580.0,337.0,1425.0,330.0,4.0547,NEAR OCEAN,3,246200.0,235809.505
-117.69,33.61,16.0,3010.0,580.0,1649.0,538.0,4.0221,<1H OCEAN,3,236200.0,241310.0
-122.29,37.89,52.0,2178.0,421.0,940.0,423.0,5.0551,NEAR BAY,4,232200.0,322313.505
-117.28,35.13,32.0,671.0,166.0,856.0,114.0,2.6477,INLAND,2,53300.0,85079.0
-118.2,33.98,38.0,867.0,243.0,950.0,235.0,1.8929,<1H OCEAN,2,163100.0,161400.0
-116.44,34.12,18.0,5584.0,1303.0,2250.0,1158.0,1.5823,INLAND,2,72400.0,78536.0
-117.85,33.81,32.0,1766.0,322.0,876.0,330.0,4.0417,<1H OCEAN,3,234500.0,212999.0
-121.03,37.65,37.0,375.0,58.0,120.0,37.0,3.9844,INLAND,3,150000.0,141444.0
-118.3,34.0,52.0,1420.0,355.0,1080.0,353.0,1.5179,<1H OCEAN,2,116100.0,117565.0
-118.17,33.77,36.0,2933.0,881.0,2077.0,838.0,2.2538,NEAR OCEAN,2,181300.0,175972.0
-121.76,36.77,27.0,1608.0,503.0,2031.0,498.0,2.3384,<1H OCEAN,2,121000.0,140225.0
-122.22,38.09,47.0,2161.0,440.0,966.0,360.0,2.2734,NEAR BAY,2,88700.0,116493.5
-117.96,33.81,34.0,1416.0,277.0,980.0,284.0,4.7772,<1H OCEAN,4,182500.0,190289.0
-122.75,38.48,4.0,6487.0,1112.0,2958.0,1131.0,4.5417,<1H OCEAN,4,197400.0,209480.5
-118.19,33.91,43.0,1531.0,357.0,1509.0,376.0,2.6354,<1H OCEAN,2,128100.0,126582.0
-122.32,40.42,17.0,3019.0,578.0,1538.0,545.0,2.793,INLAND,2,76500.0,97237.0
-118.88,34.21,26.0,1590.0,196.0,654.0,199.0,6.5851,<1H OCEAN,5,300000.0,311999.025
-117.68,33.57,2.0,10008.0,1453.0,3550.0,1139.0,10.1122,<1H OCEAN,5,500001.0,448412.175
-118.42,34.29,34.0,1489.0,326.0,1389.0,313.0,3.4821,<1H OCEAN,3,160300.0,155607.0
-121.87,37.38,14.0,3851.0,534.0,2052.0,478.0,7.0735,<1H OCEAN,5,335600.0,333950.025
-117.13,32.75,20.0,2271.0,602.0,992.0,520.0,2.2599,NEAR OCEAN,2,157600.0,142800.505
-122.7,38.45,47.0,904.0,154.0,310.0,144.0,3.9766,<1H OCEAN,3,190600.0,209013.0
-117.74,33.61,17.0,2116.0,474.0,662.0,443.0,3.5625,<1H OCEAN,3,180800.0,263973.115
-122.36,37.96,39.0,246.0,57.0,316.0,52.0,0.716,NEAR BAY,1,104200.0,98248.525
-117.62,34.08,22.0,2626.0,631.0,1678.0,557.0,3.125,INLAND,3,111800.0,128324.0
-122.14,37.7,36.0,1266.0,228.0,606.0,239.0,3.9702,NEAR BAY,3,194100.0,197544.5
-122.25,37.5,44.0,348.0,79.0,154.0,73.0,4.7708,NEAR OCEAN,4,253800.0,337853.135
-121.36,38.57,26.0,1793.0,244.0,653.0,235.0,5.6485,INLAND,4,129500.0,220934.0
-117.41,33.94,33.0,2074.0,476.0,911.0,420.0,2.87,INLAND,2,117600.0,115568.5
-122.49,37.76,52.0,1382.0,230.0,708.0,279.0,5.8096,NEAR BAY,4,339800.0,369290.14
-118.14,33.77,51.0,2812.0,621.0,1171.0,566.0,3.875,NEAR OCEAN,3,342900.0,375126.01
-117.92,34.07,29.0,1699.0,399.0,1052.0,411.0,3.2122,<1H OCEAN,3,195500.0,190279.5
-121.61,39.13,21.0,1432.0,328.0,933.0,336.0,1.6823,INLAND,2,83800.0,80047.5
-122.04,38.25,38.0,1214.0,244.0,632.0,254.0,2.8438,INLAND,2,94200.0,102145.0
-122.94,39.1,18.0,681.0,120.0,272.0,105.0,2.8906,INLAND,2,140600.0,127313.0
-118.61,34.2,16.0,1718.0,467.0,896.0,475.0,3.6296,<1H OCEAN,3,160900.0,228407.0
-122.82,38.41,32.0,701.0,182.0,489.0,168.0,2.785,<1H OCEAN,2,169300.0,186544.5
-117.64,33.48,12.0,2007.0,397.0,1033.0,373.0,5.6754,<1H OCEAN,4,275900.0,270347.53
-118.18,33.78,26.0,3042.0,1253.0,4812.0,1141.0,1.7701,NEAR OCEAN,2,146200.0,168545.5
-118.24,34.15,7.0,2063.0,670.0,1892.0,643.0,1.7301,<1H OCEAN,2,202300.0,194533.505
-122.3,38.29,48.0,2278.0,477.0,1219.0,453.0,2.9643,NEAR BAY,2,154000.0,166421.505
-117.61,34.09,23.0,1945.0,362.0,1483.0,383.0,4.4205,INLAND,3,135500.0,145767.5
-122.46,37.7,42.0,876.0,216.0,713.0,203.0,3.84,NEAR OCEAN,3,235900.0,242761.0
-117.61,34.08,20.0,3550.0,736.0,2229.0,681.0,3.0199,INLAND,3,128800.0,121217.5
-121.87,37.28,21.0,3305.0,749.0,2459.0,701.0,3.9688,<1H OCEAN,3,249600.0,211774.0
-117.69,33.47,23.0,3499.0,722.0,1480.0,634.0,3.86,<1H OCEAN,3,300000.0,273163.065
-121.34,38.58,17.0,1605.0,258.0,748.0,262.0,5.0917,INLAND,4,134100.0,163372.0
-122.53,37.88,36.0,2688.0,485.0,1064.0,449.0,4.4583,NEAR BAY,3,308600.0,391680.17
-118.31,33.74,36.0,2464.0,472.0,1111.0,457.0,4.5074,NEAR OCEAN,4,350000.0,340825.015
-122.22,38.1,44.0,2256.0,451.0,1057.0,426.0,3.1204,NEAR BAY,3,110800.0,138041.0
-122.08,37.68,37.0,848.0,202.0,314.0,205.0,2.3958,NEAR BAY,2,190800.0,204723.015
-117.46,34.1,7.0,1759.0,473.0,1064.0,328.0,1.9583,INLAND,2,108800.0,124624.5
-121.36,38.4,18.0,4813.0,849.0,2333.0,843.0,4.175,INLAND,3,144400.0,150626.0
-122.27,37.84,52.0,1503.0,298.0,690.0,275.0,2.6033,NEAR BAY,2,162900.0,168430.0
-121.87,37.99,15.0,2203.0,312.0,1051.0,311.0,4.9783,INLAND,4,163900.0,175692.0
-117.1,32.69,35.0,1292.0,272.0,1183.0,272.0,2.0547,NEAR OCEAN,2,98000.0,90583.0
-118.21,33.93,33.0,2739.0,801.0,3423.0,741.0,2.2847,<1H OCEAN,2,132700.0,148527.5
-121.7,36.6,19.0,3562.0,530.0,1607.0,505.0,5.0162,<1H OCEAN,4,283100.0,243437.0
-122.32,37.54,34.0,3661.0,692.0,1608.0,656.0,5.0774,NEAR OCEAN,4,407200.0,353527.02
-118.02,33.74,26.0,3842.0,609.0,1961.0,595.0,6.128,<1H OCEAN,5,248200.0,272811.0
-123.48,40.34,19.0,518.0,108.0,216.0,80.0,2.7083,INLAND,2,64500.0,87773.0
-122.11,37.4,31.0,2836.0,490.0,1138.0,481.0,4.9519,NEAR BAY,4,500001.0,331624.605
-117.73,33.57,5.0,11976.0,2495.0,4327.0,2009.0,4.8488,<1H OCEAN,4,194400.0,259998.51
-118.33,34.03,39.0,2840.0,826.0,1911.0,688.0,1.9018,<1H OCEAN,2,137500.0,169504.0
-117.75,34.07,52.0,1548.0,348.0,1131.0,343.0,2.63,INLAND,2,127300.0,145239.5
-120.35,36.16,18.0,1519.0,296.0,846.0,272.0,2.7792,INLAND,2,85300.0,76952.0
-118.36,34.18,36.0,2233.0,605.0,1934.0,599.0,2.8784,<1H OCEAN,2,194900.0,198854.005
-120.84,35.35,27.0,2863.0,711.0,930.0,533.0,2.6205,NEAR OCEAN,2,221100.0,215707.51
-117.87,34.11,34.0,1324.0,211.0,799.0,228.0,4.5234,<1H OCEAN,4,192200.0,184901.5
-118.32,34.07,25.0,2740.0,707.0,1420.0,664.0,3.5909,<1H OCEAN,3,404500.0,387352.115
-121.63,39.15,27.0,2991.0,637.0,1419.0,606.0,1.8849,INLAND,2,73500.0,78195.5
-122.82,38.39,22.0,1288.0,243.0,593.0,220.0,3.625,<1H OCEAN,3,233700.0,196216.0
-117.41,33.96,32.0,2837.0,617.0,1393.0,595.0,2.3798,INLAND,2,118800.0,104594.0
-120.99,37.64,50.0,683.0,189.0,459.0,195.0,1.8162,INLAND,2,70000.0,88616.5
-117.12,33.15,7.0,2810.0,464.0,1564.0,457.0,4.4655,<1H OCEAN,3,182800.0,188734.0
-118.54,34.28,10.0,7665.0,999.0,3517.0,998.0,10.8805,<1H OCEAN,5,500001.0,499046.45
-118.32,34.01,50.0,1842.0,377.0,817.0,341.0,3.1548,<1H OCEAN,3,157700.0,156065.0
-121.23,38.04,32.0,1829.0,262.0,677.0,243.0,6.1805,INLAND,5,247900.0,215822.515
-122.12,37.29,11.0,436.0,70.0,212.0,75.0,8.6196,<1H OCEAN,5,500001.0,424145.74
-119.27,34.45,15.0,1659.0,274.0,679.0,253.0,5.0,<1H OCEAN,4,357900.0,273261.075
-119.55,36.61,14.0,3004.0,793.0,3535.0,735.0,1.586,INLAND,2,56900.0,66704.0
-117.81,33.71,16.0,2666.0,387.0,1227.0,347.0,7.3769,<1H OCEAN,5,302400.0,325903.505
-121.3,38.67,23.0,2145.0,340.0,1022.0,349.0,4.2037,INLAND,3,125400.0,139979.0
-121.96,37.03,17.0,1343.0,203.0,511.0,185.0,4.625,NEAR OCEAN,4,386400.0,290043.015
-117.28,33.2,11.0,1472.0,261.0,1012.0,285.0,4.21,NEAR OCEAN,3,175600.0,165647.5
-117.47,33.93,33.0,919.0,208.0,724.0,235.0,3.4028,INLAND,3,110500.0,107662.5
-118.38,34.14,42.0,1253.0,225.0,492.0,224.0,7.7112,<1H OCEAN,5,386700.0,458184.41
-121.45,38.37,32.0,1441.0,261.0,629.0,249.0,4.4519,INLAND,3,137500.0,140073.0
-121.9,37.41,24.0,4759.0,921.0,3188.0,902.0,5.6344,<1H OCEAN,4,228700.0,275458.505
-118.37,33.94,29.0,2265.0,813.0,3425.0,781.0,2.3675,<1H OCEAN,2,149400.0,180210.5
-119.03,35.35,34.0,1441.0,294.0,695.0,275.0,2.6875,INLAND,2,73700.0,73532.0
-122.41,37.81,25.0,1178.0,545.0,592.0,441.0,3.6728,NEAR BAY,3,500001.0,297814.09
-117.41,33.95,37.0,1586.0,283.0,675.0,305.0,2.9583,INLAND,2,132100.0,113073.0
-122.41,40.55,19.0,3753.0,761.0,1952.0,738.0,3.0954,INLAND,3,86500.0,102011.5
-118.36,34.16,42.0,2304.0,442.0,862.0,429.0,4.3542,<1H OCEAN,3,417900.0,311670.065
-117.13,33.15,16.0,3907.0,671.0,1759.0,663.0,3.1776,<1H OCEAN,3,172600.0,162530.0
-121.19,37.93,27.0,1621.0,363.0,909.0,345.0,2.1513,INLAND,2,99700.0,82267.5
-117.71,33.6,25.0,1949.0,459.0,602.0,428.0,2.7601,<1H OCEAN,2,72500.0,124679.5
-118.28,33.85,27.0,489.0,98.0,403.0,97.0,5.144,<1H OCEAN,4,180800.0,238890.02
-122.42,38.27,25.0,3282.0,566.0,1244.0,483.0,4.5313,NEAR BAY,4,308400.0,264639.5
-122.06,37.34,13.0,2057.0,466.0,790.0,436.0,5.0081,<1H OCEAN,4,288300.0,302122.53
-117.15,32.76,43.0,2361.0,489.0,824.0,470.0,3.4196,NEAR OCEAN,3,302200.0,245080.57
-117.88,33.77,31.0,2549.0,355.0,1044.0,362.0,6.9737,<1H OCEAN,5,288800.0,366994.605
-121.06,36.72,23.0,395.0,70.0,166.0,52.0,2.2132,INLAND,2,100000.0,115565.5
-122.4,37.73,42.0,1413.0,406.0,1027.0,362.0,2.3625,NEAR BAY,2,233000.0,215514.01
-117.05,32.58,22.0,2101.0,399.0,1551.0,371.0,4.1518,NEAR OCEAN,3,136900.0,154345.0
-118.37,34.16,11.0,2901.0,871.0,1659.0,789.0,3.1106,<1H OCEAN,3,209400.0,270095.02
-119.04,34.23,21.0,9807.0,1614.0,4199.0,1554.0,5.0145,<1H OCEAN,4,246600.0,285290.005
-120.07,36.96,32.0,1268.0,283.0,549.0,273.0,1.4511,INLAND,1,65200.0,65336.5
-122.31,37.5,22.0,14034.0,3020.0,6266.0,2952.0,4.3939,NEAR OCEAN,3,491200.0,346854.545
-118.8,34.15,9.0,1143.0,179.0,647.0,180.0,6.8474,NEAR OCEAN,5,356700.0,343528.13
-118.35,33.96,26.0,2773.0,681.0,1560.0,631.0,3.1354,<1H OCEAN,3,164300.0,194085.5
-117.25,34.13,35.0,861.0,148.0,381.0,138.0,2.5234,INLAND,2,88200.0,84025.5
-120.76,38.65,17.0,2319.0,430.0,1126.0,372.0,3.5511,INLAND,3,155900.0,141160.0
-117.51,34.14,21.0,2455.0,381.0,1094.0,327.0,4.6437,INLAND,4,191700.0,156134.0
-121.99,38.36,33.0,146.0,31.0,75.0,31.0,3.5179,INLAND,3,84400.0,167064.5
-122.61,38.24,25.0,2990.0,450.0,1335.0,434.0,4.7,<1H OCEAN,4,190100.0,225612.0
-121.4,38.66,50.0,880.0,150.0,1148.0,148.0,2.5062,INLAND,2,112500.0,88349.0
-121.83,37.29,20.0,1649.0,408.0,1729.0,362.0,3.3833,<1H OCEAN,3,115200.0,164259.5
-117.14,33.15,16.0,1129.0,198.0,758.0,178.0,5.0346,<1H OCEAN,4,174600.0,187662.0
-120.63,35.59,9.0,5782.0,1184.0,3026.0,1130.0,2.6528,<1H OCEAN,2,113500.0,144219.0
-121.87,37.31,6.0,3797.0,984.0,2437.0,904.0,3.6802,<1H OCEAN,3,152400.0,216836.5
-121.24,38.66,14.0,3335.0,440.0,1329.0,429.0,6.2082,INLAND,5,250300.0,209866.5
-122.13,37.7,43.0,3046.0,557.0,1333.0,544.0,3.4583,NEAR BAY,3,183700.0,200971.5
-118.68,34.08,18.0,102.0,17.0,55.0,21.0,3.9934,NEAR OCEAN,3,500001.0,379029.655
-122.53,38.01,27.0,3121.0,531.0,1318.0,489.0,5.4781,NEAR BAY,4,310900.0,325674.515
-122.07,37.67,27.0,3239.0,671.0,1469.0,616.0,3.2465,NEAR BAY,3,230600.0,211016.0
-119.82,36.76,46.0,2194.0,563.0,924.0,542.0,1.4028,INLAND,1,68500.0,64868.5
-122.27,37.53,43.0,1145.0,230.0,586.0,254.0,3.5,NEAR OCEAN,3,267400.0,322319.03
-117.88,33.87,21.0,1519.0,388.0,1203.0,366.0,3.2083,<1H OCEAN,3,145300.0,193116.0
-122.3,37.56,36.0,1379.0,228.0,750.0,227.0,5.5381,NEAR OCEAN,4,282000.0,298254.0
-120.69,37.77,46.0,431.0,86.0,239.0,80.0,3.3182,INLAND,3,282100.0,136051.5
-118.29,34.16,42.0,413.0,107.0,349.0,107.0,4.3438,<1H OCEAN,3,189800.0,250282.0
-122.08,37.58,15.0,2576.0,418.0,1657.0,410.0,5.5218,NEAR BAY,4,254400.0,236408.5
-120.69,35.62,35.0,3451.0,713.0,1550.0,653.0,2.9167,<1H OCEAN,2,161700.0,171897.0
-122.71,38.45,52.0,2259.0,537.0,957.0,520.0,2.1827,<1H OCEAN,2,188800.0,170229.5
-117.25,32.86,25.0,2911.0,533.0,1137.0,499.0,5.1023,NEAR OCEAN,4,500001.0,321624.565
-121.44,38.68,19.0,2476.0,534.0,1355.0,463.0,2.0625,INLAND,2,94400.0,98083.5
-118.37,33.84,35.0,1792.0,322.0,978.0,326.0,4.9583,<1H OCEAN,4,342800.0,347225.505
-118.32,34.26,24.0,5106.0,1010.0,2310.0,957.0,4.4375,<1H OCEAN,3,191500.0,257776.0
-120.66,35.28,31.0,2773.0,844.0,1358.0,794.0,1.4036,NEAR OCEAN,1,209600.0,228816.01
-118.14,34.07,42.0,1036.0,199.0,656.0,215.0,4.1902,<1H OCEAN,3,235000.0,231767.505
-118.33,34.18,48.0,2122.0,385.0,926.0,362.0,5.6975,<1H OCEAN,4,231400.0,320500.54
-122.3,38.27,4.0,1051.0,263.0,455.0,248.0,3.6389,NEAR BAY,3,130200.0,162773.5
-119.19,34.21,34.0,3413.0,693.0,2223.0,651.0,3.8239,NEAR OCEAN,3,208200.0,225099.0
-118.4,34.04,40.0,2079.0,268.0,720.0,282.0,9.272,<1H OCEAN,5,500001.0,499448.49
-118.44,34.22,41.0,1582.0,399.0,1159.0,378.0,2.825,<1H OCEAN,2,168600.0,177876.505
-122.26,37.77,52.0,2097.0,444.0,915.0,413.0,2.9899,NEAR BAY,2,228100.0,236577.005
-121.35,38.55,22.0,2607.0,411.0,1216.0,407.0,5.0427,INLAND,4,126900.0,158677.5
-121.44,38.73,25.0,1287.0,224.0,727.0,236.0,4.7396,INLAND,4,135500.0,149454.0
-118.61,34.73,25.0,3080.0,587.0,1558.0,510.0,5.0839,INLAND,4,156700.0,151144.5
-117.68,34.11,16.0,3190.0,471.0,1414.0,464.0,5.5292,INLAND,4,208600.0,196340.0
-121.66,37.11,19.0,3785.0,611.0,2198.0,610.0,5.1514,<1H OCEAN,4,436700.0,253525.0
-119.29,36.34,35.0,1235.0,369.0,1246.0,341.0,1.474,INLAND,1,71000.0,49627.5
-121.14,39.86,16.0,2534.0,557.0,638.0,244.0,2.2101,INLAND,2,88800.0,93448.5
-122.06,37.77,12.0,14316.0,2045.0,5781.0,2007.0,7.2634,NEAR BAY,5,341600.0,377345.125
-118.22,33.89,41.0,990.0,228.0,776.0,207.0,2.125,<1H OCEAN,2,120200.0,108965.0
-118.22,33.98,36.0,1514.0,453.0,1496.0,448.0,2.1044,<1H OCEAN,2,148200.0,142684.0
-122.13,37.45,37.0,2295.0,332.0,933.0,332.0,6.7257,NEAR BAY,5,500001.0,439440.3
-122.41,37.78,52.0,1534.0,763.0,1520.0,614.0,1.4554,NEAR BAY,1,375000.0,259800.03
-122.27,37.82,43.0,1007.0,312.0,558.0,253.0,1.7348,NEAR BAY,2,137500.0,114390.0
-117.15,34.48,31.0,265.0,55.0,186.0,55.0,2.125,INLAND,2,64800.0,109305.0
-122.65,38.48,17.0,1090.0,164.0,473.0,163.0,5.5061,<1H OCEAN,4,231800.0,276188.02
-118.34,33.94,36.0,2796.0,1041.0,4033.0,944.0,2.4886,<1H OCEAN,2,160700.0,159931.5
-117.8,33.69,14.0,1800.0,362.0,874.0,373.0,4.2083,<1H OCEAN,3,251000.0,243499.015
-122.27,38.53,22.0,678.0,137.0,336.0,103.0,4.4,INLAND,3,142500.0,226643.0
-121.33,37.98,9.0,2370.0,424.0,1129.0,386.0,5.143,INLAND,4,176500.0,174382.5
-119.06,34.22,13.0,4175.0,1321.0,2257.0,1271.0,3.1446,<1H OCEAN,3,177100.0,204326.005
-118.0,34.16,42.0,1020.0,156.0,398.0,157.0,6.101,INLAND,5,311800.0,359729.575
-121.33,37.98,36.0,3113.0,576.0,1746.0,544.0,3.4625,INLAND,3,84600.0,133198.0
-120.46,38.09,16.0,3758.0,715.0,1777.0,615.0,3.0,INLAND,2,122600.0,128416.0
-117.92,33.94,30.0,2506.0,394.0,1255.0,421.0,4.7813,<1H OCEAN,4,198200.0,198735.0
-117.87,33.6,35.0,1598.0,398.0,782.0,411.0,5.1155,<1H OCEAN,4,500000.0,380854.255
-117.59,33.67,29.0,1223.0,215.0,633.0,204.0,6.5143,<1H OCEAN,5,279800.0,358074.615
-121.8,37.26,26.0,1394.0,238.0,990.0,315.0,4.8862,<1H OCEAN,4,195000.0,220300.5
-120.95,38.79,12.0,3247.0,579.0,1459.0,517.0,4.3981,INLAND,3,202800.0,188642.0
-122.31,37.55,27.0,3931.0,933.0,1877.0,851.0,3.9722,NEAR OCEAN,3,354100.0,328110.51
-121.95,37.96,18.0,2739.0,393.0,1072.0,374.0,6.1436,INLAND,5,259500.0,217081.0
-119.64,34.43,32.0,1872.0,318.0,749.0,296.0,4.625,<1H OCEAN,4,500001.0,285397.6
-117.87,33.92,17.0,4575.0,764.0,2054.0,737.0,6.0571,<1H OCEAN,5,272400.0,284255.005
-117.22,32.82,35.0,756.0,135.0,423.0,136.0,3.5234,NEAR OCEAN,3,183900.0,211173.515
-121.99,37.33,33.0,2023.0,425.0,1016.0,405.0,3.9417,<1H OCEAN,3,285800.0,268952.0
-117.92,33.64,5.0,949.0,287.0,497.0,244.0,2.75,<1H OCEAN,2,225000.0,279087.0
-118.29,34.17,52.0,1732.0,305.0,875.0,311.0,4.325,<1H OCEAN,3,292600.0,279021.5
-119.31,36.63,26.0,1874.0,416.0,1834.0,432.0,1.6486,INLAND,2,55200.0,51940.5
-117.97,33.74,18.0,2814.0,539.0,1439.0,493.0,3.599,<1H OCEAN,3,262000.0,176896.0
-117.06,32.69,9.0,521.0,111.0,491.0,110.0,5.1305,NEAR OCEAN,4,158900.0,169649.505
-118.32,33.93,37.0,2379.0,462.0,1327.0,445.0,4.25,<1H OCEAN,3,172100.0,178381.0
-117.97,33.84,25.0,2471.0,518.0,1539.0,500.0,4.2679,<1H OCEAN,3,191700.0,198198.0
-121.89,36.6,40.0,626.0,164.0,337.0,150.0,2.7917,<1H OCEAN,2,225000.0,228853.0
-121.39,38.69,38.0,300.0,47.0,154.0,51.0,4.0909,INLAND,3,108300.0,121680.0
-121.48,38.56,44.0,1151.0,263.0,518.0,258.0,2.0089,INLAND,2,113600.0,101654.0
-116.95,32.81,15.0,2619.0,599.0,1513.0,537.0,2.543,<1H OCEAN,2,100000.0,128716.0
-118.75,34.42,28.0,1000.0,206.0,545.0,154.0,2.4167,<1H OCEAN,2,191700.0,241780.01
-117.16,34.06,33.0,2101.0,468.0,1997.0,412.0,2.8125,INLAND,2,117200.0,87972.0
-117.75,34.05,46.0,1480.0,358.0,1511.0,348.0,1.9718,INLAND,2,110600.0,101374.5
-119.87,36.79,8.0,2875.0,548.0,1718.0,551.0,3.6522,INLAND,3,80200.0,89965.0
-118.31,34.02,45.0,1423.0,278.0,822.0,276.0,2.4519,<1H OCEAN,2,98100.0,125003.0
-121.93,36.62,39.0,869.0,173.0,406.0,165.0,4.0313,NEAR OCEAN,3,253800.0,281250.505
-119.3,36.34,27.0,1515.0,358.0,1178.0,309.0,1.4432,INLAND,1,48100.0,52819.5
-117.62,34.11,31.0,2561.0,414.0,1204.0,435.0,4.4637,INLAND,3,192800.0,156515.0
-116.96,32.78,26.0,2807.0,630.0,1785.0,580.0,2.1638,<1H OCEAN,2,132800.0,131189.005
-117.96,33.75,22.0,2300.0,539.0,1625.0,542.0,2.78,<1H OCEAN,2,196300.0,177860.0
-117.7,33.47,20.0,1577.0,363.0,764.0,333.0,4.1563,<1H OCEAN,3,320800.0,257355.555
-118.4,34.03,24.0,1101.0,318.0,491.0,287.0,3.2222,<1H OCEAN,3,319400.0,309511.025
-122.08,37.03,36.0,4682.0,899.0,2143.0,832.0,4.5096,NEAR OCEAN,4,203700.0,265169.505
-122.38,37.71,47.0,1088.0,190.0,558.0,166.0,4.2708,NEAR BAY,3,207100.0,262478.005
-120.54,38.07,37.0,736.0,148.0,339.0,140.0,2.2875,INLAND,2,79900.0,114232.5
-118.35,34.11,33.0,7478.0,1678.0,2701.0,1500.0,4.1717,<1H OCEAN,3,500001.0,425523.505
-120.8,35.33,20.0,2200.0,393.0,996.0,365.0,3.587,NEAR OCEAN,3,330000.0,248215.0
-118.21,33.8,45.0,1160.0,274.0,1095.0,269.0,2.7308,NEAR OCEAN,2,139000.0,172179.0
-117.86,33.79,34.0,1883.0,408.0,1227.0,424.0,3.8929,<1H OCEAN,3,187500.0,199471.5
-121.39,38.58,41.0,2577.0,365.0,913.0,339.0,6.3406,INLAND,5,448300.0,271584.505
-117.16,32.81,34.0,2275.0,375.0,1021.0,379.0,3.6371,NEAR OCEAN,3,176300.0,181474.0
-118.28,33.92,37.0,1761.0,409.0,1309.0,357.0,2.1875,<1H OCEAN,2,175900.0,108556.0
-120.87,37.05,29.0,4176.0,779.0,2092.0,741.0,2.595,INLAND,2,104200.0,101346.5
-118.05,34.05,36.0,1084.0,202.0,920.0,199.0,3.7279,<1H OCEAN,3,162200.0,155654.5
-117.97,34.06,34.0,3580.0,684.0,2786.0,636.0,4.0469,<1H OCEAN,3,166800.0,185496.0
-118.15,33.92,28.0,1038.0,252.0,912.0,245.0,2.5875,<1H OCEAN,2,161200.0,159825.0
-118.25,34.12,11.0,1281.0,418.0,1584.0,330.0,2.8889,<1H OCEAN,2,153100.0,184041.0
-117.14,32.8,41.0,2423.0,469.0,1813.0,466.0,2.1157,NEAR OCEAN,2,156900.0,152766.505
-118.02,34.04,28.0,6175.0,1449.0,5041.0,1408.0,2.8821,<1H OCEAN,2,158100.0,181868.5
-124.16,40.79,52.0,1264.0,277.0,591.0,284.0,1.7778,NEAR OCEAN,2,76900.0,68515.0
-122.11,37.67,32.0,3028.0,811.0,2037.0,703.0,3.0645,NEAR BAY,3,165400.0,176842.5
-121.06,37.42,52.0,504.0,96.0,295.0,97.0,3.5,INLAND,3,73500.0,165467.0
-119.05,35.36,16.0,4507.0,1049.0,2261.0,959.0,3.3261,INLAND,3,118400.0,88629.5
-117.97,34.08,8.0,2027.0,480.0,1781.0,447.0,3.0806,INLAND,3,142400.0,138304.0
-117.82,33.88,15.0,5392.0,895.0,2531.0,827.0,6.2185,<1H OCEAN,5,280300.0,292618.505
-120.93,38.5,15.0,1248.0,234.0,529.0,216.0,3.3393,INLAND,3,107200.0,142411.5
-118.1,34.01,23.0,1724.0,576.0,1336.0,542.0,1.3365,<1H OCEAN,1,183300.0,168666.5
-122.3,40.58,19.0,1043.0,204.0,505.0,183.0,1.6033,INLAND,2,98800.0,74995.5
-118.28,33.73,39.0,2602.0,802.0,2178.0,737.0,2.0469,NEAR OCEAN,2,234500.0,201379.5
-119.17,34.21,33.0,1039.0,256.0,1432.0,272.0,3.1103,NEAR OCEAN,3,143500.0,182277.0
-118.31,33.99,49.0,857.0,196.0,694.0,228.0,2.895,<1H OCEAN,2,108000.0,151617.0
-119.44,38.53,20.0,1963.0,434.0,682.0,273.0,1.5817,INLAND,2,97800.0,102380.0
-117.32,34.12,37.0,2868.0,574.0,2055.0,563.0,2.3508,INLAND,2,70500.0,79322.5
-116.84,33.08,15.0,2755.0,519.0,1474.0,460.0,4.0408,<1H OCEAN,3,225900.0,177860.5
-122.42,37.65,39.0,4402.0,894.0,2941.0,887.0,3.8565,NEAR OCEAN,3,239800.0,281097.015
-117.19,33.69,3.0,6484.0,1037.0,3295.0,1074.0,4.5881,<1H OCEAN,4,136400.0,202511.005
-122.12,37.68,45.0,2179.0,401.0,1159.0,399.0,3.4839,NEAR BAY,3,180600.0,186003.0
-118.3,33.84,36.0,1428.0,268.0,825.0,250.0,4.7222,<1H OCEAN,4,239600.0,250291.0
-121.87,37.26,24.0,2383.0,343.0,1146.0,341.0,5.6223,<1H OCEAN,4,265700.0,269974.5
-121.84,37.98,8.0,7505.0,1089.0,3325.0,1016.0,5.2699,INLAND,4,204200.0,189128.5
-118.33,33.99,43.0,2224.0,550.0,1598.0,545.0,2.8274,<1H OCEAN,2,122500.0,152946.0
-117.19,32.82,35.0,1074.0,180.0,442.0,173.0,5.253,NEAR OCEAN,4,204000.0,322663.18
-118.06,33.8,20.0,1379.0,333.0,937.0,304.0,3.6217,<1H OCEAN,3,195300.0,206088.5
-121.98,36.98,29.0,2681.0,632.0,1652.0,620.0,3.075,NEAR OCEAN,3,215800.0,237222.0
-117.8,33.55,35.0,2067.0,428.0,724.0,377.0,5.8371,<1H OCEAN,4,500001.0,373015.68
-122.31,40.75,18.0,1411.0,330.0,494.0,227.0,1.4911,INLAND,1,75800.0,77664.5
-122.29,37.76,18.0,2873.0,763.0,1243.0,663.0,5.1702,NEAR BAY,4,265400.0,294544.03
-122.22,37.81,52.0,1971.0,335.0,765.0,308.0,6.5217,NEAR BAY,5,273700.0,373745.655
-118.31,34.0,47.0,1551.0,362.0,1329.0,322.0,1.9792,<1H OCEAN,2,116400.0,113531.0
-121.34,37.96,27.0,1839.0,442.0,2010.0,416.0,2.1284,INLAND,2,59400.0,71284.5
-122.21,37.78,52.0,1477.0,300.0,1065.0,269.0,1.8472,NEAR BAY,2,137000.0,118957.0
-122.34,40.51,16.0,2247.0,502.0,1206.0,463.0,1.9946,INLAND,2,119200.0,76634.0
-118.49,34.24,35.0,2707.0,446.0,1224.0,445.0,5.2939,<1H OCEAN,4,244200.0,243505.025
-118.36,33.93,30.0,1132.0,347.0,1433.0,341.0,2.68,<1H OCEAN,2,170000.0,192414.5
-117.67,33.57,18.0,1614.0,210.0,692.0,209.0,7.9294,<1H OCEAN,5,280300.0,321797.07
-118.23,34.21,50.0,309.0,47.0,121.0,45.0,6.213,<1H OCEAN,5,285000.0,311603.67
-116.31,33.65,8.0,3079.0,558.0,1572.0,474.0,4.5938,INLAND,4,102600.0,193294.5
-120.81,38.73,38.0,2005.0,385.0,882.0,353.0,2.5104,INLAND,2,120500.0,107107.0
-122.44,37.76,52.0,2959.0,683.0,1145.0,666.0,4.2222,NEAR BAY,3,361600.0,389323.58
-122.12,37.91,34.0,5683.0,755.0,1962.0,723.0,8.3678,NEAR BAY,5,455300.0,419907.16
-118.49,34.42,23.0,4166.0,756.0,2082.0,743.0,4.4107,<1H OCEAN,3,213400.0,220788.5
-118.31,33.93,35.0,1580.0,266.0,926.0,282.0,5.0653,<1H OCEAN,4,158000.0,198935.005
-117.97,33.94,36.0,1870.0,338.0,947.0,324.0,4.1205,<1H OCEAN,3,217000.0,192454.0
-115.51,32.99,20.0,1402.0,287.0,1104.0,317.0,1.9088,INLAND,2,63700.0,62663.5
-122.07,37.58,16.0,1644.0,251.0,1033.0,267.0,6.5116,NEAR BAY,5,244300.0,298061.5
-118.32,34.04,47.0,1989.0,532.0,1430.0,519.0,1.8333,<1H OCEAN,2,151100.0,165346.0
-117.42,33.95,32.0,4251.0,848.0,2494.0,798.0,2.8173,INLAND,2,110800.0,115406.0
-118.33,34.06,52.0,1368.0,231.0,737.0,248.0,8.3617,<1H OCEAN,5,433800.0,480689.71
-122.36,37.94,26.0,1540.0,343.0,1007.0,338.0,1.3365,NEAR BAY,1,72900.0,94835.0
-118.26,33.88,40.0,519.0,102.0,330.0,95.0,3.0972,<1H OCEAN,3,108500.0,134353.5
-122.23,37.88,41.0,880.0,129.0,322.0,126.0,8.3252,NEAR BAY,5,452600.0,431528.855
-117.89,33.89,17.0,1671.0,192.0,678.0,206.0,13.1107,<1H OCEAN,5,467600.0,486742.2
-117.22,33.36,16.0,3165.0,482.0,1351.0,452.0,4.605,<1H OCEAN,4,263300.0,211707.0
-120.83,35.36,28.0,4323.0,886.0,1650.0,705.0,2.7266,NEAR OCEAN,2,266800.0,239827.0
-122.05,37.31,25.0,4111.0,538.0,1585.0,568.0,9.2298,<1H OCEAN,5,500001.0,498285.47
-119.76,36.77,36.0,2507.0,466.0,1227.0,474.0,2.785,INLAND,2,72300.0,69250.0
-118.37,34.22,17.0,1787.0,463.0,1671.0,448.0,3.5521,<1H OCEAN,3,151500.0,167636.0
